first_name,last_name,company,title,domain,email,phone,industry,country,linkedin_url
Ahmed,Alsayyad,Abu Nayyan Group,Presales & Solutions Manager,abunayyangroup.com,ahmed-elsayad@abunayyangroup.com,966569539814,,Dammam,
Dennis,Ulanday,IICS,"Sr. Engineer, Pre-Sales & Solutions",iics-sa.com,dennis.ulanday@iics-sa.com,966502050075,,Dammam,
Omar,Jason T. Villa,IICS,Senior Estimation Engineer,iics-sa.com,omar.jason@iics-sa.com,966559861385,,Dammam,
Mohammed,Alholaimi,IICS,project Manager,iics-sa.com,mohammed.alholaimi@iics-sa.com,966505916068,,Dammam,
Osama,Abu Aisheh,IICS,Sr.Tendering Engineer,iics-sa.com,osama.abuaisheh@iics-sa.com,966595972911,,Dammam,
Maitham,Al-Dihnayn,IICS,Instrument & control engineer,iics-sa.com,maitham.aldihnayn@iics-sa.com,966560931088,,Dammam,
Mohammad,Al Bazzaz,IICS,project Manager,iics-sa.com,mohammad.albazzaz@iics-sa.com,966542717112,,Dammam,
Sanjiv,Prasad,Arabian Lojam Group,Technical Service Manager,arabianlojam.com,p.sanjiv@arabianlojam.com,966503526665,,Dammam,
Jose,Philip,Risal,Unit Head,risal.com,jose.philip@risal.com,966500135221,,Dammam,
Manikandan,Ganesan,Prudant,,prudentsolutions.net,manikandang@prudentsolutions.net,,,Dammam,
Sarmad,Alquraishi,Avanceon,Gulf Area GM,avanceon.ae,squreshi@avanceon.ae,971505580133,,Riyadh,
Shehrayer,Abdullah,Avanceon,regional sales Manager,avanceon.ae,sabdullah@avanceon.ae,966533224138,,Riyadh,
Amr,Eleanwar,Avanceon,regional sales Manager,avanceon.ae,aelanwar@avanceon.ae,966561612543,,Riyadh,
Amr,Mohamed Yakoup,Veolia Water Solutions,Electrical & Instrumentation Dept Manager,veolia.com,amr.yakob@veolia.com,966545536766,,Riyadh,
Asim,Alshawabkeh,Veolia Water Solutions,Senior electrical & Control Engineer,veolia.com,asim.alshawabkeh@veolia.com,966540556006,,Riyadh,
Ahmed,Ganainy,Veolia Water Solutions,Senior electrical & Control Engineer,veolia.com,ahmed.ganainy@veolia.com,966581133056,,Riyadh,
ABDULLAH,MOHAMMED HABRA,SES,+966 540716717,gmail.com,abdulla.habra@gmail.com,966540716717,,Riyadh,
MOHAMMAD,ALGHUBARI,Horizon,+966 548646464,horizons.us.com,mghubari@horizons.us.com,966548646464,,Riyadh,
Mohammed,Al-Ansari,Shouaa,+966 554126060,shouaa.com.sa,sm@shouaa.com.sa,966554126060,,Riyadh,
Yasser,Al-Nas,Middle East Battery Company,Procurement manager,clarios.com,yaser.alnas@clarios.com,966555374214,,Riyadh,
Saeed,Ali Jarfan,Middle East Battery Company,Procurement Engineer,clarios.com,saeed.2.jarfan@clarios.com,966138121221 Ext 1523,,Riyadh,
Abdallah,Rasheed,NAZCO,project Manager,gmail.com,abdallah.rashed.lotfi@gmail.com,966540830323,,Dammam,
Mohamed,Fayed,NAZCO,project Manager,gmail.com,m.a.fayed2020@gmail.com,,,Dammam,
Santosh,,Misc Global,Sales Manager,miscglobal.com,santosh@miscglobal.com,966555742018,,Dammam,
Islam,Fathy,East & West Factory,Project  Manager – EWF,atco.com.sa,islam.fathy@atco.com.sa,966502720309,,Dammam,
Sadiq,Basha,REDA Fire & Gas,Procurement Manager,redafire.com,sadiq.basha@redafire.com,966536778748,,Dammam,
Elvin,Gementera Cruz,JESCO,"Specialist, Contracts",jesco.com.sa,elvin.cruz@jesco.com.sa,966133504659,,Dammam,
Li,Zhihui,WISON,Construction Manager,wison.com,lizhihui@wison.com,966544263253,,Dammam,
Freddie,A Ungriano,EPPM,Procurement Engineer,eppm.com.tn,freddie.ungriano@eppm.com.tn,966546749241,,Dammam,
Devarajan,N Narayanan,SABIC-SAFCO,"Sr. Engineer, Control",safco.sabic.com,narayanand@safco.sabic.com,966133422852,,Dammam,
Abdelmalek,Drine,ZEECO Middle East,Electrical & control Engineer,zeeco.com,malek_drine@zeeco.com,966531130779,,Dammam,
Mohammed,Abdul Aziz,ZEECO Middle East,project Engineering Manager,zeeco.com,mohammed_aziz@zeeco.com,966501044335,,Dammam,
Kevork,Khadrlian,ZEECO Middle East,senior control & Instrumentation Engineer,zeeco.com,kevork_khadrlian@zeeco.com,966559629649,,Dammam,
Osama,Shehata,Dallah Trading Company – TRANE,Dept. Leader - Eastern Region,dallah-trading.com.sa,osama.shehata@dallah-trading.com.sa,966544259596,,Dammam,
Nassar,F. Mahmoud,Dallah Trading Company – TRANE,team leader - Central,dallah-trading.com.sa,nassar@dallah-trading.com.sa,966509053524,,Dammam,
Kedar,Kulkarni,ORBITUS Arabia Factory Co Ltd,Sales Manager,orbitusarabia.com,sales@orbitusarabia.com,966500608190,,Dammam,
Akram,Qutqut,Rawaby Electric,Area Sales Manager,rawabielectric.com,akram.qutqut@rawabielectric.com,966555287512,,Dammam,
Ahmed,Al Somali,CAMERON - Aschlumberger Company,Mid-Stream Account Manager -KSA,cameron.slb.com,somali@cameron.slb.com,966566629056,,Dammam,
Mohammed,Azam Saberi,Ma'aden Aluminium,"Sr. Engineer, Construction - Engineering",maaden.com.sa,saberim@maaden.com.sa,966536010119,,Dammam,
Mirza,Mohammed Ali Baig,Ma'aden Aluminium,"Specialist II, Procurement",maaden.com.sa,baigmi@maaden.com.sa,966133507353 ext  113-7353,,Dammam,
Mazen,GHOUMRAWI,"Napco Consumer Products Company, Ltd.",Hygiene Division Technical Manager,napconational.com,mazen.ghoumrawi@napconational.com,966533233970,,Dammam,
Marven,Cerezo,Zamil Cool Care,Electrical Engineer/ MRO-Jubail,coolcare.com.sa,marven.cerezo@coolcare.com.sa,966532083867,,Dammam,
Medhat,Mohamed,BallUAC-REXAM,,balluac.com,medhat.samir@balluac.com,,,Dammam,
Al-Tamimi,,Mohamed Fayad,Projects SalesEngineer,gpds.com.sa,m.fayadh@gpds.com.sa,966592002070,,Dammam,
Mohammed,Ghanem,Johnson Controls,Area projects Manager,jci.com,mohamed.ghanem@jci.com,966500244986,,Riyadh,
PadmaKumar,,omega Factory,Sr. Procurement Engineer,omega-abahsain.com,omega@omega-abahsain.com,966504131570,,Riyadh,
Ibrahim,Mohammed Bukhari,MARAFIQ,,marafiq.com.sa,bukhariim@marafiq.com.sa,143246800,,Yanbu,
ENG.,Manoj Kumar Mishra,First National O&M Co. Ltd (NOMAC),,nomac.com,manojmishra@nomac.com,173413405,,Jeddah,
Ali,Shareef Mohammed,WESSCO,,kindasa.com,ashareef@kindasa.com,,,Jeddah,
Akbar,ALI,CROWN Bevcan Europe & Middle East,,eur.crowncork.com,akbar.ali@eur.crowncork.com,535256866,,Jeddah,
Marc,,CONSOLIDATED CAN MAN. CO,,ccmc.com.sa,marc@ccmc.com.sa,536229092,,Jeddah,
Eng.,Waseem Ahmed,RABIGH OPERATIONS & MAINTENACE CO.,,nomac.com,waseem.ahmed@nomac.com,504143913,,Rabigh,
Ahmer,Bilal,Global Falcom Trading Company,,gfalcom.com.sa,ahmer.bilal@gfalcom.com.sa,+966568282190,,Jeddah,
Bashir,Ahmed,Bashir A. Dost Mohd. Cont. Est.,,bashirdost.com,info@bashirdost.com,,,Jeddah,
Ahmed,Khedr,AL SALEM YORK SERVICES CO. LTD(JCI),,jci.com,ahmed.khedr@jci.com,567817723,,Jeddah,
Umar,Usman,M Raqia Est,,mraqiya.com,sales@mraqiya.com,506324187,,Jeddah,
Eng.,Mostafa,AL HADA WATER CO. LTD.,,alhada.com.sa,qcm1@alhada.com.sa,507815303,,Jeddah,
Mohammed,Akber,National Biscuits & Confectionery,,nbcc.com.sa,akber@nbcc.com.sa,502007517,,Jeddah,
Eng.,Omar AL-Amri,King Fahd Glorious Quran Printing,,qurancomplex.gov.sa,omarawam@qurancomplex.gov.sa,541940020,,Saudi Arabia,
Abdul,Mateen Khan,PRINTOPACK Saudi Modern Packaging,,printopack.com.sa,purchasing@printopack.com.sa,564227203,,Jeddah,
Mousa,Abdulti,Jazzirah Environment Co.,,jeco.com.sa,m.abdulati@jeco.com.sa,0565344406,,Jeddah,
Fakher,Ahmed Siddiqui,Teamac Arabia Contracting,,teamac-arabia.com,fakher.siddiqui@teamac-arabia.com,560495220,,Jeddah,
Paulina,Palma-Krause,MARS Saudi Arabia,,effem.com,paulina.palma-krause@effem.com,,,Jeddah,
Oliver,Jose,Al Dousor International Company Ltd,,dousor-sa.com,oliver@dousor-sa.com,122840823,,Jeddah,
Eng.,Waqas Asim,AL-JOUF CEMENT COMPANY,,joufcem.com.sa,w.a.ali@joufcem.com.sa,,,Saudi Arabia,
Mohammed,Azeem Khan,"THABAT Construction Co., LTD.",,thabat.sa,mohammedazeem.khan@thabat.sa,502484226,,Jeddah,
Romeo,B. Romero,Arabian Chemical Company Ltd.,,eajb.com.sa,r.romero@eajb.com.sa,966-50-825-1433,,Jeddah,
Raed,Saleh,YANBU ARAMCO SINOPEC REFINING CO,,yasref.com,raed.saleh@yasref.com,,,Yanbu,
Rajasekar,S Raju,SAUDI BASIC INDUSTRIES CORPORATION,,yansab.sabic.com,rajurs@yansab.sabic.com,,,Yanbu,
Adeel,Faiz,Muhammad Adeel Faiz Ahmad Est.,,mafa-co.com,adeel@mafa-co.com,0507761212,,Jeddah,
Mahmoud,Abdelraouf,GIZA ARABIA,,gizasystems.com,mahmoud.abdelraouf@gizasystems.com,00966 561079284,,Riyadh,
Redwan,Reda,ARRY COMPANY FOR INVESTMENT & CONTR,,hotmail.com,arryinc@hotmail.com,+966 505447984,,Riyadh,
Jawwad,Kamran,AVANCEON FZE,,avanceon.ae,jkamran@avanceon.ae,0092 301 8452414,,"Dubai, UAE",
Abdullah,Alshahri,NATIONAL WATER COMPANY,,nwc.com.sa,amaalshehri@nwc.com.sa,505246782,,Riyadh,
Bandar,Aljabri,Middle East Food Solution Company,,mefsco.com,b.aljaberi@mefsco.com,555412752,,Riyadh,
Ali,,National Factory For Glass Bottles.,,zoujaj-glass.com,ali@zoujaj-glass.com,504259751,,Riyadh,
Abdul,Wahab,UNITED FOOD INDUSTRIES CORP. LTD. C,,deemah.com,a.wahab@deemah.com,534938097,,Riyadh,
Shakir,Haj,Coldstores Group of Saudi Arabia,,cgs.com.sa,shakir.hussein@cgs.com.sa,530519474,,Riyadh,
Faizal,Kandy,BACS,,bacsrmp.com,fckandy@bacsrmp.com,597477935,,Riyadh,
Jomy,Jose,National TriGeneration CHP Company,,sourceenergy.com.sa,j.jose@sourceenergy.com.sa,503690855,,Riyadh,
AbdulRahman,Kajo,AL FANAR COMPANY,,alfanar.com,abdulrahman.kajo@alfanar.com,551090226,,Riyadh,
Kumar,,OMEGA FACTORY FOR LUMINAIRES POLES,,omega-abahsain.com,kumar@omega-abahsain.com,504131570,,Riyadh,
Avinash,Gupta,"FCC Electromechanical, LLC",,fcc.es,avinashkumar.gupta@fcc.es,507674279,,Riyadh,
Noor,,Zainab Talab Al Muthairy Est,,gmail.com,alnaleera68@gmail.com,506694712,,Riyadh,
Asadullah,Khan,THYSSENKRUPP,,thyssenkrupp.com,asadullah.khan@thyssenkrupp.com,531567098,,Riyadh,
Niyas,Ali,VEOLIA Water Solutions &,,veolia.com,niyas.ali@veolia.com,564619234,,Riyadh,
Mahmoud,Bahgat,Abdullah N. ElMousa for Contg. Est.,,yahoo.com,m.bahgat81@yahoo.com,543999693,,Riyadh,
Ahmed,Mousa,Mohammed abdullah alsayegh,,gmail.com,ahmedelkelawy2014@gmail.com,598853385,,Riyadh,
John,Farley,Samsung C&T Corporation S.A,,samsung.com,jf.pesigan@samsung.com,59 727 9393,,Riyadh,
Surya,rao,Saudi Ceramic,,saudiceramics.com,suryarao.k@saudiceramics.com,503871904,,Riyadh,
Ayoob,,Saudi Ceramic,,saudiceramics.com,ayoob.km@saudiceramics.com,555382198,,Riyadh,
Sameer,Alqubati,Engineering Products Trading Est.,,epe-ksa.com,info@epe-ksa.com,+966 55 5271928,,Riyadh,
Bashir,AL qahtani,MEMCO,,memco.com.sa,bashir.alqatanani@memco.com.sa,966 544428485,,Riyadh,
Supply,Chain Manager,SONOCO SAUDI ARABIA LIMITTED,,sonoco.com,mohammed.habib@sonoco.com,.+966 5513 99860,,Jeddah,
Tendering,& Proposals Engineer,AL KAWTHER INDUSTRIES CO. LTD.,,alkawther.com,samerali@alkawther.com,966 (12) 6360644 Ext.233,,Jeddah,
Instrumentation,& Control Engineer,Al-Fatah International for Water,,rawafid.sa,aali@rawafid.sa,966) 59 505 0181,,Jeddah,
Plant,Manager,Basic Chemicals National Company,,cmdc.com.sa,sajid@cmdc.com.sa,501932761,,Jeddah,
Sr.,Procurement Officer,SUIDO KIKO MIDDLE EAST,,suikime.com,e-esmat@suikime.com,966 2 6608427  Ext.: 243,,Jeddah,
Engineering,Manager,CONSOLIDATED CAN MAN. CO,,ccmc.com.sa,john.thomas@ccmc.com.sa,966 53 622 9092,,Jeddah,
Project,Engineer (Automation),SAUDI ARAMCO COMPANY,,aramco.com,abdulaziz.suwaied@aramco.com,505481816,,Jeddah,
Sr.,Material Coordinator,SAUDI ELECTRICITY COMPANY,,se.com.sa,2019177@se.com.sa,966 566641176,,Jeddah,
Senior,Project Engineer,AL SALEM YORK CO.,,jci.com,adel.abobakr@jci.com,966) 56 06 444 20,,Jeddah,
Purchasing,Team Leader,AL SALEM YORK CO. (JCI),,jci.com,ibrahim.kapadia@jci.com,00966 12 2288051,,Jeddah,
Maintainance,Engineer,Del Monte Saudi Arabia Co. Ltd.,,freshdelmonte.com,msullahkhan@freshdelmonte.com,537023223,,Jeddah,
Manager,,FERASCO – Feras Mohammad Najeeb Est,,feras-co.com,nadeembutt@feras-co.com,00 966 (0) 505 105 928,,Jeddah,
Project,Procurement Manager,"THABAT Construction Co., LTD.",,thabat.sa,muhammad.arshad@thabat.sa,966 551694674,,Jeddah,
Senior,Electrical Maintenance Technician,MARS Saudi Arabia,,effem.com,alexander.macas@effem.com,966 592670834,,Jeddah,
Procurement,"Supervisor,",WESSCO,,kindasa.com,sadaqat@kindasa.com,966(0)505582159,,Jeddah,
Purchasing,Manager,MAADEN PHOSPHATE COMPANY (LLC),,maaden.com.sa,narangs@maaden.com.sa,553446706,,Jeddah,
Project,Engineer (Automation),Siemens Company Limited,,siemens.com,mohammed.alqassim@siemens.com,966 56 563 5452,,Jeddah,
Purchaser,– MRO and FCM,Tetra Pak Arabia,,tetrapak.com,nour.hejazi@tetrapak.com,560972017,,Jeddah,
Maintainence,Head,National Biscuits & Confectionery,,nbcc.com.sa,nikam@nbcc.com.sa,506611682,,Jeddah,
Purchasing,Manager,Aloyoun Water Factory Co. Ltd.,,aloyoun.com.sa,info@aloyoun.com.sa,966 2 6081404,,Jeddah,
Purchasing,Agent,NASR Packaging & Printing CO.,,nasrpac.com,mail@nasrpac.com,966-555356983,,Jeddah,
Purchasing,Manager,AL-JOUF CEMENT COMPANY,,joufcem.com.sa,m.h.gulraiz@joufcem.com.sa,(+966) 508376224,,Jeddah,
Maintainence,Head,National Factory for Can Ends Ltd,,nafcel.com.sa,kamran.sohail@nafcel.com.sa,543361037,,Jeddah,
Maintainence,manager,AQUAT FOOD INDUSTRIES CO. LTD.,,aquatfoods.com,eng@aquatfoods.com,580910533,,Jeddah,
General,manager,M. RAQIYA EST.,,mraqiya.com,avhora@mraqiya.com,506651730,,Jeddah,
Project,Engineer,SAMREF(S.ARAMC0 M.REF.CO),,samref.com.sa,muhammad.b.mughal@samref.com.sa,966143964658,,Jeddah,
Technical,Engineer,Ma’aden Barrick Copper Company,,mbcc.com.sa,vincent.vanwyk@mbcc.com.sa,966 53 140 7819,,Jeddah,
Plant,"Manager,",United Compounding Industrial Co.,,ucic.sa,y.jawalgekar@ucic.sa,966 (0) 555 028 573,,Jeddah,
Senior,Proposal Engineer,ARABIAN BEMCO CONTRACTING,,bemco.net,hatem.alhaj@bemco.net,966 59 9019989,,Jeddah,
,,Osama Abdul Aziz Al-Dahishi Factory for Car Bodies,,aldheeshi.com,info@aldheeshi.com,0505450758,صنع المركبات ذات المحركات والمركبات المقطورة ونصف المقطورة,Al Kharj,
,,Al-Jeathen Factory for Steel Industries,,aljeathen.com,mubarak@aljeathen.com,0504270970,صنع المركبات ذات المحركات والمركبات المقطورة ونصف المقطورة,Al Kharj,
,,Al-Etihad International Co. Factory for Metal Industries,,hotmail.com,vip_z55z@hotmail.com,0594111120,صنع المركبات ذات المحركات والمركبات المقطورة ونصف المقطورة,Al Kharj,
,,Abdel Rahman Mohamed Al-Ruwaished Factory for Metal Products,,hotmail.com,rowish_acv@hotmail.com,0553075709,صنع المركبات ذات المحركات والمركبات المقطورة ونصف المقطورة,Al Kharj,
,,Saudi Bus Factory,,owaidah.com.sa,industry@owaidah.com.sa,0504488444,صنع المركبات ذات المحركات والمركبات المقطورة ونصف المقطورة,Riyadh,
,,Saudi Arabia Hale Tralor Company Limited,,heiltrailer.com,smohammed@heiltrailer.com,0535259069,صنع المركبات ذات المحركات والمركبات المقطورة ونصف المقطورة,Riyadh,
,,Al-Matroudi Car Bodies Factory,,hotmail.com,fahadsalah24@hotmail.com,0553222284,صنع المركبات ذات المحركات والمركبات المقطورة ونصف المقطورة,Riyadh,
,,Al-Shamrani company (Push-Pull Tractors Factory),,hotmail.com,shamrany_jed@hotmail.com,0500006597,صنع المركبات ذات المحركات والمركبات المقطورة ونصف المقطورة,Jeddah,
,,Eysar Factory for Fire Extinguishing and Safety Equipment,,gmail.com,faisal13456@gmail.com,0582999999,صنع المركبات ذات المحركات والمركبات المقطورة ونصف المقطورة,Jeddah,
,,Al-Namy Trailers Factory,,hotmail.com,alnmi_99@hotmail.com,0553444748,صنع معدات النقل الاخرى,Jeddah,
,,Abdullah Mohamed Al-Saadi Factory for Metal Industries,,hotmail.com,f.m.aloufi@hotmail.com,0555548989,صنع المركبات ذات المحركات والمركبات المقطورة ونصف المقطورة,Jeddah,
,,Abdo Zayed Ali Al-Shemeri Factory for Metal Industries,,yahoo.com,alriyadh_consultant@yahoo.com,0505697584,صنع المركبات ذات المحركات والمركبات المقطورة ونصف المقطورة,Jeddah,
,,Saeed Hassan Al-Qahtani United Factory for Trailers,,hotmail.com,mm4535@hotmail.com,0560566661,صنع المركبات ذات المحركات والمركبات المقطورة ونصف المقطورة,عسيـــر,
,,Saudi Rock Wool Factory,,sudirockwool.com,eidi_sulaiman@sudirockwool.com,0509994555,صنع منتجات المعادن اللافلزية الأخرى,Al Kharj,
,,مصنع أسلم أنصار أنصاري لانتاج اللحف والمخدات,,hotmail.com,aansari5026@hotmail.com,0505491660,صنع المنسوجات,Al Kharj,
,,El-Idrissi Textile Co.,,yahoo.cpm,im2006@yahoo.cpm,0552288390,صنع المنسوجات,Al Kharj,
,,Arabian Company for Comforters and Pillows  (ACCP),,satex.com.sa,accp@satex.com.sa,0505405516,صنع المنسوجات,Riyadh,
,,Saudi Shemagh Factory,,hotmail.com,alajlan2000@hotmail.com,0509996786,صنع الملبوسات,Riyadh,
,,National Polyester Fiber Factory,,ayed-sa.com,info@ayed-sa.com,0505559335,صنع منتجات المطاط والبلاستك,Riyadh,
,,Al-Abdullatif Industrial Investment Company,,carpets.com,jaber@carpets.com,0505757403,صنع المنسوجات,Riyadh,
,,Obeikan Technical Fabrics Co. (OTF),,obeikan.com.sa,zayed@obeikan.com.sa,0541244376,صنع المنسوجات,Riyadh,
,,Badia Spinning & Weaving Co.,,badia.com.sa,info@badia.com.sa,0509997013,صنع المنسوجات,Riyadh,
,,Khaldoun Industrial Co. (Weaving & embroidery Factory),,yahoo.com,khaldoon_factory@yahoo.com,0505479526,صنع المنسوجات,Riyadh,
,,Safi Leather Factory,,hotmail.com,safyleather@hotmail.com,0504675308,صنع منتجات المعادن المشكلة، باستثناء الالات والمعدات,Riyadh,
,,Ahmed Mohammed Bukari & Partner Factory Company for Pillows and Bedspreads,,yahoo.com,ama_bukhari@yahoo.com,0504494875,صنع المنسوجات,Riyadh,
,,Adeem Uniforms Company,,hotmail.com,adeemadeem@hotmail.com,0504161615,صنع الملبوسات,Riyadh,
,,Alyaf Readymade Garments and Gowns Manufacturing Factory,,yahoo.com,alyafgorp@yahoo.com,0505206475,صنع الملبوسات,Riyadh,
,,Zarawat Factory for Ladies Abayas &  Veils,,hotmail.com,f.c.ksa@hotmail.com,0555504443,صنع الملبوسات,Riyadh,
,,Zou Jenahain Factory for Ready-made Garments,,hotmail.com,z.janaheen@hotmail.com,0504442359,صنع الملبوسات,Riyadh,
,,Sultan Stockings Factory,,hotmail.com,falcon.sultan@hotmail.com,0505413681,صنع الملبوسات,Riyadh,
,,Riyadh Labs Factory for the Velvety Production,,rvf.sa,abdullah@rvf.sa,0553377774,صنع المنسوجات,Riyadh,
,,Omar Abdel Latif & Partner  Factory for Ready-made Garments,,hotmail.com,aqader_l@hotmail.com,0502433918,صنع الملبوسات,Medina,
,,Mohamed Fathi Company & Partner for Textile Industry,,elsharktex.com,mohamed@elsharktex.com,0546688806,صنع المنسوجات,Medina,
,,Ahmed Saeed Kalash & Partners Factory for Ghutra and Clothing,,hotmail.com,kalashgotra@hotmail.com,0554043044,صنع الملبوسات,Medina,
,,Siddiq Saleh Farsi Sons Co. Factory for Uniforms,,hotmail.com,sfarsisons@hotmail.com,0555300308,الصناعات التحويلية الأخرى,Medina,
,,Tiba Carpet Factory,,hotmail.com,teiba-carpet@hotmail.com,0507999111,صنع المنسوجات,Medina,
,,مصنع عبدالعزيز عبدالرحمن العياف للمشالح والفراء,,hotmail.com,ayyaf2014@hotmail.com,0555708449,صنع الملبوسات,Medina,
,,Mashaleh Elbadr Factory,,m-albader.com,info@m-albader.com,0555322001,صنع الملبوسات,Medina,
,,Noor Tiba Shoes Factory,,windowslive.com,basem822@windowslive.com,0503335822,صنع المنتجات الجلدية والمنتجات ذات الصلة,Medina,
,,Yusuf Ali Al-Maghzaoui Factory for Polystyrene Products,,hotmail.com,yosf-fac@hotmail.com,0505314894,صناعة المنتجات الغذائية,Medina,
,,Turkieh Ali Al Faye Factory for Garments,,hotmail.com,h.saif.5@hotmail.com,0554513131,صنع الملبوسات,Jazan,
,,Saudi Yarn and Knitting Technology Factory,,nafa.net,syntech@nafa.net,0557603734,صنع المنسوجات,Jeddah,
,,National Factory for Polystyrene Packs Co. Ltd (StyrenPack),,styrenpack.com,styrene@styrenpack.com,0505627479,الصناعات التحويلية الأخرى,Jeddah,
,,Abul Saud Furniture Factories Co.,,abouseoud.com,sales@abouseoud.com,0505608806,صنع المنسوجات,Jeddah,
,,Modern Textile Supplies Factory Company,,asiig.com,hadeel@asiig.com,0564061001,صنع المنسوجات,Jeddah,
,,Jeddah Industrial Yarn Factory Co.,,al-sorayai.com,ali.katheri@al-sorayai.com,0552121242,صنع المنسوجات,Jeddah,
,,Jeddah Plastic Textile Factory Co.,,moussallati.com,makool@moussallati.com,0505693344,صنع منتجات المطاط والبلاستك,Jeddah,
,,Al-Dawaa Medical Services Co. Ltd.,,al-sorayai.com,carpet2@al-sorayai.com,0552121242,صنع المنسوجات,Jeddah,
,,Fast Carpet Ltd. Factory,,al-sorayai.com,ali.katheri@al-sorayai.com,0552121242,صنع المنسوجات,Jeddah,
,,Modern Mattresses and Beds Factory,,sleebhigh.com,info@sleebhigh.com,0555642469,صنع المنسوجات,Jeddah,
,,Tetra Factory for Carpet And Furniture Fabrics,,saudionline.com.sa,tatrarug@saudionline.com.sa,0505450911,صنع المنسوجات,Jeddah,
,,Dessar Factory for Textile Industry,,desargroup.com,w.tayaran@desargroup.com,0505611255,صنع المنسوجات,Jeddah,
,,Lebsy Moda  Factory for Ready-made Garments,,gmail.com,fnoonalmoda@gmail.com,0554656663,صنع الملبوسات,Jeddah,
,,Jamal Hussein Habtoor Garments Factory,,hotmail.com,habtoor.est@hotmail.com,0500005438,صنع الملبوسات,Jeddah,
,,Al-Fayhaa Modern Factory for Socks,,hotmail.com,mazen.82@hotmail.com,0509837966,صنع الملبوسات,Jeddah,
,,Attia Betaa Al-Boshra  Factory for Ready-made Garments,,gmail.com,aljeel01@gmail.com,0544151516,صنع الملبوسات,Jeddah,
,,Mohamed Saeed Kaaki Factory for Polyester and Linens,,gmail.com,msskaki.polyester@gmail.com,0505646800,صنع الاثاث,Jeddah,
,,Marwan Mahmoud Saadoun Factory for Uniforms,,hotmail.com,magst100@hotmail.com,0504599103,صنع الملبوسات,Jeddah,
,,Al-Kafela Factory for Manufacturing Media Advertising Panels,,alnasseej.com,fahad@alnasseej.com,0505646186,صنع المنسوجات,Jeddah,
,,Branch of Ahmed Mohamed Bukhari & Partners Co. Factory for Pillows and Bedspreads,,yahoo.com,alhuda_jed@yahoo.com,0504690815,صنع المنسوجات,Jeddah,
,,مصنع البركة لإنتاج اللحف والمخدات,,hotmail.com,albarakah111@hotmail.com,0505678648,صنع المنسوجات,Jeddah,
,,"Mohamad Munaf Abdul Sattar Ibrahim Factory for Polyester, Quilts & Pillows",,hotmail.com,saadmunaf7@hotmail.com,0504325712,صنع المنسوجات,Jeddah,
,,Qaddah Ali Al-Shibli  Factory for Ready-made Garments,,hotmail.com,alshebli100@hotmail.com,0500855455,صنع الملبوسات,عسيـــر,
,,Textile & Readymade Garments Co. Factory,,saudithobe.com,info@saudithobe.com,0505523744,صنع المنسوجات,Makkah,
,,Road Technology co. factory for Enhanced Asphalt,,redanational.com,yousef.alrashid@redanational.com,0533002844,صنع المواد الكيميائية والمنتجات الكيميائية,Al Bahah,
,,Saudi Factory for the Production of Re-Refined Motor Oils,,hotmail.com,saud_sa99@hotmail.com,0505440509,صنع فحم الكوك والمنتجات النفطية المكررة,Al Kharj,
,,Petrol Nas Factory co. for producing and re-refining oil,,gmail.com,abdu03466@gmail.com,0504447760,صنع فحم الكوك والمنتجات النفطية المكررة,Al Kharj,
,,Ahmed Ali Al-Ghamdi Factory for Engine Oils,,hotmail.com,ads_22sd@hotmail.com,0554124744,صنع منتجات المطاط والبلاستك,Al Kharj,
,,Reliable Oils and Lubricants Factory for Chemicals,,upcmails.com,upc@upcmails.com,0505297776,صنع المواد الكيميائية والمنتجات الكيميائية,Al Kharj,
,,Saudi Oils Company Factory,,hotmail.com,hkiic1261@hotmail.com,0504242448,صنع المواد الكيميائية والمنتجات الكيميائية,Al Kharj,
,,Khaled Abdulaziz Al-Zir Factory for Re-refining Used Oils,,gmail.com,egabcenter@gmail.com,0500040576,صنع فحم الكوك والمنتجات النفطية المكررة,Al Kharj,
,,Rawasi Al-Assema  Factory for Lubricants and Asphalt Products,,hotmail.com,x.tarat.x@hotmail.com,0550070407,الصناعات التحويلية الأخرى,Al Kharj,
,,Riyadh Oils Factory,,hotmail.com,roextco@hotmail.com,0505474668,صنع المواد الكيميائية والمنتجات الكيميائية,Al Kharj,
,,Sama Al-Horia Factory for Mixing and Packing Oils & Greases,,yahoo.com,hamadafiras@yahoo.com,0559610400,الصناعات التحويلية الأخرى,Al Kharj,
,,Saif Ayed Al-Mautrofi Factory for Petroleum Derivatives,,hotmail.com,saif_1411@hotmail.com,0542288188,صنع فحم الكوك والمنتجات النفطية المكررة,Al Kharj,
,,Oil World Factory for Re-refining Lubricating Oils,,gmail.com,technology.city1@gmail.com,0599960407,صنع المواد الكيميائية والمنتجات الكيميائية,Al Kharj,
,,Qaidat Al-Teknia Factory for Oils Recycling,,gmail.com,ys.stlop@gmail.com,0555421066,صنع فحم الكوك والمنتجات النفطية المكررة,Al Kharj,
,,"Laialy Al-Sahara Factory for Oils, Grease and Bitumen",,gmail.com,ehabmara86@gmail.com,0500044439,صنع فحم الكوك والمنتجات النفطية المكررة,Al Kharj,
,,Majed Al-Yemani Oils Packing Factory,,hotmail.com,majed_cis@hotmail.com,0555483275,صنع المواد الكيميائية والمنتجات الكيميائية,Al Kharj,
,,Mohamed Abdulaziz Mohamed Almeheleb for  Re-refining Oil,,hotmail.com,qv37@hotmail.com,0506666637,صنع المواد الكيميائية والمنتجات الكيميائية,Al Kharj,
,,Najd Factory for Chemicals & Oils,,hotmail.com,kin.g.007@hotmail.com,0555464254,صنع المواد الكيميائية والمنتجات الكيميائية,Al Kharj,
,,Aljomaih and Shell Lubricating Oil Company,,aljomaihshell.com,admin@aljomaihshell.com,0553678512,صنع فحم الكوك والمنتجات النفطية المكررة,Riyadh,
,,Automatic Oil Recycling Factory,,hotmail.com,entajana@hotmail.com,0505106654,صنع فحم الكوك والمنتجات النفطية المكررة,Riyadh,
,,Global Lubricating Oil Company Factory,,hotmail.com,tamimi19709@hotmail.com,0509900033,صنع فحم الكوك والمنتجات النفطية المكررة,الزلفي,
,,Fonoun Oil  Factory for Industry,,hotmail.com,khazzan2000@hotmail.com,0550660009,صنع فحم الكوك والمنتجات النفطية المكررة,الزلفي,
,,Al-Haramain Factory for Re-refining Used Oil,,hotmail.com,sindi_r@hotmail.com,0541103444,صنع فحم الكوك والمنتجات النفطية المكررة,Medina,
,,Retage Oils Factory for Petroleum Derivatives,,hotmail.com,samri2003@hotmail.com,0557981234,صنع منتجات المطاط والبلاستك,Medina,
,,Sahm Al-Ostoura  Factory for Compressed Coal,,hotmail.com,sawad1970@hotmail.com,0582155000,صنع فحم الكوك والمنتجات النفطية المكررة,Tabuk,
,,Bravo Saudi Co. Factory for Refining Oils,,batterjeeholding.com,a.adel@batterjeeholding.com,0506364050,صنع المواد الكيميائية والمنتجات الكيميائية,Tabuk,
,,Reda National Company Factory for Improved Asphalt,,redanational.com,yousef.alrashid@redanational.com,0507303087,الصناعات التحويلية الأخرى,Tabuk,
,,Al-Rayat Factory for Recycling oils,,gmail.com,alrayatgroup@gmail.com,0554330409,صنع فحم الكوك والمنتجات النفطية المكررة,Jazan,
,,Telal Al-Kheir Factory for Re-refined Oils,,hotmail.com,bander_99@hotmail.com,0569968816,صنع فحم الكوك والمنتجات النفطية المكررة,Jazan,
,,Advanced Global Factory for Lubricating oils,,unilube.ae,admin-jeddah@unilube.ae,0503982832,صنع فحم الكوك والمنتجات النفطية المكررة,Jeddah,
,,Branch of Nawafel Al-Arabia Oils Company Limited,,hotmail.com,nawafilarabicoils@hotmail.com,0555204935,صنع فحم الكوك والمنتجات النفطية المكررة,Jeddah,
,,Al Majd Asphalt Emulsion Factory,,yahoo.com,kareamona2@yahoo.com,0500862047,صنع المواد الكيميائية والمنتجات الكيميائية,Jeddah,
,,Lubricants Mixing Factory,,apsco-ksa.com,aawwad@apsco-ksa.com,0505513476,صنع فحم الكوك والمنتجات النفطية المكررة,Jeddah,
,,Arabia Oils Factory,,yahoo.com,sainrex@yahoo.com,0505699964,صنع فحم الكوك والمنتجات النفطية المكررة,Jeddah,
,,"Al-Hamrani United Co. Factory for Radiator Fluid, Distilled Water, Brakes Oil and Lubricants Oil",,fuchs.com.sa,aidreesi@fuchs.com.sa,0552405885,صنع المواد الكيميائية والمنتجات الكيميائية,Jeddah,
,,Al-Watani Al-Raqi Factory for Re-refining Oil,,alhadargroup.com,saleh@alhadargroup.com,0507676192,صنع المواد الكيميائية والمنتجات الكيميائية,Jeddah,
,,Golden Oils Factory,,hotmail.com,golden-oils@hotmail.com,0567776064,صنع فحم الكوك والمنتجات النفطية المكررة,Jeddah,
,,Al Solh Plant for Asphalt Products,,hip.com.sa,mbh@hip.com.sa,0539111069,الصناعات التحويلية الأخرى,Jeddah,
,,Al-Najma International Factory,,hotmail.com,s.i.p.s@hotmail.com,0555586725,صنع فحم الكوك والمنتجات النفطية المكررة,Jeddah,
,,Sanad Co. Factory for Asphalt Products,,sanadgroup.com,zane@sanadgroup.com,0569786786,صنع فحم الكوك والمنتجات النفطية المكررة,Jeddah,
,,Abdullah Bakheet Al-Nahdi Oils Factory,,hotmail.com,ssal-ssal@hotmail.com,0555678080,صنع فحم الكوك والمنتجات النفطية المكررة,Jeddah,
,,Gulf Solvents Co. Factory,,windowslive.com,eaaa1@windowslive.com,0557906800,صنع فحم الكوك والمنتجات النفطية المكررة,Hail,
,,Local Refinery Factory for Re-refining Oils,,hotmail.com,m_almuraikhi@hotmail.com,0563335781,صنع فحم الكوك والمنتجات النفطية المكررة,حفر الباطن,
,,Saudi Indian Company for Re-Refining Lubricating Oils Factory,,yahoo.com,saudi_indian_company@yahoo.com,0505412964,صنع فحم الكوك والمنتجات النفطية المكررة,سدير,
,,Bashayer Al-Mostakbal Factory for Lubricats,,gmail.com,amedlej1385@gmail.com,0504104715,صنع فحم الكوك والمنتجات النفطية المكررة,سدير,
,,Al-Thalith Factory for Oil Refinery,,yahoo.com,alkarni_moha@yahoo.com,0505700701,صنع فحم الكوك والمنتجات النفطية المكررة,شقراء,
,,Amira Ibrahim Manea Factory for Re-refining Oils,,hotmail.com,mmn_009@hotmail.com,0555495394,صنع فحم الكوك والمنتجات النفطية المكررة,شقراء,
,,Abdullah Dgilip Al-Buqami Oils Factory,,gmail.com,4410710@gmail.com,0504410710,صنع المواد الكيميائية والمنتجات الكيميائية,شقراء,
,,Arad Company Factory for Oil,,hotmail.com,raaayd_21z@hotmail.com,0599524444,صنع فحم الكوك والمنتجات النفطية المكررة,شقراء,
,,Mubarak Saud Al-Zokaihan Oils Factory,,hotmail.it,icc@hotmail.it,0598999998,صنع فحم الكوك والمنتجات النفطية المكررة,شقراء,
,,Arabia Petroleum Lubricating Oil Factory,,hotmail.com,petro.a@hotmail.com,0540029129,صنع منتجات المطاط والبلاستك,عسيـــر,
,,"Dar Al-Majd Factory for Oils, Greases and Automotive Liquids",,hotmail.com,dar-almajd@hotmail.com,0503081681,صنع فحم الكوك والمنتجات النفطية المكررة,عسيـــر,
,,Saudi Petrogen Industries Factory,,saudi-pultrusion.com,majed@saudi-pultrusion.com,0505927000,صنع المواد الكيميائية والمنتجات الكيميائية,Al Ahsa,
,,Al-Thameen Co. Factory for Perfumes and Cosmetics,,althameen.com,info@althameen.com,0504815545,صنع المواد الكيميائية والمنتجات الكيميائية,Al Ahsa,
,,Al-Ahsa Factory for Engine Oils,,yahoo.com,ahsarefinery@yahoo.com,0505923723,صنع فحم الكوك والمنتجات النفطية المكررة,Al Ahsa,
,,Al-Shadi Polystyrene Products Factory,,hotmail.com,ash-shadi@hotmail.com,0504855562,صنع منتجات المطاط والبلاستك,Al Ahsa,
,,United Foam Manufacturing Co. Factory,,gawab.com,ghmm@gawab.com,0555872155,صنع منتجات المطاط والبلاستك,Al Ahsa,
,,Alwan Alwadi Factory for Paints and Pastes,,hotmail.com,aliaa22@hotmail.com,0504857432,صنع المواد الكيميائية والمنتجات الكيميائية,Al Ahsa,
,,Barak Industrial Gases Factory,,gmail.com,barrakgdf@gmail.com,0505919660,صنع المواد الكيميائية والمنتجات الكيميائية,Al Ahsa,
,,Kawthar Tanks Factory,,live.com,k.t.f@live.com,0504937685,صنع المعدات الكهربائية,Al Ahsa,
,,Branch of Al-Bashir Company Branch for Trading and Contracting,,yahoo.com,albushaierco@yahoo.com,0505922099,صنع منتجات المطاط والبلاستك,Al Ahsa,
,,Fahd Mukim Al-Qahtani Factory for Bitumen Mixtures,,hotmail.com,mugaem2003@hotmail.com,0503376542,صنع المواد الكيميائية والمنتجات الكيميائية,Al Ahsa,
,,Fahd Mukim Al-Qahtani Factory for Chemical Industries,,hotmail.com,mugaem2003@hotmail.com,0503376542,صنع المواد الكيميائية والمنتجات الكيميائية,Al Ahsa,
,,Banyan Al-Takoua for Metal Decoration and Coating,,hotmail.com,kmz4530@hotmail.com,0555774530,صنع الاثاث,Al Bahah,
,,Arabian Carbonate,,gmail.com,ahmedalreshaid@gmail.com,0534451090,صنع المواد الكيميائية والمنتجات الكيميائية,Al Kharj,
,,Deakin for Detergents,,gmail.com,info.dakeen@gmail.com,0544510510,صنع المواد الكيميائية والمنتجات الكيميائية,Al Kharj,
,,Al-Jazira  Factory Co. for Cosmetics,,yahoo.com,jaziraa@yahoo.com,0555007733,صنع المواد الكيميائية والمنتجات الكيميائية,Al Kharj,
,,Al Sama Inks & Printing Plates Factory Co.,,yahoo.com,aalsama@yahoo.com,0558866113,الطباعة,Al Kharj,
,,Al-Etihad Factory for Paints,,gmail.com,edarah1881@gmail.com,0505995666,صنع المواد الكيميائية والمنتجات الكيميائية,Al Kharj,
,,"Al-Halif for Colored Dust, Paints and Solvents",,haleefgroup.com,info@haleefgroup.com,0545511117,صنع المواد الكيميائية والمنتجات الكيميائية,Al Kharj,
,,Al Doofa Factory For Paints & Water Proofing Materials,,aldoofa.com,info@aldoofa.com,0555111648,صنع المواد الكيميائية والمنتجات الكيميائية,Al Kharj,
,,Visual Vision Factory for Industry,,hotmail.com,n-alrasheed@hotmail.com,0593841234,صنع الحواسيب والمنتجات الإلكترونية والبصرية,Al Kharj,
,,Specialized Chemicals Trading Co. Factory for Diluted Acids and Alkalines,,schemt.com,aalbabtain@schemt.com,0503225628,صنع المواد الكيميائية والمنتجات الكيميائية,Al Kharj,
,,Arabian Industrial Gases Company Factory,,gmail.com,ratajaldar@gmail.com,0500649955,صنع المواد الكيميائية والمنتجات الكيميائية,Al Kharj,
,,White Giant Detergents Factory,,hotmail.com,mjd-737@hotmail.com,0505283270,صنع المواد الكيميائية والمنتجات الكيميائية,Al Kharj,
,,Al-Nisr Modern Chemical Production Factory,,gmail.com,eagl.factory1@gmail.com,0509090480,صنع المواد الكيميائية والمنتجات الكيميائية,Al Kharj,
,,Al-Wasalat Al-Saudia Factory for Industries,,gmail.com,saudifitting@gmail.com,0505559854,صنع المواد الكيميائية والمنتجات الكيميائية,Al Kharj,
,,Gulf Resins Factory for Industrial Resins,,msn.com,naser333@msn.com,0567634444,صنع المواد الكيميائية والمنتجات الكيميائية,Al Kharj,
,,Al-Etihad Chemical Co. Factory for Dry Cleaning Chemicals,,hotmail.com,alsageer-hvac@hotmail.com,0552250444,صنع المواد الكيميائية والمنتجات الكيميائية,Al Kharj,
,,Al-Rabban Co. Factory for Bitumen Derivatives and Water Insulators,,gmail.com,asbaflah@gmail.com,0509969996,الصناعات التحويلية الأخرى,Al Kharj,
,,Saita Abdullah Al-Qahtani Paints Factory,,gmail.com,s0500990015@gmail.com,0500990015,صنع المواد الكيميائية والمنتجات الكيميائية,Al Kharj,
,,Majed Abdullah Nahdi Factory for Asphalt Products,,hotmail.com,majed-alshabibi@hotmail.com,0509999925,الصناعات التحويلية الأخرى,Al Kharj,
,,Maru Riyadh Chemicals Factory,,gmail.com,sultan.mhmd390@gmail.com,0504441840,صنع المواد الكيميائية والمنتجات الكيميائية,Al Kharj,
,,Al-Hadaf Level Factory for Fertilizers,,hadaflevel.com.sa,jalamneh@hadaflevel.com.sa,0505101060,صنع المواد الكيميائية والمنتجات الكيميائية,Al Kharj,
,,Mawkefa Factory for Asphalt Insulations,,gmail.com,naif0555227044@gmail.com,0555227044,الصناعات التحويلية الأخرى,Al Kharj,
,,Nabat Al-Ard Factory for the Production of Fertilizers and Bio-pesticides,,hotmail.com,a_algasem@hotmail.com,0595959512,صنع المواد الكيميائية والمنتجات الكيميائية,Al Kharj,
,,Naqa Factory for Paints and Pastes,,naqapaint.com,info@naqapaint.com,0555439269,صنع المواد الكيميائية والمنتجات الكيميائية,Al Kharj,
,,Nahr Al-Senaat Factory for Sodium Silicate,,gmil.com,ali924444@gmil.com,0505818016,صنع المواد الكيميائية والمنتجات الكيميائية,Al Kharj,
,,Nou' El-Khair Factory for Water Treatment Chemicals,,hotmail.com,naw_chemicals@hotmail.com,0504803464,صنع المواد الكيميائية والمنتجات الكيميائية,Al Kharj,
,,Wael Hussein Salama Factory for Paints,,hotmail.com,salamsafran@hotmail.com,0555308801,صنع المواد الكيميائية والمنتجات الكيميائية,Al Kharj,
,,Saudi Industrial Paints Company (SIPCO),,sipco.com.sa,info@sipco.com.sa,0536000062,صنع المواد الكيميائية والمنتجات الكيميائية,Dammam,
,,Arab Co. for Metal & Chemicals,,misaudi.com,mshahrani@misaudi.com,0559550725,صنع منتجات المعادن المشكلة، باستثناء الالات والمعدات,Dammam,
,,Modern Exhaust Pipe & Iron Factory,,hotmail.com,e-steel@hotmail.com,0505876530,صنع منتجات المعادن اللافلزية الأخرى,Dammam,
,,Saudi Gas Cylinder Factory,,almoajilholding.com,azahrani@almoajilholding.com,0599968959,صنع منتجات المطاط والبلاستك,Dammam,
,,Hempel Paints (Saudi Arabia) Co.,,sa.hempel.com,yual@sa.hempel.com,0550660011,صنع المواد الكيميائية والمنتجات الكيميائية,Dammam,
,,Al Babtain Plastic & Insulation Materials Manufacturing Factory,,albabtainplastic.com,info@albabtainplastic.com,0503200250,صنع منتجات المطاط والبلاستك,Dammam,
,,Chemical Industries Co. Ltd. For Construction,,gerflorme.com,hsaleh@gerflorme.com,0555160883,صنع المواد الكيميائية والمنتجات الكيميائية,Dammam,
,,Saudi Transformer Co. Ltd.,,sauditransformers.com,hanik@sauditransformers.com,0550502459,صنع المعدات الكهربائية,Dammam,
,,Baroid Saudi Arabia Co. Ltd.,,hotmail.com,b_aroid@hotmail.com,0500508409,صنع منتجات المعادن المشكلة، باستثناء الالات والمعدات,Dammam,
,,Tenhat Mining Co.,,tanhatmining.com,factory@tanhatmining.com,0504684002,صنع منتجات المعادن المشكلة، باستثناء الالات والمعدات,Dammam,
,,"Sigma Paints Saudi Arabia Co., Ltd.",,sigmapaints.com,sami.marzooq@sigmapaints.com,0503848025,صنع المواد الكيميائية والمنتجات الكيميائية,Dammam,
,,NAPCO Modern Plastic Products Company,,napcogroup.com,adahan@napcogroup.com,0504823990,صنع منتجات المطاط والبلاستك,Dammam,
,,Al-Asid Modern Company,,modernacid.com,mail@modernacid.com,0550500226,صنع المواد الكيميائية والمنتجات الكيميائية,Dammam,
,,Al-Jazirah Aluminum Plant,,alumjaz.com,info@alumjaz.com,0553111471,صنع منتجات المعادن المشكلة، باستثناء الالات والمعدات,Dammam,
,,Abdullah Hashim Factory for Equipment and Gases,,er.ahg.com.sa,salami@er.ahg.com.sa,0556691414,صنع المواد الكيميائية والمنتجات الكيميائية,Dammam,
,,Construction Materials Chemicals Factory,,cmci-sa.com,moussa@cmci-sa.com,0505889479,صنع المواد الكيميائية والمنتجات الكيميائية,Dammam,
,,ARASCO Chemicals Factory (ARCHEM),,arasco.com,archem@arasco.com,0506014991,صنع المواد الكيميائية والمنتجات الكيميائية,Dammam,
,,Saudi Industrial Detergents Company (SIDCO),,sidco.com.sa,raddad@sidco.com.sa,0559266711,صنع المواد الكيميائية والمنتجات الكيميائية,Dammam,
,,Saudi Ready-mix Concrete Company,,saudireadymix.com.sa,mohammed.alshehri@saudireadymix.com.sa,0555864563,صنع منتجات المعادن اللافلزية الأخرى,Dammam,
,,Saudi Chemical Company,,atco.com.sa,alashqar@atco.com.sa,0565169007,صنع المواد الكيميائية والمنتجات الكيميائية,Dammam,
,,Arab Paper Manufacturing Co. Ltd. - Waraq,,waraq.com,hussam.almulla@waraq.com,0507731995,صنع الورق ومنتجات الورق,Dammam,
,,Arabian Galvanizing Factory,,agc.com.sa,subra@agc.com.sa,0505193699,صنع منتجات المعادن المشكلة، باستثناء الالات والمعدات,Dammam,
,,United  Lubricating Oil Treatment Company,,unilubeco.com,mohammad@unilubeco.com,0505959834,صنع فحم الكوك والمنتجات النفطية المكررة,Dammam,
,,United Coatings Manufacturing Company (Unicoat),,ucicoat.com,hussainbader@ucicoat.com,0560665297,صنع المواد الكيميائية والمنتجات الكيميائية,Dammam,
,,Modern Factory for Adhesive Products,,h.com,hdjh@h.com,0535552636,صنع منتجات المطاط والبلاستك,Dammam,
,,Saudi Iron Pellet Plant,,gmail.com,rakanaljohar1@gmail.com,0544222927,صنع منتجات المعادن اللافلزية الأخرى,Dammam,
,,Saudi Petroleum Equipment Factory,,aalsuwaiket.com,showgi@aalsuwaiket.com,0500510870,صنع الالات والمعدات غير المصنفة في موضع اخر,Dammam,
,,Al-Sharqiya Establishment for Metal lifting Platforms and Steel Plates,,yahoo.com,eppc_dammam@yahoo.com,0536005525,صنع منتجات المعادن المشكلة، باستثناء الالات والمعدات,Dammam,
,,Abahussain Niue Industrial Co. Ltd.,,abahsain.net,abnew@abahsain.net,0506082984,صنع منتجات المعادن المشكلة، باستثناء الالات والمعدات,Dammam,
,,Gulf Chemicals and Industrial Oils Co.,,gcir.com.sa,reda@gcir.com.sa,0536611336,صنع المواد الكيميائية والمنتجات الكيميائية,Dammam,
,,Al Derbas Asphalt Emulsion Co.,,alderbas.com,tawfeek@alderbas.com,0507766426,صنع فحم الكوك والمنتجات النفطية المكررة,Dammam,
,,Zamil Process Equipment Company  (ZPEC),,zamilindustrial.com,ramzi@zamilindustrial.com,0555932328,صنع المواد الكيميائية والمنتجات الكيميائية,Dammam,
,,Modern Industries Company - Tide,,pg.com,alabbad.ha@pg.com,0555290218,صنع المواد الكيميائية والمنتجات الكيميائية,Dammam,
,,Saudi Industrial Gas Co. (SIGAS),,sigasco.com,zahir@sigasco.com,0551996995,صنع المواد الكيميائية والمنتجات الكيميائية,Dammam,
,,Disposable Catering Packaging Materials Production Company,,cadisme.com,hisham.seif@cadisme.com,0543042222,صنع منتجات المطاط والبلاستك,Dammam,
,,Oren Chemical Manufacturing Company,,orenme.com,alihassan@orenme.com,0504958386,صنع المواد الكيميائية والمنتجات الكيميائية,Dammam,
,,Saudi BASF for Building Materials Co.,,basf.com,enquirycc.saudi@basf.com,0556002445,صنع المواد الكيميائية والمنتجات الكيميائية,Dammam,
,,Saudi Bea Fasteners Manufacturing Company,,mts.com.sa,dawood.alrashed@mts.com.sa,0504832857,صنع المواد الكيميائية والمنتجات الكيميائية,Dammam,
,,Redayat Kamika Co. Ltd. for Protection Coating,,rezayat.com.sa,rezcoat@rezayat.com.sa,0503850098,صنع المواد الكيميائية والمنتجات الكيميائية,Dammam,
,,Sinthomer Middle East Company,,synthomer.com,mohsen.aljermeez@synthomer.com,0503876836,صنع المواد الكيميائية والمنتجات الكيميائية,Dammam,
,,Suhail Abdul Mohsen Al-Shuaibi Co. Factory for Pipe Fitting,,shoaibigroup.com,mohammed.altaweel@shoaibigroup.com,0550625222,صنع منتجات المعادن المشكلة، باستثناء الالات والمعدات,Dammam,
,,Global Marine Services Company,,globeksa.com,ehsan@globeksa.com,0581445558,صنع المواد الكيميائية والمنتجات الكيميائية,Dammam,
,,"Future Pipe Industry Co., Ltd.",,futurepipe.com,o.abouibrahim@futurepipe.com,0506839311,صنع منتجات المعادن المشكلة، باستثناء الالات والمعدات,Dammam,
,,Fahd Thunayan Al-Thunayan & Partners Co. for Chemical Products,,yahoo.com,hamdy226@yahoo.com,0553207972,صنع المواد الكيميائية والمنتجات الكيميائية,Dammam,
,,Fosam Co. Ltd.,,fosroc.com,salahuddin.nabeel@fosroc.com,0506622116,صنع منتجات المعادن المشكلة، باستثناء الالات والمعدات,Dammam,
,,Industrial Chemicals & Resins Company,,icr.com.sa,aabdullah@icr.com.sa,0554350384,صنع المواد الكيميائية والمنتجات الكيميائية,Dammam,
,,SaudiChemicals Company,,saudichem.com,nmo@saudichem.com,0504750488,صنع المواد الكيميائية والمنتجات الكيميائية,Dammam,
,,Astra Industrial Complex Company for Fertilizers and Agricultural Pesticides,,astrachem.com.sa,personnel@astrachem.com.sa,0568470364,صنع المواد الكيميائية والمنتجات الكيميائية,Dammam,
,,Al-Alia Chemicals Factory Company,,yahoo.com,hajersj@yahoo.com,0504836246,صنع المواد الكيميائية والمنتجات الكيميائية,Dammam,
,,Saudi Bisan Gasket Factory Co.,,sbisan.com,ali@sbisan.com,0502350347,الصناعات التحويلية الأخرى,Dammam,
,,Ziad Mohamed Darwish & Partners Factory for Radiators,,zmdrf.com,hamza@zmdrf.com,0552878738,صنع منتجات المعادن المشكلة، باستثناء الالات والمعدات,Dammam,
,,National Detergent Products Company  - Clorox,,abudawoodksa.com,atef.ismail@abudawoodksa.com,0505608741,صنع المواد الكيميائية والمنتجات الكيميائية,Dammam,
,,Henkel Polybit Industries Co. Ltd. Factory,,henkelpol.com,abdullah.rasheed@henkelpol.com,0545918793,صنع منتجات المطاط والبلاستك,Dammam,
,,Welspun Middle East Pipes Company Limited,,welspun.com,oraifi@welspun.com,0515258440,صنع منتجات المطاط والبلاستك,Dammam,
,,USG Middle East Company Limited,,usgme.com,admin@usgme.com,0505846579,صنع منتجات المعادن المشكلة، باستثناء الالات والمعدات,Dammam,
,,"Energy, Industry and Chemical Materials Equipment Factory",,eief.com.sa,king@eief.com.sa,0505322229,صنع المواد الكيميائية والمنتجات الكيميائية,Dammam,
,,Ahmed Nasser Albinali & Sons Factory,,albinali.com,mmokhaid@albinali.com,0548029098,صنع منتجات المعادن المشكلة، باستثناء الالات والمعدات,Dammam,
,,Gulf Horizons Factory for Paints and Pastes,,gulfhorizon.com,info@gulfhorizon.com,0505807010,صنع المواد الكيميائية والمنتجات الكيميائية,Dammam,
,,Riyadh Oxygen Plant,,h.com,hdjh@h.com,0504165133,صنع المواد الكيميائية والمنتجات الكيميائية,Dammam,
,,Albattal Chemical Industries Factory,,albattalchem.com,abdullah@albattalchem.com,0507603777,صنع المواد الكيميائية والمنتجات الكيميائية,Dammam,
,,Al-Jazea Factory for the Production of Polyethylene Pipes,,hotmail.com,hanon51@hotmail.com,0549745834,صنع منتجات المطاط والبلاستك,Dammam,
,,National Galvanizing and Coating Company,,h.com,hdjh@h.com,0955545121,صنع المواد الكيميائية والمنتجات الكيميائية,Dammam,
,,Al-Hamd Factory for Tissue Paper & Blotting Paper,,alhamadco.com,nh@alhamadco.com,0505862965,صنع الورق ومنتجات الورق,Dammam,
,,Al Rumaih Spring Mattress Factory,,cyberia.net.sa,afm-furn@cyberia.net.sa,0598448876,صنع المنسوجات,Dammam,
,,Zamil Industrial Coatings Factory,,zindco.com.sa,raed.alghamdi@zindco.com.sa,0505817560,صنع المواد الكيميائية والمنتجات الكيميائية,Dammam,
,,Al-Saidi Factory for Cleaning Products,,alsaidi.com,chemara@alsaidi.com,0505927556,صنع منتجات المعادن المشكلة، باستثناء الالات والمعدات,Dammam,
,,Saudi Filters Industry Company (SFICO),,saudifilter.com,info@saudifilter.com,0503849019,صنع الالات والمعدات غير المصنفة في موضع اخر,Dammam,
,,Saudi Soil Improvers Co. Factory,,ousaimi.com.sa,timber@ousaimi.com.sa,0505820163,صنع المواد الكيميائية والمنتجات الكيميائية,Dammam,
,,Arabian Company Factory for Water Pipe Industry,,acwapipe.com,mmd@acwapipe.com,0500888805,صنع المشروبات,Dammam,
,,National Fibre Glass Factory,,yahoo.com,tamerkhatab@yahoo.com,0545200133,صنع منتجات المطاط والبلاستك,Dammam,
,,Modern Chemicals Factory,,h.com,hdjh@h.com,0535552636,صنع المواد الكيميائية والمنتجات الكيميائية,Dammam,
,,Biochemical Factory,,nabaa-tech.com,mahmoud@nabaa-tech.com,0563133403,صنع فحم الكوك والمنتجات النفطية المكررة,Dammam,
,,Chemicals & Metals Factory,,mineralschemical.com.sa,mcf@mineralschemical.com.sa,0505322229,صنع المواد الكيميائية والمنتجات الكيميائية,Dammam,
,,Alwan Lotus Paints Factory Ltd,,yahoo.com,alwanallouts@yahoo.com,0506215710,صنع المواد الكيميائية والمنتجات الكيميائية,Dammam,
,,Barouk Al-Khaleej Factory for processing paper and plastic wastes,,alfa-arab.com,info@alfa-arab.com,0505818348,صنع منتجات المطاط والبلاستك,Dammam,
,,Oil and Gas Polymers Factory,,polymers.com.sa,polymers@polymers.com.sa,0505322229,صنع المواد الكيميائية والمنتجات الكيميائية,Dammam,
,,Valves and Petroleum Equipment Technology Factory,,khushein.com,m_oqaily@khushein.com,0548779777,صنع الالات والمعدات غير المصنفة في موضع اخر,Dammam,
,,Delmon Chemical Industries Factory,,delmon.com,nabil@delmon.com,0552283203,صنع المواد الكيميائية والمنتجات الكيميائية,Dammam,
,,Saeed Maeidh Awad Moriea Factory for Chemical Products,,taj-int.com.sa,saeed@taj-int.com.sa,0555589195,صنع المواد الكيميائية والمنتجات الكيميائية,Dammam,
,,Drilling Fluids  Factory,,drillingfluid.com.sa,drillchem@drillingfluid.com.sa,0505322229,صنع المواد الكيميائية والمنتجات الكيميائية,Dammam,
,,Arkaz Alsharq Building Materials Co. Factory,,arkaz.com,info@arkaz.com,0554695043,صنع المواد الكيميائية والمنتجات الكيميائية,Dammam,
,,United Mining Co. Factory for Industrial Metals,,gmail.com,altheban@gmail.com,0560000180,صنع المواد الكيميائية والمنتجات الكيميائية,Dammam,
,,Saudi Fodder Mixtures Co. Ltd. Factory,,saudimix.com,alialbusaleh@saudimix.com,0505939385,صناعة المنتجات الغذائية,Dammam,
,,Hasan Washnan Al-Zahrani Co. Factory  for the Production of Polystyrene Containers,,shazco.com,shannan@shazco.com,0555887722,صنع منتجات المطاط والبلاستك,Dammam,
,,Delmon Co. Factory for Industrial and Mechanical Insulators,,delmon.com.sa,naadi@delmon.com.sa,0505970969,الصناعات التحويلية الأخرى,Dammam,
,,"Sika Watan Saudi Arabia Co., Ltd. Factory",,ceca.sa,fahd.alqahtani@ceca.sa,0539456780,صنع المواد الكيميائية والمنتجات الكيميائية,Dammam,
,,Champion Arab Company Factory,,champ-tech.com,saeed.banaker@champ-tech.com,0500038606,صنع منتجات المعادن اللافلزية الأخرى,Dammam,
,,Factory of Saleh and Abdul Aziz Abou Hussein Co. for Chemicals Industry,,abahsain.net,abnew@abahsain.net,0506082984,صنع المواد الكيميائية والمنتجات الكيميائية,Dammam,
,,Al-Dawaa Medical Services Co. Ltd.,,pgisystem.com,amg@pgisystem.com,0541033873,,Dammam,
,,Saleh and Abdul Aziz Abou Hussein Factory for Oils Mixing,,abahsain.net,abnew@abahsain.net,0540430777,صنع فحم الكوك والمنتجات النفطية المكررة,Dammam,
,,Fafa Factory for Packaging Industries,,salmangroup.com,hussain.alnasser@salmangroup.com,0503822962,صنع منتجات المطاط والبلاستك,Dammam,
,,Canary Factory for Chemical Detergent and Disinfectants,,yahoo.com,omar.200900@yahoo.com,0594039810,صنع المواد الكيميائية والمنتجات الكيميائية,Dammam,
,,Koob Al-Negma Factory for Sugar Packing and Packaging,,hotmail.com,almanastar@hotmail.com,0505815781,صنع منتجات المطاط والبلاستك,Dammam,
,,Manar Paints Factory,,yahoo.com,abujamal_51@yahoo.com,0505829680,صنع المواد الكيميائية والمنتجات الكيميائية,Dammam,
,,Heba Factory Limited for the manufacturer of fire extinguishers,,heba-fire.com,khalid.saheli@heba-fire.com,0505817970,صنع المعدات الكهربائية,Dammam,
,,Hit Factory for the Production of Lubricating Greases,,eheet.com,nezar@eheet.com,0505820182,صنع المواد الكيميائية والمنتجات الكيميائية,Dammam,
,,Oasis Ameron Co. Ltd.,,oasisameronpaints.com,akram@oasisameronpaints.com,0544955404,صنع المواد الكيميائية والمنتجات الكيميائية,Dammam,
,,Saudi Chemicals and Pesticides Co.,,yahoo.com,salah_vip05@yahoo.com,0505415831,صنع المواد الكيميائية والمنتجات الكيميائية,Riyadh,
,,Ink Products Co. Ltd. Factory,,inksaudi.com,alshuwaier@inksaudi.com,0505226377,صنع المواد الكيميائية والمنتجات الكيميائية,Riyadh,
,,Al Otair Jewellery Factory,,hotmail.com,otsad112233@hotmail.com,0503211842,الصناعات التحويلية الأخرى,Riyadh,
,,Al-Odan Metal Plating Factory,,hotmail.com,odanelectroplanting@hotmail.com,0505100648,صنع منتجات المعادن المشكلة، باستثناء الالات والمعدات,Riyadh,
,,Abanme Industrial Establishment,,abanumay.com,fahad@abanumay.com,0505221141,صنع منتجات المطاط والبلاستك,Riyadh,
,,Saudi Company for Manufacturing Gasoline and Diesel Technology Equipment Ltd.,,sfdpc.com,sfdpc@sfdpc.com,0503125159,صنع المعدات الكهربائية,Riyadh,
,,Saudi Bitumen Industries Co. Ltd. (SABIT),,saudibitumen.com,bitumen@saudibitumen.com,0505243470,صنع المواد الكيميائية والمنتجات الكيميائية,Riyadh,
,,Arabian Oud Co. Factory,,arbianoud.com.sa,hrustom@arbianoud.com.sa,0504986101,صنع المواد الكيميائية والمنتجات الكيميائية,Riyadh,
,,Arabian Company for Chemical Products (APCO),,hotmail.com,abdul5_apco@hotmail.com,0503162097,صنع المواد الكيميائية والمنتجات الكيميائية,Riyadh,
,,United Industrial Investments Co. Ltd. (UNIVEST),,adpc-ltd.com,info@adpc-ltd.com,0501773330,صنع منتجات المعادن المشكلة، باستثناء الالات والمعدات,Riyadh,
,,National Chemical Fertilizers Company,,nafkal.com,info@nafkal.com,0501311131,صنع المواد الكيميائية والمنتجات الكيميائية,Riyadh,
,,National Batteries Manufacturing Company,,battariat.com,sami@battariat.com,0500121253,صنع المعدات الكهربائية,Riyadh,
,,Saudi Drip Irrigation Systems Factory,,saudidrip.com,ndali@saudidrip.com,0504267917,صنع منتجات المطاط والبلاستك,Riyadh,
,,Saudi Treatment Chemicals Factory,,sorour.org,t@sorour.org,0568530257,صنع المواد الكيميائية والمنتجات الكيميائية,Riyadh,
,,Saudi Chemical Products Factory,,yahoo.com,sayed_abdelmageed@yahoo.com,0550560125,صنع المواد الكيميائية والمنتجات الكيميائية,Riyadh,
,,Saudi Paints Co.,,paintco.net,paintco@paintco.net,0505473464,صنع المواد الكيميائية والمنتجات الكيميائية,Riyadh,
,,"Paints, Solvents, Industrial Pastes Co.",,bbcpaints.com.sa,amar@bbcpaints.com.sa,0558783949,صنع المواد الكيميائية والمنتجات الكيميائية,Riyadh,
,,Al-Roya Fertilizers Co. Ltd.,,gmail.com,alruya.fertilizers@gmail.com,0505124827,صنع المواد الكيميائية والمنتجات الكيميائية,Riyadh,
,,Saudi Silica Company,,saudicarbonate.com,info@saudicarbonate.com,0553470782,صنع منتجات المعادن اللافلزية الأخرى,Riyadh,
,,Al-Tayf Saudi Paints Co.,,hotmail.com,m.a.b644@hotmail.com,0504420726,صنع المواد الكيميائية والمنتجات الكيميائية,Riyadh,
,,Saudi Carbonate Co.,,saudicarbonate.com,info@saudicarbonate.com,0505442068,صنع المواد الكيميائية والمنتجات الكيميائية,Riyadh,
,,Al Khafra Industrial Gases Factories,,airliquide.com,saad.aldaej@airliquide.com,0544122132,صنع المواد الكيميائية والمنتجات الكيميائية,Riyadh,
,,Natural Gas Distribution Company,,ngdc.com.sa,kalrubayan@ngdc.com.sa,0503413062,صنع المنتجات الصيدلانية,Riyadh,
,,Metito Chemical Industries Company,,veolia.com,yousef.alhow@veolia.com,0500508775,صنع المواد الكيميائية والمنتجات الكيميائية,Riyadh,
,,"Clarinettes Saudi Arabia Colorings Co., Ltd.",,clariant.com,khalaf.alshamrani@clariant.com,0555655507,صنع منتجات المعادن اللافلزية الأخرى,Riyadh,
,,Al-Hadara Chemicals Factory Co.,,yahoo.com,alhadarahco@yahoo.com,0505215641,صنع المواد الكيميائية والمنتجات الكيميائية,Riyadh,
,,Al-Rubaian Factory Co. for Hand Carts and Janitorial Tasks,,rem-ksa.com,osama@rem-ksa.com,0504132987,صنع منتجات المطاط والبلاستك,Riyadh,
,,Raghdan Paints Factory Company,,raghadan.com.sa,factory@raghadan.com.sa,0555916200,صنع المواد الكيميائية والمنتجات الكيميائية,Riyadh,
,,Computer Paper Production Co. Ltd.,,hotmail.com,yasharkm@hotmail.com,0555623444,صنع منتجات المعادن اللافلزية الأخرى,Riyadh,
,,Riyadh Oxygen Plant,,hotmail.com,mousa_399@hotmail.com,0505429662,صنع المواد الكيميائية والمنتجات الكيميائية,Riyadh,
,,Al Huwail Factory for Tire Retreading,,alhowail.com,riyadh@alhowail.com,0505415384,صنع منتجات المطاط والبلاستك,Riyadh,
,,Al Khuraiji Factory for Perfumes & Cosmetics,,alkhuraiji.com,gm@alkhuraiji.com,0505467300,صنع المواد الكيميائية والمنتجات الكيميائية,Riyadh,
,,Gulf Co. Factory for the Production of Polyester Powder,,hotmail.com,nasr_fodah@hotmail.com,0504279784,صنع منتجات المطاط والبلاستك,Riyadh,
,,Saudi Delta Co. Factory for Chemical Industries,,sdelte.com.sa,delta@sdelte.com.sa,0504450932,صنع المواد الكيميائية والمنتجات الكيميائية,Riyadh,
,,مصنع الرائز للكبريتات شركة الكيماويات والتسويق الوطنية,,sandiacids.com,rsf@sandiacids.com,0504426841,صنع المواد الكيميائية والمنتجات الكيميائية,Riyadh,
,,Al-Rowad Chemicals Factory Co.,,rowadchem.com,admin@rowadchem.com,0505405428,صنع المواد الكيميائية والمنتجات الكيميائية,Riyadh,
,,Riyadh Paints Factory,,hotmail.com,riyadh.paints@hotmail.com,0505282449,صنع المواد الكيميائية والمنتجات الكيميائية,Riyadh,
,,Chemical Company Factory for colored formations,,hotmail.com,aaabawazeer@hotmail.com,0598006260,صنع المواد الكيميائية والمنتجات الكيميائية,Riyadh,
,,Al Matroudi Paints Factory,,hotmail.com,al-matroudigroup@hotmail.com,0553222284,صنع المواد الكيميائية والمنتجات الكيميائية,Riyadh,
,,Bawabat Al-Atour Factory,,hotmail.com,ha33ha3@hotmail.com,0566524485,صنع المواد الكيميائية والمنتجات الكيميائية,Riyadh,
,,Gases Technology Factory,,yahoo.com,mekahtani@yahoo.com,0505253036,الصناعات التحويلية الأخرى,Riyadh,
,,Hotel Supplies Factory for Detergents and Cosmetics,,zajil.net,hcs@zajil.net,0555422263,صنع المواد الكيميائية والمنتجات الكيميائية,Riyadh,
,,Jaco Industrial Gases Factory,,jakogas.com,info@jakogas.com,0555401411,صنع المواد الكيميائية والمنتجات الكيميائية,Riyadh,
,,"Hana Company for Foods, a branch of  Manufacturing Technologies Co.",,hotmail.com,najdpai@hotmail.com,0503030133,صنع المواد الكيميائية والمنتجات الكيميائية,Riyadh,
,,Safco Detergents and Disinfectants Factory,,yahoo.com,safcows@yahoo.com,0555208763,صنع المواد الكيميائية والمنتجات الكيميائية,Riyadh,
,,Mohammed Abu Bakr Al-Amoudi Factory for Exhaust Manufacturing,,hotmail.com,amoudi_2@hotmail.com,0503430352,صنع منتجات المعادن المشكلة، باستثناء الالات والمعدات,Riyadh,
,,Medad Toner Factory,,medadtoner.com.sa,info@medadtoner.com.sa,0508356676,صنع المواد الكيميائية والمنتجات الكيميائية,Riyadh,
,,Yazid Mohamed Alkaeed Factory for Detergents,,hotmail.com,yz_m@hotmail.com,0554454666,صنع المواد الكيميائية والمنتجات الكيميائية,Riyadh,
,,Saudi Perlite Industries Foundation,,saudi-perlite.com.sa,hq@saudi-perlite.com.sa,0505447610,صنع منتجات المعادن اللافلزية الأخرى,Riyadh,
,,Qassim Oxygen Plan,,hotmail.com,gof.co@hotmail.com,0504891799,صنع المواد الكيميائية والمنتجات الكيميائية,Qassim,
,,Seekap Factory for Water Filters,,hotmail.com,srab191@hotmail.com,0506130061,صنع منتجات المطاط والبلاستك,Qassim,
,,Lamaait Al-Alwan Paints Factory,,ftinco.com,bright2017@ftinco.com,0553570174,صنع المواد الكيميائية والمنتجات الكيميائية,Qassim,
,,Magnesia Metals Co. Ltd.,,maaden.com.sa,jabhanw@maaden.com.sa,0504873225,صنع المواد الكيميائية والمنتجات الكيميائية,Medina,
,,Ismail Factory for Pipe Systems Technology,,yahoo.com,ialhendi@yahoo.com,0569868469,صنع المواد الكيميائية والمنتجات الكيميائية,Medina,
,,Khalid Abdulla Al-Sabbagh Factory for Paints and Pastes,,hotmail.com,alsabbagh_factory@hotmail.com,0505307528,صنع المواد الكيميائية والمنتجات الكيميائية,Medina,
,,Samadi Factory for Agricultural Fertilizers,,yahoo.com,semady_co@yahoo.com,0556699933,صنع المواد الكيميائية والمنتجات الكيميائية,Medina,
,,Saleh Abdulrahman Al-Muhaisin Glue factory,,masknee.com,abdulrhman@masknee.com,0555561122,صنع المواد الكيميائية والمنتجات الكيميائية,Medina,
,,Saleh Ali Al-Qahtani Paints Factory,,lemeted-p.com,info@lemeted-p.com,0555668695,صنع المواد الكيميائية والمنتجات الكيميائية,Medina,
,,Abdullah Abdul Aziz Al-Dakhil Factory for Industrial Gases,,digas.com.sa,obaid@digas.com.sa,0553150050,الصناعات التحويلية الأخرى,Medina,
,,Mohaya Hassan Al-Harbi Factory for Paints,,hotmail.com,w.m.al-harbi@hotmail.com,0565146512,صنع المواد الكيميائية والمنتجات الكيميائية,Medina,
,,Wael Hassan Farsy Factory for Filling Gases,,hotmail.com,alfarsi.group@hotmail.com,0560300036,صنع المواد الكيميائية والمنتجات الكيميائية,Medina,
,,Al-Bazie Industrial Gases Factory,,hotmail.com,albazei@hotmail.com,0504242883,صنع المواد الكيميائية والمنتجات الكيميائية,Tabuk,
,,Al-Daara Al-Arabia for Industry,,yahoo.com,arabcircl@yahoo.com,0554278960,صنع منتجات المعادن المشكلة، باستثناء الالات والمعدات,Jeddah,
,,Modern Construction Chemicals Co.,,hotmail.com,omar00015@hotmail.com,0500007292,صنع المواد الكيميائية والمنتجات الكيميائية,Jeddah,
,,Fast International Petrochemicals Co. Ltd. Factory (DADCO),,dadcoltd.com,yasir@dadcoltd.com,0505663708,صنع المواد الكيميائية والمنتجات الكيميائية,Jeddah,
,,Saudi Electric Industries Company (SEICO),,scipaints.com,fawaz.ah@scipaints.com,0553008899,صنع المواد الكيميائية والمنتجات الكيميائية,Jeddah,
,,United Industrial Company for Paints,,uicpaint.com,secretary@uicpaint.com,0554532832,صنع المواد الكيميائية والمنتجات الكيميائية,Jeddah,
,,International Paints Manufacturing Co. Ltd.,,hotmail.com,sipespaivlts@hotmail.com,0500600850,صنع المواد الكيميائية والمنتجات الكيميائية,Jeddah,
,,Arabian Perfumes Co. Ltd.,,patic.com.sa,mtaheni@patic.com.sa,0506668678,صنع المواد الكيميائية والمنتجات الكيميائية,Jeddah,
,,United Ink Production Company Limited (UIPC),,unitedinksa.com,info@unitedinksa.com,0551461742,صنع المواد الكيميائية والمنتجات الكيميائية,Jeddah,
,,National Industrial Resins Co.,,nesma.net.sa,nir@nesma.net.sa,0500000369,صنع المواد الكيميائية والمنتجات الكيميائية,Jeddah,
,,Saudi Factory For Specialized Chemicals,,sscichem.com,info@sscichem.com,0566022363,صنع المواد الكيميائية والمنتجات الكيميائية,Jeddah,
,,Al-Teknia Al-Robaia Co. Ltd. For Lead Recycling,,rasass.com.sa,kareem@rasass.com.sa,0552326262,صنع منتجات المعادن المشكلة، باستثناء الالات والمعدات,Jeddah,
,,Excellent Paints Co.,,premierpaints.com,banawer@premierpaints.com,0503620021,صنع المواد الكيميائية والمنتجات الكيميائية,Jeddah,
,,United Saadi Gronnfeldr Company,,cgs.com.sa,albert.blaya@cgs.com.sa,0554366908,صنع المواد الكيميائية والمنتجات الكيميائية,Jeddah,
,,Saudi Industrial Gas Co. Ltd. (SIGAS),,linde.com,ashraf.mohmoud@linde.com,0530303057,صنع المواد الكيميائية والمنتجات الكيميائية,Jeddah,
,,National Factory Co. for Cleaning Tools,,yahoo.com,helal_jeddah@yahoo.com,0561115557,صنع منتجات المطاط والبلاستك,Jeddah,
,,Johnson Saudi  Arabia Co. Ltd.,,scj.com,kalgirbi@scj.com,0555313533,صنع المواد الكيميائية والمنتجات الكيميائية,Jeddah,
,,Abdullah Hashim Company for Equipment and Gases,,wr.ahg.com.sa,ama@wr.ahg.com.sa,0535366604,صنع المواد الكيميائية والمنتجات الكيميائية,Jeddah,
,,Abdullah Mohamed Ba Jubair  & Sons  Co. for Gases,,jizangases.com,omar_amb@jizangases.com,0555699759,صنع المواد الكيميائية والمنتجات الكيميائية,Jeddah,
,,Saudi Vetonit Co. Ltd. - Saveto,,saudivetonit.com,ellabadi@saudivetonit.com,0558686808,صنع المواد الكيميائية والمنتجات الكيميائية,Jeddah,
,,Abu Dawood Group & Partners  Co. For Industry - Clorox Jeddah Factory,,abudawoodksa.com,atef.ismail@abudawoodksa.com,0505608741,صنع المواد الكيميائية والمنتجات الكيميائية,Jeddah,
,,"Musk International Industries Co., Ltd.",,gmail.com,khojali2010@gmail.com,0555672456,صنع منتجات المعادن المشكلة، باستثناء الالات والمعدات,Jeddah,
,,Al-Taj Soap Factory,,hotmail.com,aaaassaf@hotmail.com,0555642469,صنع المواد الكيميائية والمنتجات الكيميائية,Jeddah,
,,Insulating Materials Factory Co.,,insulationfactoryltd.com,info@insulationfactoryltd.com,0555683562,صنع منتجات المطاط والبلاستك,Jeddah,
,,Crystal Arabia Factory Co. for Modern Industries,,crystalarabia.com,info@crystalarabia.com,0505775711,صنع منتجات المطاط والبلاستك,Jeddah,
,,"Al-Nahadi Factory for Spare Parts, Casts and Filters",,muniffactory.com,info@muniffactory.com,0505689277,صنع منتجات المعادن المشكلة، باستثناء الالات والمعدات,Jeddah,
,,Al Sharq Paints Factories,,hotmail.com,un-factories@hotmail.com,0555612563,صنع المواد الكيميائية والمنتجات الكيميائية,Jeddah,
,,Ahmed Sadiq Naguib Mustafa Factory for Detergents,,yahoo.com,ahmadnajeeb2010@yahoo.com,0505605660,صنع المواد الكيميائية والمنتجات الكيميائية,Jeddah,
,,Ahmed Omar Buqshan Paints Factory,,bugshanpaints.com,bpi@bugshanpaints.com,0505651500,صنع المواد الكيميائية والمنتجات الكيميائية,Jeddah,
,,Al-Salem Factory for Light Industries,,gedac.com,musaed@gedac.com,0503772794,صنع منتجات المعادن المشكلة، باستثناء الالات والمعدات,Jeddah,
,,Al-Rehab Modern Factory for Perfumes,,alrehab.com,abuali@alrehab.com,0505728433,صنع المواد الكيميائية والمنتجات الكيميائية,Jeddah,
,,National Al-Sharq Modern Factory,,ibnmadi.com,binmadi@ibnmadi.com,0504622238,صنع منتجات المطاط والبلاستك,Jeddah,
,,Al-Maruaa Paints and Adhesives Factory,,gmail.com,adel.ali.911@gmail.com,0555359311,صنع المواد الكيميائية والمنتجات الكيميائية,Jeddah,
,,Jeddah Chemical Industries Factory,,alalameya.com,ahmeds@alalameya.com,0505657757,صنع المواد الكيميائية والمنتجات الكيميائية,Jeddah,
,,Jamjoum,,hotmail.com,jeddah_nebras@hotmail.com,0555628849,صنع المنتجات الصيدلانية,Jeddah,
,,Reda Chemical Industries Factory,,rezagroup.com,ssa@rezagroup.com,0551808589,صنع المواد الكيميائية والمنتجات الكيميائية,Jeddah,
,,Saeed Salem Bawazir Factory for Toothpaste,,sbtcgroup.com,abdulgaderbwz@sbtcgroup.com,0505580950,صنع المواد الكيميائية والمنتجات الكيميائية,Jeddah,
,,Salama Chemicals Factory (Barco),,balubaid.com.sa,maher.assad@balubaid.com.sa,0508254926,صنع المواد الكيميائية والمنتجات الكيميائية,Jeddah,
,,Mahaleel Al-Momaiaza Co. Factory for  Chemical Industries,,usci.com.sa,m.khafagy@usci.com.sa,056847745,صنع المواد الكيميائية والمنتجات الكيميائية,Jeddah,
,,Construction Materials Chemicals Factory,,cmci-sa.com,ali@cmci-sa.com,0505889479,صنع المواد الكيميائية والمنتجات الكيميائية,Jeddah,
,,Mushir Alem Factory for Perfumes,,mushiralam.com,info@mushiralam.com,0504384817,الصناعات التحويلية الأخرى,Jeddah,
,,Al-Bozlan Products Factory,,hotmail.com,malkiburkani@hotmail.com,0505595433,صنع منتجات المعادن اللافلزية الأخرى,Jeddah,
,,International Chemical Complex for Light Industries,,safraco.com,yghaleb@safraco.com,0565500886,الصناعات التحويلية الأخرى,Jeddah,
,,Adel Saeed Al-Isa'ee Company,,eysaioil.com,hishamali@eysaioil.com,0535706162,صنع المواد الكيميائية والمنتجات الكيميائية,Jeddah,
,,"Arabian Ladina For Industries Co., Ltd",,ladinaco.com,anas@ladinaco.com,0505703812,الصناعات التحويلية الأخرى,Jeddah,
,,Al Manar Chemical Liquid Factory,,hotmail.com,fazooz@hotmail.com,0503340593,صنع المواد الكيميائية والمنتجات الكيميائية,Jeddah,
,,Talasok Factory for Canning Glue,,gmail.com,nabil8616@gmail.com,0505905998,صنع المواد الكيميائية والمنتجات الكيميائية,Jeddah,
,,Al-Saif Al-Hadith Factory,,yahoo.com,roba19852009@yahoo.com,0562289895,الصناعات التحويلية الأخرى,Jeddah,
,,Al Soumly Ropes Factory,,hotmail.com,malsoumly@hotmail.com,0555606618,صنع المنسوجات,Jeddah,
,,Alpha Inks & Printing Materials Factory,,sps.net.sa,alphainks@sps.net.sa,0505606584,الطباعة,Jeddah,
,,Al-Madinah Al-Nazefa Factory for Detergents and Disinfectants,,gmail.com,cleancityfactory@gmail.com,0505605098,صنع المواد الكيميائية والمنتجات الكيميائية,Jeddah,
,,Khaled Abdallah Olwan Factory for Chemical Products,,hotmail.com,alwan_a58@hotmail.com,0550006472,صنع المواد الكيميائية والمنتجات الكيميائية,Jeddah,
,,Rosa International Factory for Perfumes and Oud,,outlook.com,rozeperfume@outlook.com,0596272686,صنع المواد الكيميائية والمنتجات الكيميائية,Jeddah,
,,Zeina International Paints Factory,,yahoo.com,zzsma2000@yahoo.com,0544454954,صنع المواد الكيميائية والمنتجات الكيميائية,Jeddah,
,,Al-Shorouq Paints Co. Ltd. Factory,,yahoo.com,shorooqpin987@yahoo.com,0500001070,صنع المواد الكيميائية والمنتجات الكيميائية,Jeddah,
,,Fursan Advanced Industrial Resins Co. Factory,,hotmail.com,abdelhadi_khair@hotmail.com,0506615197,صنع المواد الكيميائية والمنتجات الكيميائية,Jeddah,
,,Abdel Hadi Hassan Tahir & Partners Co. Factory for Concrete Treatment Chemicals,,cictg.com,salboraim@cictg.com,00966599998495,صنع المواد الكيميائية والمنتجات الكيميائية,Jeddah,
,,Abdullah Mohamed Ba Jubair & Sons Co. Factory for Industrial Gases,,jizangases.com,omar_amb@jizangases.com,0555699759,صنع المواد الكيميائية والمنتجات الكيميائية,Jeddah,
,,Muhanna Company for Irrigation & Agriculture Systems,,muhannaco.com,info@muhannaco.com,0505706972,صنع منتجات المطاط والبلاستك,Jeddah,
,,Abdullah Mohamed Al-Saadi Factory for Chemical Industries,,hotmail.com,yoki200@hotmail.com,0555548989,صنع المواد الكيميائية والمنتجات الكيميائية,Jeddah,
,,Abdel Rahman Al-Haddar Chemical Industry Factory,,alhadargroup.com,alhadar@alhadargroup.com,0507676192,صنع المواد الكيميائية والمنتجات الكيميائية,Jeddah,
,,Marafea Al-Hijaz Factory for Plastic Household Products,,hotmail.com,ahg1379@hotmail.com,0505659052,صنع منتجات المطاط والبلاستك,Jeddah,
,,Waleed Ali El-Merbaee Factory for Liquid Detergents and Shampoos,,hotmail.com,wasm1177@hotmail.com,0555355729,صنع المواد الكيميائية والمنتجات الكيميائية,Jeddah,
,,Al-Tadamon International Co. Ltd. for Perfumes,,yahoo.com,talsebay@yahoo.com,0555522226,صنع المواد الكيميائية والمنتجات الكيميائية,Jeddah,
,,Al-Faye Advanced Company for Dismantling Assembled Materials,,alfaye.com,am.abdulkareem@alfaye.com,0505621966,صنع المواد الكيميائية والمنتجات الكيميائية,Jeddah,
,,Branch of Hempel Paints Saudi Arabia Company,,hempel.com,haib@hempel.com,0550749762,صنع المواد الكيميائية والمنتجات الكيميائية,Jeddah,
,,Branch of Matheel Al-Nogoum Industrial Group,,gmail.com,ceo.mngsa@gmail.com,0505649909,صنع منتجات المعادن المشكلة، باستثناء الالات والمعدات,Jeddah,
,,Ibrahim Hassan Al-Ajmi Factory for the Production of Fillings,,hotmail.com,brhoom1399@hotmail.com,0502568393,صناعة المنتجات الغذائية,Jeddah,
,,Al-Najma Al-Motakhasisa Adhesives Factory,,asic.com.sa,sahl@asic.com.sa,0556927777,صنع المواد الكيميائية والمنتجات الكيميائية,Jeddah,
,,Saad bin Ali Al-Khammash Factory for Construction Chemicals,,gmail.com,saad.alkhammash@gmail.com,0505604245,صنع المواد الكيميائية والمنتجات الكيميائية,Jeddah,
,,El Markabat United Plastic Products Co.Factory,,almazro.com,almazro@almazro.com,0505414707,صنع المواد الكيميائية والمنتجات الكيميائية,Jeddah,
,,Mohamed Abdulrahman Al-Kaf Factory for Detergent and Automotive Liquids,,gmail.com,m.a.alkaf@gmail.com,0505640825,صنع المواد الكيميائية والمنتجات الكيميائية,Jeddah,
,,Munther Bezrah Factory for the Solvents Production,,gmail.com,zouher9@gmail.com,0541271732,صنع المواد الكيميائية والمنتجات الكيميائية,Jeddah,
,,Ahmed Nabil Kayali factory for the Manufacture of Detergents,,yahoo.com,ahmad_0909@yahoo.com,0503661236,صنع المواد الكيميائية والمنتجات الكيميائية,Jeddah,
,,Al-Shamal Oxygen Plant for Medical and Industrial Gases,,hotmail.com,jouf_co@hotmail.com,0598929371,صنع المنتجات الصيدلانية,Hail,
,,Jawaher Al-Amlaq Factory,,hotmail.com,ksa-v11@hotmail.com,0505166851,الصناعات التحويلية الأخرى,Hail,
,,Hammad Methqal Anzi Factory for the production of Gases,,hotmail.com,m-aenhail@hotmail.com,0555168286,صنع المواد الكيميائية والمنتجات الكيميائية,Hail,
,,North Delta Factory for Paints and Pastes,,hotmail.com,basssel00043@hotmail.com,0505157379,صنع المواد الكيميائية والمنتجات الكيميائية,Hail,
,,Nile Organic Fertilizer Factory,,gmail.com,nayelfertilizerss@gmail.com,0505156957,صنع المواد الكيميائية والمنتجات الكيميائية,Hail,
,,Sulaiman Abdul Rahman Al-Ajlan Factory for Stone and Artificial Marble,,windowslive.com,noorsar@windowslive.com,0505158508,الصناعات التحويلية الأخرى,Hail,
,,Yasser Ghazi Al-Shammari Factory for Tires Recycling,,hotmail.com,minthail@hotmail.com,0555151261,صنع منتجات المطاط والبلاستك,Hail,
,,Al-Jazeera Paints Factory Co.,,al-jazeerapaints.com,sgadran@al-jazeerapaints.com,0503077823,صنع المواد الكيميائية والمنتجات الكيميائية,سدير,
,,Atyaf Al-Sharq Factory for Paints and Pastes,,gmail.com,sultan.mhmd390@gmail.com,0504441840,صنع المواد الكيميائية والمنتجات الكيميائية,سدير,
,,Al Sarawat Paints Factory - Branch of the Abdul Rahman Salman Abdul Rahman Al Halafat Investment Co.,,hotmail.com,h_h_m_a@hotmail.com,0505486655,صنع المواد الكيميائية والمنتجات الكيميائية,سدير,
,,Khalid Mohamed Al-Shathri Factory for Cleaning Tools,,aramco.com.sa,sahilkm@aramco.com.sa,0505823958,الصناعات التحويلية الأخرى,سدير,
,,Al-Nazafa Al-Faala Co. Factory for Detergents and Disinfectants,,hotmail.com,vona551@hotmail.com,0504861817,صنع المواد الكيميائية والمنتجات الكيميائية,سدير,
,,Fouad Abdul Jalil Al-Fadly Co. Factory for Laboratory Cultures,,fuadalfadhli.com,faris@fuadalfadhli.com,0505216343,صنع المواد الكيميائية والمنتجات الكيميائية,سدير,
,,Safaa Al-Madina Factory for Sponge and Mattresses,,yahoo.com,saad2620@yahoo.com,0505459843,صنع الاثاث,سدير,
,,Abaq Al-Jazeera Detergents Factory,,gmail.com,ezdehaaar@gmail.com,0505208465,صنع المواد الكيميائية والمنتجات الكيميائية,سدير,
,,Turki Mohamed Al- Sanad Petrochemical Factory,,hotmail.com,sts_222222@hotmail.com,0505284904,صنع فحم الكوك والمنتجات النفطية المكررة,شقراء,
,,Saad Abdullah Fayez Al-Sahli Factory for Petrochemicals,,gmail.com,saadsahli16@gmail.com,0505484855,صنع فحم الكوك والمنتجات النفطية المكررة,شقراء,
,,Coloring Systems Co.,,tintingsys.com,info@tintingsys.com,0555215762,صنع المواد الكيميائية والمنتجات الكيميائية,عسيـــر,
,,Kingdom Paints Factory Co.,,yahoo.com,aborakan969@yahoo.com,0555756112,صنع المواد الكيميائية والمنتجات الكيميائية,عسيـــر,
,,Riyadh Oxygen Plant,,hotmail.com,mousa_399@hotmail.com,0554475597,صنع المواد الكيميائية والمنتجات الكيميائية,عسيـــر,
,,Al-Asad Factory for General Detergents,,hotmail.com,star05004@hotmail.com,0564764813,صنع المواد الكيميائية والمنتجات الكيميائية,عسيـــر,
,,Al-Reeyada Al-Haditha Factory for Automotive fluids,,hotmail.com,fg-m9987@hotmail.com,0504741911,صنع المواد الكيميائية والمنتجات الكيميائية,عسيـــر,
,,Al-Lawn Al-Zahi Paints Factory,,hotmail.com,mohmmed_007@hotmail.com,0567555416,صنع المواد الكيميائية والمنتجات الكيميائية,عسيـــر,
,,Future Paints Factory,,al-jazeerapaints.com,asulaiman@al-jazeerapaints.com,0555215762,صنع المواد الكيميائية والمنتجات الكيميائية,عسيـــر,
,,"Index Factory for the Production of Radiators, Distilled Water and Acid",,hotmail.com,almoaddi1@hotmail.com,0503076988,صنع المواد الكيميائية والمنتجات الكيميائية,عسيـــر,
,,Ahl Al-Esraa Factory for Detergents and Disinfectants,,ahalalsaraa.com,gm@ahalalsaraa.com,0590424824,صنع المواد الكيميائية والمنتجات الكيميائية,عسيـــر,
,,DAX Global Factory For Detergents and Disinfectants,,hotmail.com,top-wear@hotmail.com,0504584448,صنع المواد الكيميائية والمنتجات الكيميائية,عسيـــر,
,,Saeed Hadi Al-Qahtani Paints Factory,,hotmail.com,saeed-hady-alqahtani@hotmail.com,0598408400,صنع المواد الكيميائية والمنتجات الكيميائية,عسيـــر,
,,Al-Hanaya Restaurant & Supermarket,,jotun.com,mohamed.alsaiary@jotun.com,0555555665,,عسيـــر,
,,Al-Said Household Utensils Factory Co.,,alsayed-f.com,hisham@alsayed-f.com,0505504776,صنع منتجات المعادن المشكلة، باستثناء الالات والمعدات,Makkah,
,,Riyadh Oxygen Plant - Mecca Branch,,gmail.com,albassam80@gmail.com,0556148946,صنع المواد الكيميائية والمنتجات الكيميائية,Makkah,
,,Majid Modern Factory for Perfumes and Oud Manufacturing,,ajmalksa.com,abdullah.abbasi@ajmalksa.com,0507014185,صنع المواد الكيميائية والمنتجات الكيميائية,Makkah,
,,Elsarty Perfumes Co. factory,,sassatbestwmes.com,sassati@sassatbestwmes.com,0505510773,صنع المواد الكيميائية والمنتجات الكيميائية,Makkah,
,,Qabas Perfumes Co. Factory,,gabas.com,mohammad@gabas.com,0504502485,صنع المواد الكيميائية والمنتجات الكيميائية,Makkah,
,,Makka Factory for Automotive Paints,,aka.com.sa,omar@aka.com.sa,0555566270,صنع المواد الكيميائية والمنتجات الكيميائية,Makkah,
,,Mobily,,mobily.com.sa,corporate.sales@mobily.com.sa,0543211121,أخرى,Al Kharj,
,,Saudi Telecom Company (STC),,stc.com.sa,contact@stc.com.sa,0514527000,,Al Kharj,
,,Saudi Arabia Basic Industries Corporation - SABIC,,sabic.com,aalmarzooq@sabic.com,0000000000,صنع المواد الكيميائية والمنتجات الكيميائية,Dammam,
,,"Retage Al-Wasil Company for Services, Maintenance and Subsistence",,carpets.com,jaber@carpets.com,0505757403,أخرى,Riyadh,
,,Mobily,,mobily.com.sa,finance@mobily.com.sa,0561100148,أخرى,Qassim,
,,شركة سمسا للنقل السريع المحدودة,,gmail.com,electbill1@gmail.com,0555270117,,Hail,
,,Naqel Company,,naqel.com.sa,b.alsmail@naqel.com.sa,0593392269,,Hail,
,,Al-Bashir  Co. Factory for LEDs and Lighting,,yahoo.com,albushaierco@yahoo.com,0505930309,صنع منتجات المعادن المشكلة، باستثناء الالات والمعدات,Al Ahsa,
,,Resonance Systems Factory for Car Accessories,,hotmail.com,r-s-e-e@hotmail.com,0559994015,صنع منتجات المطاط والبلاستك,Al Kharj,
,,Al-Shorouq Foam Factory Factory Ltd.,,hotmail.com,shorooqcom@hotmail.com,0505106145,الصناعات التحويلية الأخرى,Al Kharj,
,,Ayed Obaid Abdullah Al-Jeaidi Al-Dosari Factory,,yahoo.com,aljoaidigroup@yahoo.com,0505775590,صنع منتجات المعادن المشكلة، باستثناء الالات والمعدات,Al Kharj,
,,Nour Almasa Company,,hotmail.com,mmayyassi@hotmail.com,0503109249,صنع منتجات المعادن المشكلة، باستثناء الالات والمعدات,Al Kharj,
,,Al Ebtekar for Packaging and Printing,,al-ebtekar.com,ebtekar1@al-ebtekar.com,0505815021,الطباعة,Dammam,
,,Al-Sharqiya Printing and Press Co.,,hotmail.com,alkhnani@hotmail.com,0555842055,الطباعة,Dammam,
,,Arabian Fiberglass Insulation Co. Ltd. (AFICO),,zamilindustrial.com,ramzi@zamilindustrial.com,0502733333,صنع منتجات المطاط والبلاستك,Dammam,
,,National Paper Products Company,,napcogroup.com,fahad.alsudairi@napcogroup.com,0559104000,صنع الورق ومنتجات الورق,Dammam,
,,Al-Tamimi Company for the Manufacture of Adhesive Tapes,,almimi.com,tamimi.ho@almimi.com,0555823348,صنع منتجات المطاط والبلاستك,Dammam,
,,شركة الشرق الأوسط لمكيفات الهواء المحدودة,,zamilindustrial.com,ramzi@zamilindustrial.com,0555932328,صنع الالات والمعدات غير المصنفة في موضع اخر,Dammam,
,,Al-Madina Printing & Publication Co.,,sppc.com.sa,ahmed.bafaqer@sppc.com.sa,0506882624,الطباعة,Dammam,
,,Safa Aluminium Saudi Co.,,safaluminium.com,fahad@safaluminium.com,0555812976,صنع منتجات المعادن المشكلة، باستثناء الالات والمعدات,Dammam,
,,NAPCO  Consumable Products Company,,napcogroup.com,ailah@napcogroup.com,0541510151,صنع منتجات المطاط والبلاستك,Dammam,
,,"Ondeo Nalco Saudi Co., Ltd.",,nalco.com,alshaik@nalco.com,0506810832,صنع منتجات المعادن المشكلة، باستثناء الالات والمعدات,Dammam,
,,Waha Saudi Company Limited for Electric Supplies (Wescosa),,wescosa.com,jaffaryusuf@wescosa.com,0558666474,الصناعات التحويلية الأخرى,Dammam,
,,Saudi Aluminium and Iron Hanger Factory,,alnajim.com,nasico@alnajim.com,0555816421,صنع منتجات المعادن اللافلزية الأخرى,Dammam,
,,Riyadh Furniture Factory,,hotmail.com,rffmmww@hotmail.com,0504833534,صنع منتجات المطاط والبلاستك,Dammam,
,,Zamil Ladder Factory,,zamilal.com,ibrahim@zamilal.com,0599735300,صنع الالات والمعدات غير المصنفة في موضع اخر,Dammam,
,,Al-Salamah Radiators Factory,,salamaradiator.com,info@salamaradiator.com,0509888881,الصناعات التحويلية الأخرى,Dammam,
,,Aluminium and Glass Specialized Industries Co. Factory,,gsi-glass.com,fathi.surkhi@gsi-glass.com,0535005546,صنع منتجات المعادن المشكلة، باستثناء الالات والمعدات,Dammam,
,,Fiber Q-Lite Industries Arabic,,cmci-sa.com,moussa@cmci-sa.com,0503823110,صنع منتجات المطاط والبلاستك,Dammam,
,,Al-Magel Wooden Platforms Factory,,almoajilholding.com,azahrani@almoajilholding.com,0599968959,صنع الخشب ومنتجات الخشب والفلين، باستثناء الاثاث؛ صنع اصناف من القش ومواد الضفر,Dammam,
,,Al-Nahda Radiators Factory,,hotmail.com,gm_anhdh@hotmail.com,0503850479,صنع منتجات المعادن المشكلة، باستثناء الالات والمعدات,Dammam,
,,Al-Hajiri Factory for Thermal Insulation and Cooling,,alhajryco.com,info@alhajryco.com,0503832060,صنع منتجات المطاط والبلاستك,Dammam,
,,Hawaa Factory for Wiring  Accessories Industry,,yahoo.com,maheryhawa@yahoo.com,0555894047,صنع منتجات المعادن المشكلة، باستثناء الالات والمعدات,Dammam,
,,Ramsey Est.  Factory for Aluminum,,ramzialuminum.com.saom,a.munasif@ramzialuminum.com.saom,0593333614,صنع منتجات المعادن المشكلة، باستثناء الالات والمعدات,Dammam,
,,Al-Iman Printing Press,,aleman.com.sa,info@aleman.com.sa,0505807003,الطباعة,Dammam,
,,Al-Treki Printing Press,,altraiki.com,info@altraiki.com,0505806141,الطباعة,Dammam,
,,Al Hilal Electronic Printing Co. Ltd.,,alhilalprinting.com,info@alhilalprinting.com,0505853989,صنع الحواسيب والمنتجات الإلكترونية والبصرية,Dammam,
,,Hussein Ismail Office Systems Est.,,alismail.com,hisham@alismail.com,0505239864,صنع الاثاث,Dammam,
,,Al-Owaidah Co. For Industries,,owaidah.com,industry@owaidah.com,0555251208,صنع منتجات المعادن المشكلة، باستثناء الالات والمعدات,Riyadh,
,,Saudi Gulf Hydraulics Co. Ltd.,,falgroup.com.sa,saad@falgroup.com.sa,0501802211,صنع الالات والمعدات غير المصنفة في موضع اخر,Riyadh,
,,Saudi Gulf Environmental Protection Company SEPCO,,hotmail.com,sepcoriyadh@hotmail.com,0500200404,صنع المواد الكيميائية والمنتجات الكيميائية,Riyadh,
,,Saudi Mechanical Industries Co.,,smi.com.sa,admin@smi.com.sa,0503432319,صنع الالات والمعدات غير المصنفة في موضع اخر,Riyadh,
,,Arab Company for Cable Polymers Limited - Plascom,,plascom.com.sa,info@plascom.com.sa,0504778166,صنع منتجات المطاط والبلاستك,Riyadh,
,,Arabian Micro Industries Company,,api-co.com,sales@api-co.com,0505494878,الصناعات التحويلية الأخرى,Riyadh,
,,National Company for Cleaning and Paint Brushes,,nibco-ltd.com,info@nibco-ltd.com,0505441886,صنع المواد الكيميائية والمنتجات الكيميائية,Riyadh,
,,Saudi Car Spare Parts Factory,,yahoo.com,diedansalem@yahoo.com,0505216912,صنع الالات والمعدات غير المصنفة في موضع اخر,Riyadh,
,,Saudi Flags Factory Co.,,hotmail.com,saudiflags@hotmail.com,0500507330,صنع المنسوجات,Riyadh,
,,Al-Khorayef Industries Co.,,alkhorayef.com,factory@alkhorayef.com,0503409694,صنع المعدات الكهربائية,Riyadh,
,,Riyadh Foundry Factory for Metal Smelting & Forming,,sudairygroup.com,info@sudairygroup.com,0505994899,صنع منتجات المعادن المشكلة، باستثناء الالات والمعدات,Riyadh,
,,SABIC Industrial Center,,sabic.com,alsherehyf@sabic.com,0504478143,صنع المواد الكيميائية والمنتجات الكيميائية,Riyadh,
,,Ahmad Fahad Al-Dakhil Factory for Perfumes and Cosmetics,,aldakheeloud.com,info@aldakheeloud.com,0505422475,الصناعات التحويلية الأخرى,Riyadh,
,,Wood Furnaces Factory,,hotmail.com,fahd.s.r@hotmail.com,0556434656,صنع منتجات المعادن المشكلة، باستثناء الالات والمعدات,Riyadh,
,,Dry Mixtures Factory,,dmc-mix.com,quality@dmc-mix.com,0506176191,صنع المواد الكيميائية والمنتجات الكيميائية,Riyadh,
,,Salman Johar Al-Johar Factory for the Production of Accessories,,wofoor.com.sa,wofoor@wofoor.com.sa,0506284745,صنع منتجات المعادن المشكلة، باستثناء الالات والمعدات,Riyadh,
,,Riyadh Envelope Factory,,abaker.com.sa,ref@abaker.com.sa,0505817509,صنع الورق ومنتجات الورق,Riyadh,
,,Saudi Specialized Materials Company Factory,,saudicolmef.com,faisal@saudicolmef.com,0553828236,صنع منتجات المطاط والبلاستك,Riyadh,
,,Global Marketing Center Factory,,othaimmarkets.com,am.alhaddad@othaimmarkets.com,0555477438,الصناعات التحويلية الأخرى,Riyadh,
,,World Kitchen Factory,,hotmail.com,kudeybaker@hotmail.com,0502184806,صنع منتجات المعادن المشكلة، باستثناء الالات والمعدات,Riyadh,
,,Salman Johar Al-Johar Factory for the Production of Formica,,gmail.com,rakanaljohar1@gmail.com,0544222927,صنع منتجات المطاط والبلاستك,Riyadh,
,,Al-Awal Co. Factory for Industry,,ftc.com.sa,abyan@ftc.com.sa,0505286050,صنع منتجات المعادن المشكلة، باستثناء الالات والمعدات,Riyadh,
,,Al Majid Factory for Oud,,almajed4oud.com,rents@almajed4oud.com,0505452282,صنع المواد الكيميائية والمنتجات الكيميائية,Riyadh,
,,Mohamed Saeed Talib  & Partners Factory for Swimming Tools,,hotmail.com,mohammedbintalibco@hotmail.com,0505442004,صنع الالات والمعدات غير المصنفة في موضع اخر,Riyadh,
,,Nojoom Al-Sharaa Factory for Prefabricated Houses,,hotmail.com,zureea_est@hotmail.com,0554128458,صنع منتجات المعادن المشكلة، باستثناء الالات والمعدات,Riyadh,
,,Welph Technology Factory,,eteehsco.com,abbas@eteehsco.com,0506246235,صنع منتجات المطاط والبلاستك,Riyadh,
,,Saudi Factory for Fight Equipment  (SFFECO),,sffeco.com.sa,hadi@sffeco.com.sa,0504107576,الصناعات التحويلية الأخرى,Riyadh,
,,Gwen Factory for Goldsmithing and Jewelry,,hotmail.com,al_juhni@hotmail.com,0505309738,الصناعات التحويلية الأخرى,Medina,
,,Arabian Sulfonates Company (ASCO),,asco.com.sa,saud@asco.com.sa,0546655868,صنع منتجات المطاط والبلاستك,Jeddah,
,,Al-Jadid Factory,,hotmail.com,aimnalrifai@hotmail.com,0500500432,صنع منتجات المعادن المشكلة، باستثناء الالات والمعدات,Jeddah,
,,Al-Ashab Al-Motahidon Co.,,alrazimed.com,ceo@alrazimed.com,0555622583,صنع منتجات المعادن اللافلزية الأخرى,Jeddah,
,,Al-Sharq Al-Arabi Industry Co. Ltd.,,cyberia.net.sa,arabeast@cyberia.net.sa,0560822067,صنع منتجات المعادن المشكلة، باستثناء الالات والمعدات,Jeddah,
,,Modern Products Company,,pg.com,alahmadi.aa@pg.com,0500020659,الصناعات التحويلية الأخرى,Jeddah,
,,ZahabCompany Limited,,dahabksa.com,info@dahabksa.com,0503315619,صنع منتجات المعادن المشكلة، باستثناء الالات والمعدات,Jeddah,
,,Saudi  Sikly Company,,saudisicli.com.sa,ahmad@saudisicli.com.sa,0556669911,صنع منتجات المعادن المشكلة، باستثناء الالات والمعدات,Jeddah,
,,"Tiba Co., Ltd. For Forging and Jewelry",,taiba.com,factory@taiba.com,0504610712,الصناعات التحويلية الأخرى,Jeddah,
,,Friesland Arab Company,,frieslandcampina.com,shami.alraabi@frieslandcampina.com,0509672860,صنع منتجات المطاط والبلاستك,Jeddah,
,,Asawer Factory for Precious Metals and Jewelries,,yahoo.com,m_tayer@yahoo.com,0504659359,صنع منتجات المعادن المشكلة، باستثناء الالات والمعدات,Jeddah,
,,Al Alamein Abrasive Factory,,gmail.com,abedalghaleb@gmail.com,0509466646,صنع منتجات المعادن اللافلزية الأخرى,Jeddah,
,,Baligh Al-Thuraya factory,,hotmail.co.uk,hamj@hotmail.co.uk,0505607148,صنع المواد الكيميائية والمنتجات الكيميائية,Jeddah,
,,Masa Al-Sharq Factory for Jewellery Boxes,,hotmail.com,masat-boxes@hotmail.com,0555578611,صنع منتجات المطاط والبلاستك,Jeddah,
,,Masagh Factory for Gold & Jewellery,,gmail.com,yahya.hotan30@gmail.com,0546819690,الصناعات التحويلية الأخرى,Jeddah,
,,Al-Taber Arab Factory Co. for Gold Coining,,homail.com,ms_waseem@homail.com,0504598307,صنع منتجات المعادن المشكلة، باستثناء الالات والمعدات,Jeddah,
,,Al Yamama Company Factory for Golden Works,,yahoo.com,yamamah_factory@yahoo.com,0507008084,الصناعات التحويلية الأخرى,Jeddah,
,,Khalid Mahmoud Manzour Elahi & Co. Company Factory for Golden Articrafts,,gmail.com,khawaja404@gmail.com,0591605404,صنع منتجات المعادن المشكلة، باستثناء الالات والمعدات,Jeddah,
,,Mohammad Omar Al-Ammari  & Partner Co. Factory for Gold crafts,,yahoo.com,moammed_alamary@yahoo.com,0505600892,الصناعات التحويلية الأخرى,Jeddah,
,,Younis Ahmed Al-Attas Factory for Gold & Jewelry,,hotmail.com,alattas_99@hotmail.com,0592008000,صنع منتجات المعادن المشكلة، باستثناء الالات والمعدات,Jeddah,
,,Glassworks Factory for Glass,,hotmail.com,al_mshtaak@hotmail.com,0504848476,الصناعات التحويلية الأخرى,حفر الباطن,
,,Mahmoud Yousef Adada & Essam Kabbani & Partners Company,,adada-kabbani.com,daif@adada-kabbani.com,0555508681,صنع منتجات المعادن المشكلة، باستثناء الالات والمعدات,Makkah,
,,United Group Factory Company,,yahoo.com,ugalco@yahoo.com,0506527644,صنع منتجات المعادن المشكلة، باستثناء الالات والمعدات,Makkah,
,,Adnan Ahmed Atwa Factory & Partners,,hotmail.com,e.makki@hotmail.com,0552274242,صنع منتجات المعادن المشكلة، باستثناء الالات والمعدات,Makkah,
,,Arab Health Medical Supplies Factory,,hotmail.com,bandarab@hotmail.com,0505411132,صنع المنتجات الصيدلانية,Al Ahsa,
,,Habib International Company for Industries,,gmail.com,habibmasif@gmail.com,0531552255,صنع منتجات المطاط والبلاستك,Al Kharj,
,,Shifaa United Factory for Medical Devices,,shifaaunited.com,info@shifaaunited.com,0500788681,صنع منتجات المطاط والبلاستك,Al Kharj,
,,"Shams  Medical Care Factory for Disinfectants, Detergents, Pharmaceutical and Cosmetics",,yahoo.com,scph2020@yahoo.com,0501197285,صنع المنتجات الصيدلانية,Al Kharj,
,,Kol Al-Hemaya Factory for Plastic Medical Devices,,hotmail.com,abdullahwaves@hotmail.com,0504114050,صنع منتجات المطاط والبلاستك,Al Kharj,
,,Al-Shifa Medical Syringe Manufacturing Company,,alshifa.com,abdulaziz@alshifa.com,0554141508,صنع المنتجات الصيدلانية,Dammam,
,,Dammam Pharmaceutical Co. Factory,,spimaco.sa,maan.alkhlaiwi@spimaco.sa,0559502222,صنع المنتجات الصيدلانية,Dammam,
,,Industrial company for Casting and Sanitary Ware,,saudicast.com,abdulaziz@saudicast.com,0556463353,صنع منتجات المعادن اللافلزية الأخرى,Riyadh,
,,Al-Takadoum Medical,,yahoo.com,islam_zoghby2008@yahoo.com,0543501153,الصناعات التحويلية الأخرى,Riyadh,
,,Khatma Al-Tebia factory for Handicapped Supporting Equipment,,hotmail.com,althubiti@hotmail.com,0505721609,الصناعات التحويلية الأخرى,Riyadh,
,,Saudi Pharmaceutical Industries Co. Ltd.,,saudi-pharma.net,info@saudi-pharma.net,0505468850,صنع المنتجات الصيدلانية,Riyadh,
,,Saudi Health Products Co.,,dispro.net,dispro@dispro.net,0505492757,صنع منتجات المعادن اللافلزية الأخرى,Riyadh,
,,Abdul Wahab Fahd Al-Hazemi Factory for Industrial Stone,,korgma.com.sa,turkybawazir@korgma.com.sa,0503467821,صنع المنتجات الصيدلانية,Riyadh,
,,Al-Teknia Al-Hararia Co. for the Production of Al-Firax,,unimed.com.sa,general@unimed.com.sa,0504404223,صنع المنتجات الصيدلانية,Riyadh,
,,National Medical Products Co. Ltd.,,damad.com,faisal.almaammar@damad.com,0503495331,صنع المنتجات الصيدلانية,Riyadh,
,,Saudi Factory for toiletries ( Brichko ),,alhaleefgroup.com,info@alhaleefgroup.com,0502889433,صنع منتجات المطاط والبلاستك,Riyadh,
,,Arab Factory Co. for Lab Reagets & Medical Solutions,,adamcoltd.com,mail@adamcoltd.com,0569758953,صنع المنتجات الصيدلانية,Riyadh,
,,Medical & Cosmetic Products Company-Riyadh Pharma,,riyadhpharma.com,mshreah@riyadhpharma.com,0540639921,صنع المنتجات الصيدلانية,Riyadh,
,,Demas Company for Medical Products,,demas-group.com,demas@demas-group.com,0568607005,صنع المنتجات الصيدلانية,Riyadh,
,,Seha Factory for Solutions and Pharmaceuticals,,hotmail.com,sahhamedicl@hotmail.com,0553573338,صنع المنتجات الصيدلانية,Riyadh,
,,Saudi  Mais Company for Medical Products,,mais.com.sa,fm@mais.com.sa,0556262527,صنع المنتجات الصيدلانية,Riyadh,
,,Medical Tools and Supplies Factory,,mdm-sa.com,info@mdm-sa.com,0533322288,صنع المنتجات الصيدلانية,Riyadh,
,,National Pharmaceutical Factory,,hotmail.com,prpask@hotmail.com,0504475849,صنع المنتجات الصيدلانية,Riyadh,
,,Arabian Company for Leather Products,,simat.com.sa,farook@simat.com.sa,0508048258,صنع المنتجات الصيدلانية,Riyadh,
,,Saudi Pharmaceutical Solutions Co. Factory,,smsco.com,info@smsco.com,0505477470,صنع المنتجات الصيدلانية,Riyadh,
,,Biomedical Products Factory,,hotmail.cim,saad1973-1@hotmail.cim,0551817000,صنع المنتجات الصيدلانية,Riyadh,
,,Arabian Products Factory for Medical Disinfectants,,yahoo.com,hamadehwassim@yahoo.com,0547800003,صنع المنتجات الصيدلانية,Riyadh,
,,Tawasef Biotechnology Factory,,tawasef.com,tawasef@tawasef.com,0505480885,صنع منتجات المعادن المشكلة، باستثناء الالات والمعدات,Riyadh,
,,Sara Factory for Medical and Laboratory Supplies,,gmail.com,hswaidan@gmail.com,0548666609,صنع المنتجات الصيدلانية,Riyadh,
,,Saudi Pharmaceutical Industries Co.,,spimaco.sa,yasser.aljarbou@spimaco.sa,0507049993,صنع المنتجات الصيدلانية,Qassim,
,,Al Saeed Industrial and Medical Gas Co,,gmail.com,abdulmajeed.sgp@gmail.com,0507244445,صنع المنتجات الصيدلانية,Qassim,
,,Factory of Mustafa and Nabil Mohamed Samer Kerman and Partners Company Branch - Al-Razi Laboratories,,yahoo.com,razipharmasa111@yahoo.com,0552951826,صنع المنتجات الصيدلانية,Medina,
,,Al-Takamul Gulf Factory for Pharmaceutical Industries,,hotmail.com,zahranihm@hotmail.com,0504221332,صنع المنتجات الصيدلانية,Jazan,
,,Saudi Japanese Pharmaceutical Co. Ltd.,,sajapharma.com,saeed.almalki@sajapharma.com,0553353323,صنع المنتجات الصيدلانية,Jeddah,
,,Al-Raaya Al-Raida Pharmaceutical Industries Co. Ltd,,hotmail.com,animalcarepharm@hotmail.com,0505662914,صنع المنتجات الصيدلانية,Jeddah,
,,Saudi Perfumes & Cosmetics Factory Co. Ltd.,,msgi-sa.com,mahdy@msgi-sa.com,0544144913,صنع المواد الكيميائية والمنتجات الكيميائية,Jeddah,
,,Batterjee Pharmaceuticals and Medical Appliances Factory,,batterjeeholding.com,a.adel@batterjeeholding.com,0506364050,صنع المنتجات الصيدلانية,Jeddah,
,,Medical Solutions Factory Co.,,psi.com.sa,admin@psi.com.sa,0504379355,صنع المنتجات الصيدلانية,Jeddah,
,,"Al-Sharq Factory for Cleaners, Disinfectants & Cosmetics",,gmail.com,alsharq.dtr@gmail.com,0557200999,صنع المواد الكيميائية والمنتجات الكيميائية,Jeddah,
,,Al Hilal Medical Reagents company,,crescentksa.com,crescent@crescentksa.com,0504788048,صنع المنتجات الصيدلانية,Jeddah,
,,Abdel Khaliq Saeed Factory for Perfumes and Cosmetics,,aksaeedgroup.net,mamoun@aksaeedgroup.net,0504633677,صنع المواد الكيميائية والمنتجات الكيميائية,Jeddah,
,,Drug City Factory for Pharmaceutical Industry,,medcitypharma.com,md.admin@medcitypharma.com,0534355666,صنع المنتجات الصيدلانية,Jeddah,
,,Oasis Factory for Perfumes and Cosmetics,,hotmail.com,yahya995@hotmail.com,0505698677,الصناعات التحويلية الأخرى,Jeddah,
,,Ali Hussein Bou Abd Banafea Factory for Perfumes and Cosmetics,,gmail.com,ahb717@gmail.com,0505610732,الصناعات التحويلية الأخرى,Jeddah,
,,Qotouf Al-Wadi Factory for Hair Oils and Cosmetics,,hotmail.com,abudl5965@hotmail.com,0505745607,صنع المواد الكيميائية والمنتجات الكيميائية,Jeddah,
,,Ahmed Ibrahim Mesbahi Factory for Perfumes and Cosmetics,,almusbah.com,international@almusbah.com,0505625000,صنع المواد الكيميائية والمنتجات الكيميائية,Jeddah,
,,Al-Jawad Zain Cosmetics Factory,,gmail.com,aljawadzain@gmail.com,0503678135,صنع المواد الكيميائية والمنتجات الكيميائية,Jeddah,
,,"Al-Sharq Factory for Cleaners, Disinfectants & Cosmetics",,gmail.com,alsharq.dtr@gmail.com,0557200999,صنع المواد الكيميائية والمنتجات الكيميائية,Jeddah,
,,Entsar Gamal Al-Turky Factory for Detergents and Cosmetics,,ganache-sa.com,anfb@ganache-sa.com,0555669594,صنع المواد الكيميائية والمنتجات الكيميائية,Jeddah,
,,Bone Care Technique Factory for Readymade Medical Splints,,ortho-technics.com,info@ortho-technics.com,0506605444,صنع منتجات المطاط والبلاستك,Jeddah,
,,Rawayea Al-Andalib Factory for Perfumes & Cosmetics,,hotmail.com,maomd-2007@hotmail.com,0503634205,صنع المواد الكيميائية والمنتجات الكيميائية,Jeddah,
,,Al-Mourouj Detergents & Cosmetics Co. Factory,,yahoo.com,km_alsayed@yahoo.com,0564690125,الصناعات التحويلية الأخرى,Jeddah,
,,Saleh Ahmed Bin Afif Cosmetics Factory,,hotmail.com,salehbinafif@hotmail.com,0505627646,صنع المواد الكيميائية والمنتجات الكيميائية,Jeddah,
,,Abdel Rahman Qurban Factory for Perfumes and Cosmetics,,yahoo.com,zainu_payyoli@yahoo.com,0505674640,الصناعات التحويلية الأخرى,Jeddah,
,,"Faisal Ali Al-Solaimi Factory for Detergents, Disinfectants and Cosmetics",,hotmail.com,abu.r21@hotmail.com,0566620460,صنع المواد الكيميائية والمنتجات الكيميائية,Jeddah,
,,Factory of Al-Sharqia International Group for Perfumes and Cosmetics,,gmail.com,alsharq.dtr@gmail.com,0505621964,صنع المواد الكيميائية والمنتجات الكيميائية,Jeddah,
,,Aja Pharmaceutical Industries Co. Factory,,ajapharma.com,skazi@ajapharma.com,0559667113,صنع المنتجات الصيدلانية,Hail,
,,Tadawi Biomedical,,gmail.com,sudairstud@gmail.com,0505485400,صنع المنتجات الصيدلانية,سدير,
,,Al-Dawaa Medical Services Co. Ltd.,,al-dawaa.com.sa,saud@al-dawaa.com.sa,0556065550,,سدير,
,,Enmaeyat Trading Co.,,enmaeyat.com.sa,a.beshbeshy@enmaeyat.com.sa,0552993388,صنع المنتجات الصيدلانية,سدير,
,,Insulin Factory for the Production of the Insulin Hormone,,yahoo.com,abmosa@yahoo.com,0554252020,صنع المنتجات الصيدلانية,سدير,
,,Al-Afrad Factory for Medical Supplies,,hotmail.com,gg4-@hotmail.com,0533312945,صنع المنتجات الصيدلانية,سدير,
,,Advanced Medical Supplies Factory,,gmail.com,masnaa100@gmail.com,0505244521,صنع الالات والمعدات غير المصنفة في موضع اخر,سدير,
,,Medical Disinfectants Factory,,gmail.com,abeabed@gmail.com,0566665250,صنع المواد الكيميائية والمنتجات الكيميائية,سدير,
,,Effective Medical Materials Factory,,hotmail.com,shaqha@hotmail.com,0556442288,صنع المنتجات الصيدلانية,سدير,
,,"Hakim Factory for Pharmaceutical Industries, Ltd.",,methaqe.com,atoom@methaqe.com,0548807736,صنع المنتجات الصيدلانية,سدير,
,,Medical Solutions Services Factory,,cooperationmedical.com,abdullah@cooperationmedical.com,0505880992,صنع المنتجات الصيدلانية,سدير,
,,Sulaiman Abdullah Al-Hamid Factory for Laboratories,,yahoo.com,darrapw@yahoo.com,0503919997,صنع المنتجات الصيدلانية,سدير,
,,Sadir Pharmaceutical Company Factory for Drugs,,live.com,yobaida@live.com,0505977171,صنع المنتجات الصيدلانية,سدير,
,,Al-Ekteiar Al-Afdal Co. Factory for Medicines and Cosemtics,,bch.com.sa,soliman@bch.com.sa,0500933515,صنع المنتجات الصيدلانية,سدير,
,,Al-Tayf Pharmaceutical Company Factory,,prime-axis.com,abdulaziz.alsheikh@prime-axis.com,966505611960,صنع المنتجات الصيدلانية,سدير,
,,Alam Al-Salama Al-Tebia Co.,,pulse.com.sa,faisal@pulse.com.sa,0551515151,صنع المنتجات الصيدلانية,سدير,
,,Qemmat Al-Adweya Factory for Pharmaceutical Industries,,alhamaed.com,wail.alqasim@alhamaed.com,0504432109,صنع المنتجات الصيدلانية,سدير,
,,Saudi Veterinary Pharmaceutical Products Factory,,alessatc.com.sa,dr.mohammed@alessatc.com.sa,0505336446,صنع المنتجات الصيدلانية,سدير,
,,Hafaf Factory for Sanitary Ware,,hotmail.com,almuwannis@hotmail.com,0554006002,الصناعات التحويلية الأخرى,سدير,
,,Arab Pharmaceutical Manufacturing Co. Ltd.,,arabio.com,majedotaibi@arabio.com,0500405948,صنع المنتجات الصيدلانية,Makkah,
,,Jawharet Al-Sarti Jewel Factory Co. for Perfumes and Cosmetics,,surrati.com,abdulilah@surrati.com,0555644173,صنع المواد الكيميائية والمنتجات الكيميائية,Makkah,
,,Ali Nasser AL-Kadi Factory for Medical Supplies,,hotmail.com,alfar5a@hotmail.com,0504560067,صنع المنتجات الصيدلانية,Najran,
,,Ali Malfi Khadraa Factory for Medical Tools and Supplies,,hotmail.com,kh77720@hotmail.com,0505814848,صنع المنتجات الصيدلانية,Najran,
,,National Furniture Factory,,hotmail.com,nnflat@hotmail.com,0566211105,صنع الاثاث,Al Ahsa,
,,Khalid Al-Hubail & Partner Co.  Factory for Home Furnishings,,nattily.com,khalid@nattily.com,0505920787,صنع الاثاث,Al Ahsa,
,,Al- Abdulkader Furniture Factory,,alabdulkader.com,ahfc.office@alabdulkader.com,0505410022,صنع المنسوجات,Al Ahsa,
,,Asir Factory for Gypsum Decorations,,hotmail.com,lam.sat@hotmail.com,0555776426,صنع الخشب ومنتجات الخشب والفلين، باستثناء الاثاث؛ صنع اصناف من القش ومواد الضفر,Al Bahah,
,,Qasr Al-Zan  Furniture Factory,,hotmail.com,qaser-2012@hotmail.com,0555777071,صنع الاثاث,Al Bahah,
,,Alam Beladi Furniture Factory Co.,,yahoo.com,hassan.fawzi@yahoo.com,0555465221,صنع الاثاث,Al Kharj,
,,Mohamed Al-Bassam & Partners Factory Co. Ltd. for Furniture Industry,,hotmail.com,alrawajib@hotmail.com,0500122267,صنع الاثاث,Al Kharj,
,,Al-Qasr Al-Makhmali Furniture Factory,,daralhadaya.com,farhat@daralhadaya.com,0544885885,صنع المنسوجات,Al Kharj,
,,Hadith Al-Majales factory for Wooden Furniture,,windowslive.com,ft222@windowslive.com,0503057963,صنع الاثاث,Al Kharj,
,,Dar Mammlakat Al-Reiaba Factory for Sponge,,hotmail.com,fathi_razeq@hotmail.com,0555470496,صنع الاثاث,Al Kharj,
,,Dorat Al-Shawahin Factory for Wood Industries,,hotmail.com,baadr_4_ever@hotmail.com,0555105010,الصناعات التحويلية الأخرى,Al Kharj,
,,Raed Al-Nagah Factory for Manufacturing Office & school furniture,,gmail.com,edu05054@gmail.com,0505401670,صنع الاثاث,Al Kharj,
,,Saudi Emaar Company Factory,,hotmail.com,saudiemaar@hotmail.com,0554110885,صنع الاثاث,Al Kharj,
,,Country Factory for Metal & Wood Industries,,zamilac.com,mansoora@zamilac.com,0505453173,صنع الخشب ومنتجات الخشب والفلين، باستثناء الاثاث؛ صنع اصناف من القش ومواد الضفر,Al Kharj,
,,Marateb Al-Sahara Factory,,hotmail.com,moh1396m@hotmail.com,0505424768,الصناعات التحويلية الأخرى,Al Kharj,
,,Yasser Hameed El-Hindi Factory for Furniture,,hotmail.com,doom811@hotmail.com,0555551192,صنع الاثاث,Al Kharj,
,,Al-Mutlaq Furniture Co.,,almutlaqfurniture.com,sawaf@almutlaqfurniture.com,0504995806,صنع الاثاث,Dammam,
,,Arabian Furniture Factory,,owaidah.com.sa,industry@owaidah.com.sa,0504488444,صنع المنسوجات,Riyadh,
,,Saudi Modern Factory Co. for Metal & Wooden Furniture,,smf.com.sa,walid@smf.com.sa,0505483461,صنع الاثاث,Riyadh,
,,Al-Watan Wooden and Metal Furniture & Water Cooler Factory,,alwatanfac.com.sa,alwatan@alwatanfac.com.sa,0506416107,صنع الاثاث,Riyadh,
,,Mohamed Aboud Modhesh & Partners Company,,modhish.com.sa,info@modhish.com.sa,0504474716,صنع منتجات المعادن المشكلة، باستثناء الالات والمعدات,Riyadh,
,,Leather and Wooden Sliding Doors Factory,,alkhaldi-doors.com,info@alkhaldi-doors.com,0504469215,صنع الخشب ومنتجات الخشب والفلين، باستثناء الاثاث؛ صنع اصناف من القش ومواد الضفر,Riyadh,
,,Modern Furniture Factory,,mf-factory.com,info@mf-factory.com,0505402465,صنع الاثاث,Riyadh,
,,Industrial Projects Factory,,yahoo.com,inf_indro@yahoo.com,0504260197,صنع منتجات المعادن المشكلة، باستثناء الالات والمعدات,Riyadh,
,,Al Mutlaq Factory For Furnitures & Metal Coating,,hotmail.com,almutlag-factory@hotmail.com,0505442990,صنع منتجات المعادن المشكلة، باستثناء الالات والمعدات,Riyadh,
,,Saudi-Kuwaiti Company for  Furniture Industry,,hotmail.com,skchrome@hotmail.com,0504401996,صنع الاثاث,Riyadh,
,,Technical Company for Aluminum Furniture and Decoration,,bjc.com.sa,almahmoud@bjc.com.sa,0503160218,صنع الاثاث,Riyadh,
,,National Furniture Manufacturing Company - Athath,,athathco.com,walid@athathco.com,0599277735,صنع الاثاث,Riyadh,
,,National Company for Medical Furniture and Metal Industries,,yahoo.com,medical_national@yahoo.com,0504212597,صنع الاثاث,Riyadh,
,,Saudi Sofa Factory,,saudi.net.sa,international_exh@saudi.net.sa,0506222324,صنع الاثاث,Riyadh,
,,Arabian Establishment for the Manufacture of Aluminium Kitchens and Metal Furniture,,gmail.com,ams.sudaery@gmail.com,0503113070,صنع الاثاث,Riyadh,
,,International  Furniture Factory Company Ltd.,,hotmail.com,abo_rim_2006@hotmail.com,0506060676,صنع الاثاث,Riyadh,
,,Kitchen and Aluminum Furniture  Manufacturing Co. - KAFCO,,kafco-kitchens.com,info@kafco-kitchens.com,0505142399,صنع الاثاث,Riyadh,
,,Modern Carpentry & Decoration Factories Co.,,mcdfltdco.com,mcdf@mcdfltdco.com,0500163460,صنع منتجات المطاط والبلاستك,Riyadh,
,,Al-Bayan Factory Co.for Metal and Wood Works,,albayanf.com,info@albayanf.com,0505487595,صنع الخشب ومنتجات الخشب والفلين، باستثناء الاثاث؛ صنع اصناف من القش ومواد الضفر,Riyadh,
,,Stainless Steel World Factory Co.,,yahoo.com,s-s-w-4@yahoo.com,0504110715,صنع منتجات المعادن المشكلة، باستثناء الالات والمعدات,Riyadh,
,,Maan Al-Jasser & Partners Company for Wooden Cabinets,,yahoo.com,abo_said503@yahoo.com,0505240549,صنع الخشب ومنتجات الخشب والفلين، باستثناء الاثاث؛ صنع اصناف من القش ومواد الضفر,Riyadh,
,,Aja Wood Factory,,hotmail.com,hmdmehb@hotmail.com,0503462086,صنع الخشب ومنتجات الخشب والفلين، باستثناء الاثاث؛ صنع اصناف من القش ومواد الضفر,Riyadh,
,,Al-Ebdaa Factory for Metal Forgings and Furniture,,gmail.com,alebdafactory@gmail.com,0505260001,صنع الاثاث,Riyadh,
,,Al-Jabreen Leather Industry Factory,,gmail.com,jabreenleather@gmail.com,0542873539,صنع المنتجات الجلدية والمنتجات ذات الصلة,Riyadh,
,,Al- Jeraisy Furniture Factory,,jeraisy.com,jff_info@jeraisy.com,0507839533,صنع الاثاث,Riyadh,
,,Al-Talia Factory for Formica Doors and Partitions and Suspended Ceilings,,taliahgroup.con,info@taliahgroup.con,0553411435,صنع الاثاث,Riyadh,
,,Al- Abdulkader Furniture Factory,,gmail.com,firasdeek@gmail.com,0504119358,صنع المنسوجات,Riyadh,
,,Al-Matala Factory for Shelves and Metal Furniture,,awalnet.ney.sa,almutla@awalnet.ney.sa,0555221898,صنع الاثاث,Riyadh,
,,Metal and Wood Furniture Factory,,plasco.com.sa,hr@plasco.com.sa,0552900090,صنع الخشب ومنتجات الخشب والفلين، باستثناء الاثاث؛ صنع اصناف من القش ومواد الضفر,Riyadh,
,,Al-Najma Office and Home Furniture Factory,,najmahintl.com,import@najmahintl.com,0505153869,صنع الاثاث,Riyadh,
,,Basma Metal Furniture Factory,,yahoo.com,basmah06@yahoo.com,0504122940,صنع الاثاث,Riyadh,
,,Sadir Furniture Factory,,hotmail.com,www.abo-loja111@hotmail.com,0505231738,صنع الاثاث,Riyadh,
,,Riyadh Metal Industries Co. Factory,,yahoo.com,aahabab@yahoo.com,0505440584,صنع منتجات المعادن المشكلة، باستثناء الالات والمعدات,Riyadh,
,,Steelcase Jeraisy Factory  Ltd.,,steelcasejeraisy.com,msaadi@steelcasejeraisy.com,0552011158,صنع منتجات المعادن المشكلة، باستثناء الالات والمعدات,Riyadh,
,,Saleh and Hamad Al-Rajhi Factory for Metal Furniture,,yahoo.com,sh.alrajhi@yahoo.com,0505427695,صنع منتجات المعادن المشكلة، باستثناء الالات والمعدات,Riyadh,
,,Tanna Factory for Furniture and Wooden Kitchens,,tannah.com,tannah@tannah.com,0500063739,صنع الاثاث,Riyadh,
,,Abdullah Mohamed Al-Hadithy Factory for Wooden Furniture,,nudrah.com,a.m.alhudaithi@nudrah.com,0505234835,صنع الاثاث,Riyadh,
,,Faden Factory for Wood Products,,yahoo.com,fadenwood@yahoo.com,0504133590,صنع الخشب ومنتجات الخشب والفلين، باستثناء الاثاث؛ صنع اصناف من القش ومواد الضفر,Riyadh,
,,Kenouz Al-Ibdaa Factory for Decoration and Modern Furniture,,yahoo.com,beauty201474@yahoo.com,0504249387,صنع الاثاث,Riyadh,
,,Lamar Furniture & Decorations Factory,,alfanar.com,lamar@alfanar.com,0553104850,صنع الخشب ومنتجات الخشب والفلين، باستثناء الاثاث؛ صنع اصناف من القش ومواد الضفر,Riyadh,
,,Wahba Factory for Furniture,,gmail.com,rakanaljohar1@gmail.com,0544222927,صنع الاثاث,Riyadh,
,,Al-Bashir Saudi Company,,live.com,albasheerest@live.com,0506232034,الصناعات التحويلية الأخرى,Riyadh,
,,"Al Asri Furniture, Aluminium & Metal Kitchens Factory",,yahoo.com,asasasry@yahoo.com,0505146021,صنع الاثاث,Qassim,
,,Sultana Industrial Complex Factory,,hotmail.com,sultanacomplex@hotmail.com,0505718889,صنع الخشب ومنتجات الخشب والفلين، باستثناء الاثاث؛ صنع اصناف من القش ومواد الضفر,Qassim,
,,"Alluyemi Aluminium, Wood Furniture and Decoration Factory",,yahoo.com,gamiel_2006@yahoo.com,0591983627,صنع الخشب ومنتجات الخشب والفلين، باستثناء الاثاث؛ صنع اصناف من القش ومواد الضفر,Qassim,
,,Saleh Ibrahim Al-Dakhil Factory for Furniture and Wooden Doors,,hotmail.com,s.aldkheel_1388@hotmail.com,0555173858,صنع الاثاث,Qassim,
,,Abdel Wahid Ali Al-Mushayqih Factory for Office Furniture,,hotmail.com,ojeenvip@hotmail.com,0500181121,صنع الاثاث,Qassim,
,,Omar Ibrahim Al-Omr Factory for Metal & Wood Furniture and Industrial Sponge,,yahoo.co.uk,alomar_group@yahoo.co.uk,0505155000,صنع الاثاث,Qassim,
,,Omar Ibrahim Al-Omr Factory for Metal & Wood Furniture and Industrial Sponge,,hotmail.com,alomar4decor@hotmail.com,0505155000,صنع منتجات المطاط والبلاستك,Qassim,
,,Mim  Factory for Natural Products,,yahoo.com,atwgry@yahoo.com,0545862112,صنع الاثاث,Qassim,
,,Mohamed Hassan Al-Hujaily Factory for Coal and Heating Molds,,gmail.com,hejailmh@gmail.com,0541041058,صنع الخشب ومنتجات الخشب والفلين، باستثناء الاثاث؛ صنع اصناف من القش ومواد الضفر,Medina,
,,Mohamed Osman Al-Shentef & Partners Factory for Wooden Furniture,,gmail.com,ahmadalshantaf@gmail.com,0505274133,صنع الاثاث,Medina,
,,Madinat Alasala Factory for Wooden Furniture,,sajco.com.sa,mohammed.suleiman@sajco.com.sa,0504426526,صنع الاثاث,Medina,
,,Saeed Attia Al-Zahrani Factory for Furniture and Metal Crafts,,hotmail.com,steel.ksa@hotmail.com,0556777788,صنع الاثاث,Tabuk,
,,Branch of Al-Fouzan Wood Industries Company,,bawanwood.com,bawanjod@bawanwood.com,0544800079,صنع الخشب ومنتجات الخشب والفلين، باستثناء الاثاث؛ صنع اصناف من القش ومواد الضفر,Jeddah,
,,Al Ewan Woodworks Factory,,hotmail.com,tamer_kaaki@hotmail.com,0560002077,صنع الخشب ومنتجات الخشب والفلين، باستثناء الاثاث؛ صنع اصناف من القش ومواد الضفر,Jeddah,
,,Middle East Mattress Factory,,mqasons.com,ali@mqasons.com,0505608776,صنع المنسوجات,Jeddah,
,,Al-Alamia Furniture Factory,,hotmail.com,hussain_icf@hotmail.com,0509335681,صنع الاثاث,Jeddah,
,,Al-Qemma Factory for Furniture and Wooden Decoration,,topfactory.com,admin@topfactory.com,0564420817,صنع الاثاث,Jeddah,
,,Takana Factory for Precision Mechanics - Branch of Tamkeen Co.,,tamkeen.com,abdul.rahim@tamkeen.com,0500059895,صنع الخشب ومنتجات الخشب والفلين، باستثناء الاثاث؛ صنع اصناف من القش ومواد الضفر,Jeddah,
,,Artansia Co. Factory for Wooden Furniture,,ortansya.com,info@ortansya.com,0505642250,صنع الاثاث,Jeddah,
,,Al-Muwakaba Furniture & Wooden Industries Factory,,woodroc.com,info@woodroc.com,0505607257,صنع الاثاث,Jeddah,
,,Fouad Factory for Wooden Platforms,,hotmail.com,fouedfactory@hotmail.com,0505606638,صنع الخشب ومنتجات الخشب والفلين، باستثناء الاثاث؛ صنع اصناف من القش ومواد الضفر,Jeddah,
,,Saudi Wooden Industries Factory Co.,,hotmail.com,m.binmahfouz@hotmail.com,0506000291,صنع الاثاث,Jeddah,
,,Al-Jazira Factory Co. Ltd. For the Manufacture of Spring Mattresses,,aljazeerahmattress.com,alnahdi@aljazeerahmattress.com,0555413362,صنع الاثاث,Jeddah,
,,Samia Miro Factory Co. for Wooden Products,,almiro.com.sa,gm@almiro.com.sa,0505607494,صنع الخشب ومنتجات الخشب والفلين، باستثناء الاثاث؛ صنع اصناف من القش ومواد الضفر,Jeddah,
,,Ahmed bin Abdul-Rahman Abwlsh Factory for Sponges and Mattresses,,hotmail.com,ahmad.07.aaa@hotmail.com,0548834644,الصناعات التحويلية الأخرى,Jeddah,
,,Professional Mattresses Factory,,hotmail.com,i2i-2005@hotmail.com,0500062363,الصناعات التحويلية الأخرى,Jeddah,
,,Zoheir Ahmed Zahran Factory for Wooden Products,,zazahran.com,omar@zazahran.com,0504624765,صنع الخشب ومنتجات الخشب والفلين، باستثناء الاثاث؛ صنع اصناف من القش ومواد الضفر,Jeddah,
,,Saeed Ali Al-Ghamdi Factory for Wooden Products,,hotmail.com,ler6000@hotmail.com,0501333777,صنع الخشب ومنتجات الخشب والفلين، باستثناء الاثاث؛ صنع اصناف من القش ومواد الضفر,Jeddah,
,,Fahd Ghaleb Al-Husseini Factory for Wooden Furniture Industry,,hotmail.com,hossaini_co@hotmail.com,0505624656,صنع الاثاث,Jeddah,
,,Manal Fatih Althawabta Factory for Furniture,,gmail.com,factory2013@gmail.com,0506621637,صنع الاثاث,Jeddah,
,,Elegant Furniture Factory Co. Ltd.,,elegantco.net,gm@elegantco.net,0505610295,صنع الاثاث,Jeddah,
,,Al-Khail Al-Motakadema Factory for Mattresses,,gmail.com,ahmed14023@gmail.com,0544774417,صنع الاثاث,Jeddah,
,,Baet Factory for Foam and Spring Mattresses,,live.com,bader-14@live.com,0505447716,صنع الاثاث,Jeddah,
,,Takamul Factory for Producing Thermally Processed Wooden Pallets,,gmail.com,takamulpallets@gmail.com,0540528871,صنع الخشب ومنتجات الخشب والفلين، باستثناء الاثاث؛ صنع اصناف من القش ومواد الضفر,Jeddah,
,,Rebas Factory for Advanced Industries,,jyco.sa.com,info@jyco.sa.com,0562937029,صنع الاثاث,Jeddah,
,,Atiq Ahmed Quraishi Factory for Wooden Decoration Works,,gmail.com,alnoob2@gmail.com,0561616766,صنع الخشب ومنتجات الخشب والفلين، باستثناء الاثاث؛ صنع اصناف من القش ومواد الضفر,Jeddah,
,,Abdulaziz Al-Awwad Factory for Wooden Furniture,,yahoo.com,ibrahimdecor@yahoo.com,0566475041,صنع الاثاث,Hail,
,,Eissa Khalaf Al-Fahhad Factory for Wood & Metal Furniture,,gmail.com,050380040z@gmail.com,0505157882,صنع الاثاث,Hail,
,,Alakajor Factory for Furniture and Wooden Industries,,gmail.com,fahadmaeedar@gmail.com,0505448096,صنع الاثاث,سدير,
,,Al-Sedar Wood Factory for Wooden Products,,gmail.com,asd9406@gmail.com,0505849406,صنع الخشب ومنتجات الخشب والفلين، باستثناء الاثاث؛ صنع اصناف من القش ومواد الضفر,سدير,
,,Zyouf Factory for Wooden Products,,gmail.com,zeoofest@gmail.com,0504776655,صنع الاثاث,سدير,
,,Poodle Real Estate Holding Co.,,boudl.com,lawyer@boudl.com,0548444442,صنع الخشب ومنتجات الخشب والفلين، باستثناء الاثاث؛ صنع اصناف من القش ومواد الضفر,سدير,
,,Al-Tagheez Al-Watania Company Factory for Metal and Wood products,,fee.com.sa,gm@fee.com.sa,0504257570,صنع الاثاث,سدير,
,,Mohamed Yehya Yahyan Factory for Furniture,,gmail.com,alyahyan99@gmail.com,0505255579,صنع الاثاث,سدير,
,,Abdullah Abdulaziz Al Amer Factory for Wood Product,,hotmail.com,alamer_abdullah@hotmail.com,0555757777,صنع الخشب ومنتجات الخشب والفلين، باستثناء الاثاث؛ صنع اصناف من القش ومواد الضفر,عسيـــر,
,,Ali Mohamed Al-Kadi Factory for Furniture and Wooden Decorations,,hotmail.com,finaltouch2003@hotmail.com,0505741720,صنع الاثاث,عسيـــر,
,,Ahmed Jamil Zaqzouq Factory for Metal and Wood Works,,yahoo.com,alaazagzoog@yahoo.com,0505503233,صنع الخشب ومنتجات الخشب والفلين، باستثناء الاثاث؛ صنع اصناف من القش ومواد الضفر,Makkah,
,,Dehlawi Metal Furniture Factory,,hotmail.com,al-dahlawi@hotmail.com,0555508343,صنع الاثاث,Makkah,
,,Wahid Mohamed Ajaj Factory for Wooden Furniture,,hotmail.com,waheed_ajaj@hotmail.com,0568601111,صنع الاثاث,Makkah,
,,الشركة السعودية الوطنية للإنارة والكهرباء,,sanlec.com,info@sanlec.com,0507947174,صنع المعدات الكهربائية,Al Ahsa,
,,Saudi Lighting Units Manufacturing Co. Ltd.,,hotmail.com,manarsdyh@hotmail.com,0503189210,صنع المعدات الكهربائية,Al Kharj,
,,Said Al-Harara Company for Electrical Industries,,gmail.com,heathunter.ksa@gmail.com,0562777999,صنع المعدات الكهربائية,Al Kharj,
,,Refrigerated Container Industrial Co. - Global Aluminum Company Branch,,alinco.com.sa,f.hannoun@alinco.com.sa,0503105270,الصناعات التحويلية الأخرى,Al Kharj,
,,Technical Center  for Air Conditioning Products Factory,,yahoo.com,teccenter2000@yahoo.com,0505243381,صنع المعدات الكهربائية,Al Kharj,
,,Al-Babtain  Co. Factory for Primary Cable Materials,,babcm.com,w.al-babtain@babcm.com,0500110884,صنع المعدات الكهربائية,Al Kharj,
,,Abdulaziz Abdullah Al-Zahrani Factory for Electrical Counters,,alhobess.com,aziz@alhobess.com,0504128549,صنع المعدات الكهربائية,Al Kharj,
,,Light Cube Industry Factory,,yahoo.com,aqanater@yahoo.com,00966555282895,صنع المعدات الكهربائية,Al Kharj,
,,شركة الزامل للمكيفات والأجهزة المنزلية,,zamilindustrial.com,ramzi@zamilindustrial.com,0555932328,صنع المعدات الكهربائية,Dammam,
,,Al-Sharq Wa Al-Gharb Factory,,atco.com.sa,mohammed.ismail@atco.com.sa,0506849716,صنع منتجات المعادن المشكلة، باستثناء الالات والمعدات,Dammam,
,,Modern Factory for Heaters,,al-jazierah.com,m.aldosary@al-jazierah.com,0555448143,صنع المعدات الكهربائية,Riyadh,
,,المصنع السعودي للتكييف,,hotmail.com,mr.naif.d@hotmail.com,0550456333,,Riyadh,
,,Al Mina Electrical Panel Board Factory Co.,,alminagroup.net,faryad@alminagroup.net,0505461374,صنع المعدات الكهربائية,Riyadh,
,,Al-Jazira Factory for Home Appliances,,al-jazierah.com,m.aldosary@al-jazierah.com,0503422996,صنع المعدات الكهربائية,Riyadh,
,,Nasser Al-Hamid Factory for Air-conditioners and Refrigerators,,hotmail.com,nabil4go@hotmail.com,0505421768,صنع الالات والمعدات غير المصنفة في موضع اخر,Riyadh,
,,New Najd Factory for Refrigerators & Heaters,,hotmail.com,amsaa7@hotmail.com,0505400985,صنع المعدات الكهربائية,Riyadh,
,,Raseel Factory for Switches & Electrical Panels,,hotmail.com,naseralsanie@hotmail.com,0501202202,صنع المعدات الكهربائية,Riyadh,
,,Saudi Modern Company for Special Electric Wire & Cables Industry,,riyadh-cables.com,rcgc@riyadh-cables.com,0505232352,صنع المعدات الكهربائية,Riyadh,
,,"Saudi Modern Company for Metals, Cables and Plastic Industry Ltd. (Riyadh Cables and Metals) (RC&M)",,riyadh-cables.com,rcgc@riyadh-cables.com,0505272021,صنع المعدات الكهربائية,Riyadh,
,,Saudi Modern Company for Telephone Cables Manufacturing Limited - Riyadh Telephone Cables (RTC),,riyadh-cables.com,rcgc@riyadh-cables.com,0507472821,صنع المعدات الكهربائية,Riyadh,
,,Saudi Cooling Rooms Production Co.,,cgs.com.sa,zaib.mohammad@cgs.com.sa,0506411788,صنع منتجات المعادن المشكلة، باستثناء الالات والمعدات,Riyadh,
,,Saudi Air Distribution Systems Co. (SAFID),,safid.com,jawhari@safid.com,0505423953,صنع منتجات المعادن المشكلة، باستثناء الالات والمعدات,Riyadh,
,,Arabian Manufacturing and Electrical Services Co.ltd.(MESCO Ltd.),,mescco.com,sami.abboudi@mescco.com,0548000093,صنع المعدات الكهربائية,Riyadh,
,,Arabian Solar Energy Co.,,olayangroup.com,a.alghamdi@olayangroup.com,0505206163,الصناعات التحويلية الأخرى,Riyadh,
,,Lebanese Company for Trading and Industry - Refrigerator Factory -Lematic,,hotmail.com,mhdmob3@hotmail.com,0502689193,صنع الالات والمعدات غير المصنفة في موضع اخر,Riyadh,
,,United Transformers Electric Co. (UTEC),,utec.com.sa,info@utec.com.sa,0504816569,صنع المعدات الكهربائية,Riyadh,
,,Arabian Establishment for Pumps and Mechanical Industries,,alarabia-pmi.com,hani.aburahmah@alarabia-pmi.com,0504202530,صنع المعدات الكهربائية,Riyadh,
,,"Modern Factory for Heaters, Coolers & Air Conditioners",,mofag.com,info@mofag.com,0503422996,صنع المعدات الكهربائية,Riyadh,
,,Saudi Factory for Vaccum Cleaners and Hoses,,yahoo.com,sayed_abdelmageed@yahoo.com,0550560125,صنع المعدات الكهربائية,Riyadh,
,,Arab Factory for Warning Systems and Public Safety,,redanational.com,eissa.zohiry@redanational.com,0503265341,الصناعات التحويلية الأخرى,Riyadh,
,,Technical Factory for Electrical Distribution Boards,,technicalforepb.com.com,technicalfactory@technicalforepb.com.com,0555401119,صنع المعدات الكهربائية,Riyadh,
,,Gulf Factory for Tie-down Wires,,unitedwires.com.sa,aslak@unitedwires.com.sa,0505453127,صنع منتجات المعادن المشكلة، باستثناء الالات والمعدات,Riyadh,
,,United Wire Factories Company - Riyadh Branch (A small company for Wires Extrusion),,unitedwires.com.sa,aslak@unitedwires.com.sa,0505453127,صنع منتجات المعادن المشكلة، باستثناء الالات والمعدات,Riyadh,
,,Saudi Lighting Company,,saudilighting.com,lami@saudilighting.com,0555809749,صنع المعدات الكهربائية,Riyadh,
,,Al-Awal Factory for Telecom and Industry,,ftc.com.sa,obyan@ftc.com.sa,0505286050,صنع منتجات المعادن المشكلة، باستثناء الالات والمعدات,Riyadh,
,,Gulf Co. for Central Air Conditioning Vents,,ggc-k.s.a.com,sales@ggc-k.s.a.com,0503105270,صنع منتجات المعادن المشكلة، باستثناء الالات والمعدات,Riyadh,
,,Middle East Fiber Cable Manufacturing Co. (MEFC),,mefcf.com,h_alsanae@mefcf.com,0554463330,صنع الحواسيب والمنتجات الإلكترونية والبصرية,Riyadh,
,,Middle East Circuit Breaker Co (MECBCO),,advancedeco.com,riyad@advancedeco.com,0554477650,صنع المعدات الكهربائية,Riyadh,
,,Middle East Specialized Cables Factory,,mesccables.com.com,saad.shehri@mesccables.com.com,0500607429,صنع المعدات الكهربائية,Riyadh,
,,Middle East Machinery Co. Ltd.,,memco.com.sa,ahmed.ali@memco.com.sa,0569255200,صنع الالات والمعدات غير المصنفة في موضع اخر,Riyadh,
,,Saudi Meter Company,,yahoo.com,tawfiq-alsadoon@yahoo.com,0554102321,صنع منتجات المعادن المشكلة، باستثناء الالات والمعدات,Riyadh,
,,Electro Industries Co.,,electroi.com,electroruh@electroi.com,0504296212,صنع الحواسيب والمنتجات الإلكترونية والبصرية,Riyadh,
,,International Building Systems Factory Co.,,ibsf.com,mail@ibsf.com,0504446106,صنع منتجات المعادن المشكلة، باستثناء الالات والمعدات,Riyadh,
,,International Building Systems Factory Co. Ltd.,,ibsf.com,abdulla.alanazi@ibsf.com,0503232757,صنع منتجات المعادن المشكلة، باستثناء الالات والمعدات,Riyadh,
,,Saudi Aircon Middle East Industries Co.,,erconme.com,fmukhles@erconme.com,0500771667,الصناعات التحويلية الأخرى,Riyadh,
,,AES Arabia Co. Ltd.,,aesarabia.com,info@aesarabia.com,0505215293,صنع المواد الكيميائية والمنتجات الكيميائية,Riyadh,
,,ABB Co. for Automatic Control Devices,,sa.abb.com,fatahallah.abduldaqi@sa.abb.com,0553274747,صنع المعدات الكهربائية,Riyadh,
,,ABB,,sa.abb.com,fatahallah.abdulbaqi@sa.abb.com,0505488292,صنع المعدات الكهربائية,Riyadh,
,,Electro Link Co. Ltd,,mots.com.sa,abdullah@mots.com.sa,0505658751,صنع المعدات الكهربائية,Riyadh,
,,Setra Alamal Industrial Company,,alamal.com.sa,info@alamal.com.sa,0504183261,صنع المعدات الكهربائية,Riyadh,
,,"Distribution Boards and Circuit Breakers Co., Ltd.",,sa.schneider-electric.com,mohammed.sufiani@sa.schneider-electric.com,0555175823,صنع المعدات الكهربائية,Riyadh,
,,Heating & Cooling Projects Company - Golden Star Factory,,cyberia.net.sa,goldenstar@cyberia.net.sa,0555468543,صنع الالات والمعدات غير المصنفة في موضع اخر,Riyadh,
,,Al-Etqan Factory Co. for Electric Panels,,mots.com.sa,abdullah@mots.com.sa,0505658751,صنع المعدات الكهربائية,Riyadh,
,,Al Samhan Saudi Pumps Factory,,cyberia.net.sa,asamhan@cyberia.net.sa,0555446700,صنع المعدات الكهربائية,Riyadh,
,,Dar Al-Anzama Factory Co. for Electrical Boards,,sep.com.sa,admin@sep.com.sa,0540075577,صنع المعدات الكهربائية,Riyadh,
,,Mosaed Factory Co. for Electrical Distribution Boards,,yahoo.com,musaid1975@yahoo.com,0504471987,صنع المعدات الكهربائية,Riyadh,
,,Al-Amal Factory for Electric Panels,,alamal.com.sa,info@alamal.com.sa,0504446056,صنع المعدات الكهربائية,Riyadh,
,,Gulf Air Filters Factory,,gafco-sa.com,sales@gafco-sa.com,0505378888,صنع الالات والمعدات غير المصنفة في موضع اخر,Riyadh,
,,Al Khalifa Metal Industries Factory,,alkhalefah.com,mohammad@alkhalefah.com,0565144336,صنع منتجات المعادن المشكلة، باستثناء الالات والمعدات,Riyadh,
,,Al Raed Al-Arabi Co. Ltd. for Industry & Trading,,alraed.com.sa,alraed@alraed.com.sa,0505484969,صنع المعدات الكهربائية,Riyadh,
,,Riyadh Electrical Panels Factory,,rfpb.com.sa,rfpb@rfpb.com.sa,0554487402,صنع المعدات الكهربائية,Riyadh,
,,Al-Saeed  Electrical Equipment Factory,,alsaeed.com.sa,industry@alsaeed.com.sa,0508007000,صنع المعدات الكهربائية,Riyadh,
,,Al-Sawlagan Saudi Factory for Central Air-Conditioners Equipment,,yahoo.com,rasheed_kas2000@yahoo.com,0555333928,صنع منتجات المعادن المشكلة، باستثناء الالات والمعدات,Riyadh,
,,Sayari Filters Factory,,seiary.com,ruh@seiary.com,0502377544,صنع الالات والمعدات غير المصنفة في موضع اخر,Riyadh,
,,Al-Ashoury Factory for Cable Holders and Construction Needs,,alashoury.com.sa,ashco@alashoury.com.sa,0560665853,صنع المعدات الكهربائية,Riyadh,
,,Al-Mazaraa Factory for  Bundling Wires,,alwstah.com,mohd@alwstah.com,0504477931,صنع منتجات المعادن المشكلة، باستثناء الالات والمعدات,Riyadh,
,,Al-Manara Electrical Panels Factory,,almanara.com.sa,almanara@almanara.com.sa,0555804849,صنع المعدات الكهربائية,Riyadh,
,,Amajid Factory for Refrigerators and Air Conditioning Extensions,,yahoo.com,amajedsss@yahoo.com,0555406616,صنع الالات والمعدات غير المصنفة في موضع اخر,Riyadh,
,,Pan Lighting Factory,,panlighting.com.sa,info@panlighting.com.sa,0555478402,صنع منتجات المعادن المشكلة، باستثناء الالات والمعدات,Riyadh,
,,"Honesty Technology Factory for electrical insulators, its accessories, and Ceramics Types",,atgroups.net,manager@atgroups.net,0506231065,صنع المعدات الكهربائية,Riyadh,
,,Dania Factory for Air-conditioning Vents,,sunaid.com.sa,sunaid_r@sunaid.com.sa,0531844000,صنع منتجات المعادن المشكلة، باستثناء الالات والمعدات,Riyadh,
,,Reem Heaters Factory,,hotmail.com,reemheater@hotmail.com,0500816737,صنع المعدات الكهربائية,Riyadh,
,,Saudi Brothers Factory for Air-conditioning Ducts,,hotmail.com,alafco_saudiakhwan@hotmail.com,0555461655,صنع منتجات المعادن المشكلة، باستثناء الالات والمعدات,Riyadh,
,,Al-Fanar Construction Systems Co. Factory,,alfanar.com,saud.owis@alfanar.com,0504119323,صنع منتجات المعادن المشكلة، باستثناء الالات والمعدات,Riyadh,
,,Modi Factory for Cables & Wires,,hotmail.com,milcolighting@hotmail.com,0505184554,صنع المعدات الكهربائية,Riyadh,
,,Lighting Technology Factory,,alnasser.com,mohammed@alnasser.com,0554730808,صنع منتجات المعادن المشكلة، باستثناء الالات والمعدات,Riyadh,
,,Abdul Aziz Al Al-Sheikh & Co. Cpmpany Factory,,yahoo.com,abdaz_al@yahoo.com,0503249100,صنع منتجات المعادن المشكلة، باستثناء الالات والمعدات,Riyadh,
,,Factory of Vasa Industrial Co. for PVC Panels,,fazahco.com,info@fazahco.com,0505447901,صنع منتجات المطاط والبلاستك,Riyadh,
,,Saqr Al-Jazeera Factory for Air-conditioners and Refrigerators,,hotmail.com,jzfalcon@hotmail.com,0555500334,صنع الالات والمعدات غير المصنفة في موضع اخر,Riyadh,
,,Abdullah Ibrahim Al-Hudaif Factory for Electric Industries,,gmail.com,ohmelectric@gmail.com,0554424448,صنع المعدات الكهربائية,Riyadh,
,,Abdullah Al-Shahrani Factory for the Production of Grounding Boxes,,yahoo.com,ahmaedsamidiab@yahoo.com,0591637777,الصناعات التحويلية الأخرى,Riyadh,
,,Crawford Automatic Doors Factory,,crawforddoor.com.sa,door@crawforddoor.com.sa,0505447812,صنع الالات والمعدات غير المصنفة في موضع اخر,Riyadh,
,,Irrigation Pumps Factory,,arry.com.sa,info@arry.com.sa,0505447986,صنع المعدات الكهربائية,Riyadh,
,,Al-Raha Air Coolers Factory,,alomranco.com,info@alomranco.com,0555424341,صنع الالات والمعدات غير المصنفة في موضع اخر,Riyadh,
,,Sakr Al-Sahara Factory for Air-Conditioners,,alsaadeh.com,alkhdhir@alsaadeh.com,0505463654,صنع الالات والمعدات غير المصنفة في موضع اخر,Riyadh,
,,Nardin Lighting Factory,,philips.com,abdullah.lami@philips.com,0555809749,صنع المعدات الكهربائية,Riyadh,
,,Gas Appliances Co. Ltd.,,gmail.com,gapcoqq@gmail.com,0505470801,صنع المعدات الكهربائية,Qassim,
,,Qassim Factory for Automatic Door System and Construction Supplies,,hotmail.com,fahad-qassim-autodoors@hotmail.com,0555134131,صنع منتجات المعادن اللافلزية الأخرى,Qassim,
,,Mohamed Abdulrahman Al-Awad for Electric Tools,,hotmail.com,current380v@hotmail.com,0505404841,صنع المعدات الكهربائية,Qassim,
,,Al-Ebtekar International Factory,,hotmail.com,mazin1st@hotmail.com,0505135948,صنع منتجات المطاط والبلاستك,Qassim,
,,Al Ghammas Factory For Pumps & Agricultural Machinery,,yaho.com,alghammas@yaho.com,0503133338,صنع الالات والمعدات غير المصنفة في موضع اخر,Qassim,
,,Khawater Factory for Cooling and Kitchens,,hotmail.com,khawatergroup@hotmail.com,0555143333,صنع منتجات المعادن المشكلة، باستثناء الالات والمعدات,Qassim,
,,Electrical and Mechanical Panels Technology Co. Factory,,ftinco.com,younes@ftinco.com,0553570174,صنع المعدات الكهربائية,Qassim,
,,Sahara Al-Qassim Heaters Factory,,yahoo.com,amir-mohmoud2006@yahoo.com,0505465938,صنع المعدات الكهربائية,Qassim,
,,Saqr Al-Jazeera Factory for Air-conditioners and Refrigerators,,hotmail.com,j2falcon@hotmail.com,0555500334,صنع الالات والمعدات غير المصنفة في موضع اخر,Qassim,
,,Manar Al-Noor Factory for Electricity & Fire Systems,,hotmail.com,manay_alnor@hotmail.com,0505227688,صنع المعدات الكهربائية,Qassim,
,,National Elevators Factory,,aghgroup.com,lc_manager@aghgroup.com,0555308999,صنع المعدات الكهربائية,Medina,
,,Asteel Al-Sharq Factory for Cooling Rooms and Restaurants Equipment,,yahoo.com,babel_restaurant@yahoo.com,0506337098,صنع المعدات الكهربائية,Medina,
,,Al-MadinahElectric Lamps Factory,,mlf.com.sa,ebr@mlf.com.sa,0505302144,صنع المعدات الكهربائية,Medina,
,,Cables Technology Factory,,gmail.com,jointersa@gmail.com,0505321927,صنع المعدات الكهربائية,Medina,
,,Hussein Alawi Baaqil Automatic Doors Factory,,hotmail.com,habco4@hotmail.com,0505628191,صنع منتجات المعادن المشكلة، باستثناء الالات والمعدات,Medina,
,,Tiba Factory for Household Appliances,,hotmail.com,taiba.factory.appliances@hotmail.com,0556748557,صنع المعدات الكهربائية,Medina,
,,Omar Abdullah Yaslam Badaood Factory for Medical Devices,,hotmail.com,oayb@hotmail.com,0503321543,صنع الالات والمعدات غير المصنفة في موضع اخر,Medina,
,,Mohamed Talib Yousef Factory for Electric Cables,,hotmail.com,m.taleb2012@hotmail.com,0563206838,الصناعات التحويلية الأخرى,Medina,
,,Branch of Mustafa Hammad & Sons Co.,,yahoo.com,w.net2003@yahoo.com,0541000651,الصناعات التحويلية الأخرى,Tabuk,
,,Mohamed Ahmed Alhajwa Factory for Cables,,hotmail.com,alkabany_mahmoud@hotmail.com,0566634387,صنع المعدات الكهربائية,Tabuk,
,,Mohamed Ahmed Abdullah Alhajwa Factory for Cables,,gmail.com,aboo5995@gmail.com,0566634387,صنع الالات والمعدات غير المصنفة في موضع اخر,Tabuk,
,,Nora Abdullah Al-Gharoury Factory for Electric Games,,hotmail.com,algharawi2008@hotmail.com,0505669477,صنع الالات والمعدات غير المصنفة في موضع اخر,Tabuk,
,,Saudi Swiss Electricity Meters Company,,saudi-masar.com,info@saudi-masar.com,0505610985,صنع المعدات الكهربائية,Jeddah,
,,Saudi Refrigerators Manufacturing Co.,,samco.com.sa,mohammed.ghallab@samco.com.sa,0505688909,صنع الالات والمعدات غير المصنفة في موضع اخر,Jeddah,
,,Saudi Air Conditioning Manufacturing Company Limited (SAMCO),,samco.com.sa,mohammed.ghallab@samco.com.sa,0505688909,صنع الالات والمعدات غير المصنفة في موضع اخر,Jeddah,
,,Saudi Electric Industries Company / Copper Products Factory,,seico.com.sa,r.ahmed@seico.com.sa,0505682254,صنع المعدات الكهربائية,Jeddah,
,,Saudi Electric Industries Company (SEICO),,seico.com.sa,a.alahmad@seico.com.sa,0540529271,صنع المعدات الكهربائية,Jeddah,
,,National Refrigerators Factory,,nrf.sa,abd@nrf.sa,0505640292,صنع الالات والمعدات غير المصنفة في موضع اخر,Jeddah,
,,Modern Factory for Heaters & Coolers,,aljazierah.com,m.aldosary@aljazierah.com,0503422996,صنع المعدات الكهربائية,Jeddah,
,,Saudi Transformers Factory,,hotmail.com,mazencom11@hotmail.com,0505611301,صنع المعدات الكهربائية,Jeddah,
,,Saudi Electrical Transformers Factory,,yahoo.com,metabolb@yahoo.com,0555609898,صنع المعدات الكهربائية,Jeddah,
,,Saudi Cable Company,,saudicable.com,asbaras@saudicable.com,0546093311,صنع الحواسيب والمنتجات الإلكترونية والبصرية,Jeddah,
,,Supreme Electric Bulbs Co. Factory,,hotmail.com,nader.b@hotmail.com,0598169938,صنع المعدات الكهربائية,Jeddah,
,,Jeddah Cables  Company,,hotmail.com,alim6066@hotmail.com,0551106066,صنع المعدات الكهربائية,Jeddah,
,,Marei Bin Mahfouz and Ahmed Al-Amoudi Company for Manufacturing (Jeddah Wires),,al-abubaker.com.sa,trade@al-abubaker.com.sa,0505320814,صنع منتجات المعادن المشكلة، باستثناء الالات والمعدات,Jeddah,
,,Al-Haqbani Fans Factory,,hotmail.com,m_bah27@hotmail.com,0500060441,صنع منتجات المعادن المشكلة، باستثناء الالات والمعدات,Jeddah,
,,Baamer Electricity Factory,,baamerelectric.com,hr@baamerelectric.com,0555595675,صنع المعدات الكهربائية,Jeddah,
,,Shamsan Al-Suhaibi Factory for Water Pumps and Metal Castings,,hotmail.com,adel24-12-1960@hotmail.com,0506639239,صنع المعدات الكهربائية,Jeddah,
,,Saudi Factory For Insulation Panel & Display Cases,,supplytradinggroup.com,stg@supplytradinggroup.com,0506256146,صنع الالات والمعدات غير المصنفة في موضع اخر,Jeddah,
,,Modern Oceans Factory For Electrical Tools,,yahoo.com,engmohamedaz@yahoo.com,0541002633,صنع المعدات الكهربائية,Jeddah,
,,Ibrahim Abdullah Al Jarid Factory for the Manufacture of Pumps and Generators,,aljared.com,ibrahim@aljared.com,0505615686,صنع الالات والمعدات غير المصنفة في موضع اخر,Jeddah,
,,Automatic Opening Doors Factory,,hotmail.com,a_m5500@hotmail.com,0500731111,صنع منتجات المعادن المشكلة، باستثناء الالات والمعدات,Jeddah,
,,Al-Aman Modern Factory for Generators,,yahoo.com,tahertajaldeen@yahoo.com,0568239759,صنع المعدات الكهربائية,Jeddah,
,,Diamond Cables Factory,,hotmail.com,faisal.en@hotmail.com,0546541223,صنع المعدات الكهربائية,Jeddah,
,,Sustainable Cables Technology Factory for Electrical Cables and Supplies,,mite-sa.com,ali@mite-sa.com,0505694002,صنع المعدات الكهربائية,Jeddah,
,,Hebal Al-Arabi Factory for Electrical and Control Panels,,habbalelectro.com,emad@habbalelectro.com,00966505591308,صنع المعدات الكهربائية,Jeddah,
,,Rakaiz Al-Taka Factory for Electricity,,hotmail.com,ramialmohana@hotmail.com,0503624048,صنع المعدات الكهربائية,Jeddah,
,,مصنع شركة الأقصر للكهرباء المحدودة,,alaqsurelc.com,info@alaqsurelc.com,0505654104,صنع المعدات الكهربائية,Jeddah,
,,Civil and Electrical Projects Company Factory for Producing Stainless Steel Tanks,,cepco-sa.com,mrzeezoo@cepco-sa.com,0561111593,صنع المعدات الكهربائية,Jeddah,
,,Modi Factory for Cables & Wires,,yahoo.com,jim_sajeeni@yahoo.com,0505401036,صنع منتجات المعادن اللافلزية الأخرى,Jeddah,
,,Abdullah Abdulaziz Batterjee Factory for Batteries,,hotmail.com,a_albatterjee@hotmail.com,0555597894,الصناعات التحويلية الأخرى,Jeddah,
,,Omq Al-Haditha Factory for Electric Boards,,dmt-sa.com,m.reda@dmt-sa.com,0503683870,صنع المعدات الكهربائية,Jeddah,
,,"Al-Taj Factory for Refrigerators, Grills, Heaters, Water Coolers",,altwaim.com.sa,yasser@altwaim.com.sa,0505604269,صنع المشروبات,Jeddah,
,,Al-Quwa Al-Faala Company Factory for Transformers and Electrical Panels,,al-jazea.com.sa,mf@al-jazea.com.sa,0505424767,صنع المعدات الكهربائية,Jeddah,
,,مصنع العملاق الخليجي لسخانات المياه الكهربائية,,giant.com.sa,info@giant.com.sa,0558542000,صنع المعدات الكهربائية,Hail,
,,Arab Wires Company Factory,,gulfence.com,abdullah@gulfence.com,0505498947,صنع منتجات المعادن المشكلة، باستثناء الالات والمعدات,Hail,
,,Ad Art Midian Advertising Co.,,adart.com.sa,info@adart.com.sa,0505606011,صنع الالات والمعدات غير المصنفة في موضع اخر,سدير,
,,Avayo Electronics Canada Corporation Ltd.,,avayo.net,fahad@avayo.net,0541122923,صنع الحواسيب والمنتجات الإلكترونية والبصرية,سدير,
,,Osool Al-Sinaa Factory for Electric Wires and Poles,,gmail.com,ma8550@gmail.com,0554751112,صنع المعدات الكهربائية,سدير,
,,Adwaa Al-Golan Factory for Electrical Panels,,yahoo.com,a.algolan@yahoo.com,0505248489,صنع المعدات الكهربائية,سدير,
,,Arabian Panel Manufacturing Co. Factory,,yahoo.com,mohd_alsayed@yahoo.com,0503222959,صنع منتجات المعادن المشكلة، باستثناء الالات والمعدات,سدير,
,,Three Diamonds Elevators Factory,,hotmail.com,fahd222-3@hotmail.com,0505281916,صنع المعدات الكهربائية,سدير,
,,National Electrical Products Factory,,hotmail.com,al-subait@hotmail.com,0509999111,صنع المعدات الكهربائية,سدير,
,,Al-Atyaf Al-Thalatha Co. Factory for Electric Products,,tri-spectrum.com,shalhoub@tri-spectrum.com,0505455516,صنع المعدات الكهربائية,سدير,
,,Al-Technologia Al-Khadraa Co. Factory for Lighting and Solar Energy,,gmail.com,oha444@gmail.com,0555360630,صنع الالات والمعدات غير المصنفة في موضع اخر,سدير,
,,Electrical Relays Co. Factory,,yahoo.com,erctal@yahoo.com,00966505415188,صنع منتجات المعادن المشكلة، باستثناء الالات والمعدات,سدير,
,,Tamas Cables Co. Factory,,hotmail.com,aaa547@hotmail.com,0505211444,صنع المعدات الكهربائية,سدير,
,,Kian Al-Taka Co. Factory for Air-conditions,,kayannenergy.com,ghassan@kayannenergy.com,0507786323,صنع الالات والمعدات غير المصنفة في موضع اخر,سدير,
,,Mohamed Suleiman Al-Bassam Factory for Refrigerators and Air-conditioners,,gmail.com,msbassam2@gmail.com,0505457250,صنع المعدات الكهربائية,سدير,
,,Quality Pipes Company Factory for Electric Products,,gmail.com,saldohan4@gmail.com,0554424381,صنع المعدات الكهربائية,شقراء,
,,Al-Nader Modern Factory for Manufacturing Automotive Batteries,,hotmail.com,fahad8897@hotmail.com,0558808809,صنع المعدات الكهربائية,عسيـــر,
,,Al-Muftah Company Factory for Electrical Products,,almeftaha.com,mohammed@almeftaha.com,0555761010,صنع المعدات الكهربائية,عسيـــر,
,,Sorouh Al-Taamir Brick factory,,hotmail.com,mshbalh@hotmail.com,0506811759,صنع منتجات المعادن اللافلزية الأخرى,Najran,
,,Barak Glass Factory,,gmail.com,barrakgdf@gmail.com,0505919660,صنع منتجات المعادن اللافلزية الأخرى,Al Ahsa,
,,Al-Zabin Factory for Blocks,,gmail.com,gh.q.alzeben@gmail.com,0505784829,صنع منتجات المعادن اللافلزية الأخرى,Al Bahah,
,,Badriya Abdullah Al Ghamdi Block Factory,,hotmail.com,msfer1390@hotmail.com,0598703239,الصناعات التحويلية الأخرى,Al Bahah,
,,"Saad Saeed Al-Zahrani Factory For Artificial Marble, Fiberglass and Acrylic",,hotmail.com,k.kk0101@hotmail.com,0555758000,صنع منتجات المعادن اللافلزية الأخرى,Al Bahah,
,,Abdullah Mohamed Al-Ghamdi Factory for Blocks,,hotmail.com,rafe.3444@hotmail.com,0557773444,صنع منتجات المعادن اللافلزية الأخرى,Al Bahah,
,,Arabian Tile Co. Ltd. (ARTIC),,artic.com.sa,khamisk@artic.com.sa,0553885300,صنع منتجات المعادن اللافلزية الأخرى,Al Kharj,
,,RPM Saudi Arabia Company,,rdb-elseif.com,info@rdb-elseif.com,0500600858,صنع منتجات المعادن اللافلزية الأخرى,Al Kharj,
,,Construction Materials Company,,hotmail.com,smee7an@hotmail.com,0503988955,الصناعات التحويلية الأخرى,Al Kharj,
,,Sheikh Al-Matabekh Aluminium Factory Co.,,hotmail.com,walidx2011@hotmail.com,0504127052,صنع منتجات المعادن اللافلزية الأخرى,Al Kharj,
,,Hams El-Dorra Factory for Marble & Granite,,hotmail.com,hasn99999@hotmail.com,0556252529,صنع منتجات المعادن اللافلزية الأخرى,Al Kharj,
,,Al-Gharbia Cement Clinker Mill,,live.com,abdullah-zain@live.com,0500570017,صنع منتجات المعادن اللافلزية الأخرى,Al Kharj,
,,El-Khayyat Red Bricks Co. Factory,,el-khayyat.com,eng.mazenkhayyat@el-khayyat.com,0505658884,صنع منتجات المعادن اللافلزية الأخرى,Al Kharj,
,,Saudi Jordanian Glass Co. Factory,,sajoglass.com,nabil@sajoglass.com,0566666884,الصناعات التحويلية الأخرى,Al Kharj,
,,Rock Star Marble Factory,,gmail.com,sheikhkitchens20@gmail.com,0548805924,الصناعات التحويلية الأخرى,Al Kharj,
,,Khaled Bin Da'as Jamous Marble Factory,,hotmail.com,e500_93black@hotmail.com,0505498545,صنع منتجات المعادن اللافلزية الأخرى,Al Kharj,
,,Arab Rex Factory for Stone and Marble,,gmail.com,soltanerth2000@gmail.com,0555229922,صنع منتجات المعادن اللافلزية الأخرى,Al Kharj,
,,Abdullah Mohammed Al-Hanaki Sons Co. Factory for Cement Products,,gmail.com,henakico@gmail.com,0504248896,الصناعات التحويلية الأخرى,Al Kharj,
,,مصنع شركة أسعد سعيد للاجزاء الخرسانية المسبقة الصنع,,assadsaid.com,info@assadsaid.com,0599998080,صنع منتجات المعادن اللافلزية الأخرى,Al Kharj,
,,Dar Al Granite Saudi Co. Factory,,yahoo.com,awag11565@yahoo.com,0504293293,صنع منتجات المعادن اللافلزية الأخرى,Al Kharj,
,,Zaid Ibrahim Al Tamimi Co. Factory for Marble and Granite,,hotmail.com,murdi11@hotmail.com,0503444154,صنع منتجات المعادن اللافلزية الأخرى,Al Kharj,
,,Abr Al-Khaleej Co. for Ready-mix Concrete,,tgrmcc.com,rashed.alshayqee@tgrmcc.com,0558000443,الصناعات التحويلية الأخرى,Al Kharj,
,,Sokhour Najd  Factory,,almuneef.com,rock@almuneef.com,0544443982,صنع منتجات المعادن اللافلزية الأخرى,Al Kharj,
,,مصنع عالم المسكن للمنتجات الخرسانية,,gmail.com,almaskan.world.group@gmail.com,0504256398,مواد بناء وخزف وزجاج,Al Kharj,
,,Aly Ayed Al-Mutairi Factory for Blocks & Ready-mix Concrete,,hotmail.com,abzfm@hotmail.com,0554495492,الصناعات التحويلية الأخرى,Al Kharj,
,,Abdullah Zainul-Abidine Berri Factory for Cement Products,,live.com,abdullah-zain@live.com,0500570017,صنع منتجات المعادن اللافلزية الأخرى,Al Kharj,
,,Gharbala Factory for Construction Materials,,yahoo.com,alriyadh_consultant@yahoo.com,0504690815,الصناعات التحويلية الأخرى,Al Kharj,
,,Fahd Shaher Al-Anzi Blocks Factory,,hotmail.com,afahad995@hotmail.com,0505109074,صنع منتجات المعادن اللافلزية الأخرى,Al Kharj,
,,Kian Al-Hadith Factory for producing Blocks,,hotmail.com,alsary2005@hotmail.com,0504400777,صنع منتجات المعادن اللافلزية الأخرى,Al Kharj,
,,Lada Marble Factory,,hotmail.com,sil_1123@hotmail.com,0505211409,صنع منتجات المعادن اللافلزية الأخرى,Al Kharj,
,,Mohamed Abdou Al-Sahdy Factory for Blocks,,hotmail.com,al-sahdi@hotmail.com,0568680791,صنع منتجات المعادن اللافلزية الأخرى,Al Kharj,
,,"Wadi Al-Shokhor  Factory for Granite, Marble & Natural Stone",,gmail.com,email4abdullah@gmail.com,0503409950,صنع منتجات المعادن اللافلزية الأخرى,Al Kharj,
,,Wehdat Al-Mashariaa Factory for Stone and Marble,,yahoo.com,wahdat.1412@yahoo.com,0504471916,الصناعات التحويلية الأخرى,Al Kharj,
,,Baker Petrolite Saudi Arabia Co. Ltd.,,bakerhughes.com,salah.al-hinaai@bakerhughes.com,0558878006,الصناعات التحويلية الأخرى,Dammam,
,,Dhahran Arab Aluminium Factory Company,,daafco.com,info@daafco.com,0555811519,صنع منتجات المعادن المشكلة، باستثناء الالات والمعدات,Dammam,
,,Al-Bitar Factory,,yahoo.com,bitarglass@yahoo.com,0599007215,صنع المواد الكيميائية والمنتجات الكيميائية,Dammam,
,,Al-Magel Cement Products Factory,,almoajilholding.com,azahrani@almoajilholding.com,0599968959,صنع منتجات المعادن اللافلزية الأخرى,Dammam,
,,Al-Rowad Fiberglass Co.,,zajel.net,bifibergalass@zajel.net,0504229802,صنع منتجات المعادن اللافلزية الأخرى,Riyadh,
,,Al-Andalus Factory Co. for Glass,,andalusgroup.com,granada@andalusgroup.com,0504456100,صنع منتجات المعادن اللافلزية الأخرى,Riyadh,
,,Khaled Saudi Marble Factory,,yahoo.com,kmf1965@yahoo.com,0506874605,صنع منتجات المعادن اللافلزية الأخرى,Riyadh,
,,Al-Rashid Abetong Co. Ltd.,,alrashidabetong.com,ahmed@alrashidabetong.com,0503155602,صنع منتجات المعادن اللافلزية الأخرى,Riyadh,
,,Saudi American Co. Ltd.,,yahoo.com,infosaclf@yahoo.com,0563584351,صنع منتجات المعادن اللافلزية الأخرى,Riyadh,
,,Saudi Vitrified Clay Pipe Co. (SVCP),,svcpfactory.com,saad@svcpfactory.com,0555333050,صنع منتجات المعادن اللافلزية الأخرى,Riyadh,
,,Arab Glass Forming & Decoration Company,,hotmail.com,ashouryglass@hotmail.com,0505221285,صنع منتجات المعادن اللافلزية الأخرى,Riyadh,
,,United Building Materials Co. Ltd.,,gmail.com,unitedmarble@gmail.com,0506900900,صنع منتجات المعادن اللافلزية الأخرى,Riyadh,
,,National Concrete Products Co,,hotmail.com,laswad2003@hotmail.com,0505294175,صنع منتجات المعادن اللافلزية الأخرى,Riyadh,
,,Saudi American Glass Co.,,saglass.com,saglass@saglass.com,0567555557,صنع منتجات المعادن اللافلزية الأخرى,Riyadh,
,,Urban Factory For Marble And Stone,,alomraniah.com,almudayfer_group@alomraniah.com,0553259109,صنع منتجات المعادن المشكلة، باستثناء الالات والمعدات,Riyadh,
,,Saudi National Lighting and Electricity Co.,,zoujaj-glass.com,yas@zoujaj-glass.com,0505455753,صنع منتجات المعادن اللافلزية الأخرى,Riyadh,
,,Saudi Ceramic Company,,saudiceramics.com,alenzie@saudiceramics.com,0504103118,صنع منتجات المعادن اللافلزية الأخرى,Riyadh,
,,Saudi Serpo Company,,gmail.com,saudiserpo@gmail.com,0555401654,صنع منتجات المعادن المشكلة، باستثناء الالات والمعدات,Riyadh,
,,Light Weight Co. -SIPOREX,,lccsiporex.com,thamer@lccsiporex.com,0550002479,صنع منتجات المعادن المشكلة، باستثناء الالات والمعدات,Riyadh,
,,Al Awtan Al-Masharia Contracting Co.,,coating-consultant.com,abid@coating-consultant.com,0560606050,صنع منتجات المعادن المشكلة، باستثناء الالات والمعدات,Riyadh,
,,Glass House Co. Ltd.,,glasshouse-sa.com,info@glasshouse-sa.com,0505400915,صنع منتجات المعادن اللافلزية الأخرى,Riyadh,
,,Saudi  Lamino Company,,saudilamino.com,ho@saudilamino.com,0500630888,الصناعات التحويلية الأخرى,Riyadh,
,,Al-Andalus Glass Factory Co.,,andalusgroup.com,granada@andalusgroup.com,0540728249,صنع منتجات المعادن اللافلزية الأخرى,Riyadh,
,,"Metla Cement Products Factory Co., Ltd.",,email.com,mitla@email.com,0505244343,صنع منتجات المعادن اللافلزية الأخرى,Riyadh,
,,Al Sharq Packaging Factory,,alsharqflex.com,chairman@alsharqflex.com,0545026109,صنع منتجات المطاط والبلاستك,Riyadh,
,,Middle East Building Materials Factory,,sarifgp.com,info@sarifgp.com,0505400519,صنع منتجات المعادن اللافلزية الأخرى,Riyadh,
,,Al-Sharq Wa Al-Gharb Spare Parts for the Cement and Crushers Factories,,yahoo.com,mirza.zaffar@yahoo.com,0555292239,صنع منتجات المعادن اللافلزية الأخرى,Riyadh,
,,Sand - Lime Brick Factory,,saudilime.com,raedmohmmed@saudilime.com,0539404005,صنع منتجات المعادن اللافلزية الأخرى,Riyadh,
,,Sarif Cement Products Factory,,sarifgp.com,info@sarifgp.com,0505400519,صنع منتجات المعادن اللافلزية الأخرى,Riyadh,
,,Al-Saghyir Boilers & Pressure Vessels Factory,,alsaghyir.net,moh.alheeh@alsaghyir.net,0552684599,صنع منتجات المعادن المشكلة، باستثناء الالات والمعدات,Riyadh,
,,International Company for Manufacturing Shutter Proof Glass,,hotmail.com,pop52@hotmail.com,0503282845,صنع منتجات المعادن اللافلزية الأخرى,Riyadh,
,,Al-Qassim Glass Factory,,rediffmail.com,alqassimgroup@rediffmail.com,0502259720,صنع منتجات المعادن اللافلزية الأخرى,Riyadh,
,,Al Mudaifer Cement Products Factory,,hotmail.com,alharban2009@hotmail.com,0555246627,صنع منتجات المعادن اللافلزية الأخرى,Riyadh,
,,Mannaa Zafer Al-Amri Factory for Glass & Mirrors,,al-manna.com,info@al-manna.com,0505195566,صنع منتجات المعادن اللافلزية الأخرى,Riyadh,
,,Al-Mona Marble Industry Factory,,almonagroup.com,sadik_jazra@almonagroup.com,0505254269,صنع منتجات المعادن اللافلزية الأخرى,Riyadh,
,,Kaf Tiles Factory,,hotmail.com,kaffac1@hotmail.com,0504403099,صنع منتجات المعادن اللافلزية الأخرى,Riyadh,
,,Al-Tholathia Co. Factory for Stones,,saudivetonit.com,ramiishak@saudivetonit.com,0501877733,صنع منتجات المعادن اللافلزية الأخرى,Riyadh,
,,Qalat Al-Taknia Factory,,gmail.com,alshehaili@gmail.com,0565380707,صنع منتجات المطاط والبلاستك,Riyadh,
,,Lamasat Najd  Factory for Stone and Marble,,hotmail.com,smei16@hotmail.com,0559980000,صنع منتجات المعادن اللافلزية الأخرى,Riyadh,
,,Najd Factory Company for Potter Brick,,gmail.com,najd.brick@gmail.com,0503970426,صنع منتجات المعادن اللافلزية الأخرى,Qassim,
,,Fahd Suleiman Al-Tuwaijri Factory for Resistant Marble Surfaces,,hotmail.com,akramallzuabi@hotmail.com,0505407557,صنع منتجات المعادن اللافلزية الأخرى,Qassim,
,,Hedab El-Majd Company for Trade & Industry for the Production of Concrete Tiles and Edgings,,gmail.com,suliman1397@gmail.com,0505175456,صنع منتجات المعادن اللافلزية الأخرى,Qassim,
,,Al-Mansouria Aluminium Factory,,yahoo.com,ametco2@yahoo.com,0583189922,صنع منتجات المعادن المشكلة، باستثناء الالات والمعدات,Qassim,
,,Barak Glass Factory,,gmail.com,barrakgdf@gmail.com,0507635494,صنع منتجات المعادن اللافلزية الأخرى,Qassim,
,,Raoom Glass Factory,,gmail.com,raoote@gmail.com,0505148824,صنع منتجات المعادن اللافلزية الأخرى,Qassim,
,,Jiad Al-Qasim United Group Inc. for Food Products,,jiadalqassim.com,mohammed.admin@jiadalqassim.com,0555600883,صناعة المنتجات الغذائية,Qassim,
,,Raed Al-Khaleej Cement Products Factory,,hotmail.com,ebdae@hotmail.com,0566166066,صنع منتجات المعادن اللافلزية الأخرى,Qassim,
,,Omar Meteab Al-Mutairi Glass Factory,,hotmail.com,m659@hotmail.com,0555385999,صنع منتجات المعادن اللافلزية الأخرى,Qassim,
,,"Mohamad Amin Ismail & Partners Co. for Cement, Concrete and Artificial Stone Manufactures",,hotmail.com,maismaeil1431@hotmail.com,0560055020,الصناعات التحويلية الأخرى,Medina,
,,faros factory Company for Alsekorit Glass,,hotmail.com,faaross@hotmail.com,0506312448,صنع منتجات المعادن اللافلزية الأخرى,Medina,
,,Ahmed Omar Khamry Factory for Cement Products,,hotmail.com,alkhomri2002@hotmail.com,0556655563,صنع منتجات المعادن اللافلزية الأخرى,Medina,
,,Al-Jawhara Cement Pipes,,hotmail.com,h-mmha@hotmail.com,0553064639,صنع منتجات المعادن اللافلزية الأخرى,Medina,
,,International Company Factory for Thermal Industries,,hrari.com,info@hrari.com,0500293232,صنع منتجات المعادن اللافلزية الأخرى,Medina,
,,Al-Madain Factory for Cement Products and Ready-mix Concrete,,gmail.com,majed.alharbi@gmail.com,0505329440,صنع منتجات المعادن اللافلزية الأخرى,Medina,
,,Al-Najah Al-Daam Tiles Factory,,hotmail.com,almnr5555@hotmail.com,0546660661,صنع منتجات المعادن اللافلزية الأخرى,Medina,
,,Al-Wadi Al-Ali factory for ceramic tiles,,myobic.com,nasady@myobic.com,0505256256,صنع المواد الكيميائية والمنتجات الكيميائية,Medina,
,,Amwag  Al-Nassem Factory for Gypsum Decorations,,hotmail.com,naseemfaiz1@hotmail.com,0504389461,صنع منتجات المعادن اللافلزية الأخرى,Medina,
,,Baet Al-Granite Factory,,yahoo.com,ffhsa@yahoo.com,0553032888,صنع منتجات المعادن اللافلزية الأخرى,Medina,
,,Hamad Mohamed Al-Drees Cement Products Factory,,aldrees-im.com,h@aldrees-im.com,0505453301,الصناعات التحويلية الأخرى,Medina,
,,Khaled Obaid Al-Sahli Cement Products Factory,,hotmail.com,ab_1591@hotmail.com,0568882145,صنع منتجات المعادن اللافلزية الأخرى,Medina,
,,Dorat Al-Kefah Factory for the production of Construction Materials,,hotmail.com,sayof@hotmail.com,0505782784,صنع منتجات المعادن اللافلزية الأخرى,Medina,
,,Peninsula Factory for Precast Concrete Products,,sajco.com.sa,mad_factory@sajco.com.sa,0552995525,صنع منتجات المعادن اللافلزية الأخرى,Medina,
,,Ahmed Al-Baghdadi & Partner Co. Ltd. Factory for Decoration Materials,,hotmail.com,baghdadi.co@hotmail.com,0500441016,صنع منتجات المعادن المشكلة، باستثناء الالات والمعدات,Medina,
,,Al-Tanmia Al-Zahabia Ltd. Factory for Bricks,,gmail.com,goldendecompany@gmail.com,0508777000,صنع منتجات المعادن اللافلزية الأخرى,Medina,
,,Al-Thray Tiba Co. Factory for  Cement Products,,hotmail.com,fahedi-21@hotmail.com,0500300006,الصناعات التحويلية الأخرى,Medina,
,,Shabakat Al-Madina  Holding Company for Cement Industries,,mnco.com.sa,info@mnco.com.sa,0505643912,صنع منتجات المعادن اللافلزية الأخرى,Medina,
,,Shawaheq Tiba for Blocks Production,,shawahiqtayba.com.com,gm@shawahiqtayba.com.com,0505314296,مواد بناء وخزف وزجاج,Medina,
,,Ali Al Mosaad Co. Factory for the Production of Construction Materials,,hotmail.com,hosamali72@hotmail.com,0505366971,الصناعات التحويلية الأخرى,Medina,
,,Wadi Redan  Factory for Cement Products,,gmail.com,wadiredan@gmail.com,0505300526,صنع منتجات المعادن اللافلزية الأخرى,Medina,
,,Ali Khalaf Al-Harbi Factory for Industrial Stone,,yahoo.com,alialharbi@yahoo.com,0504569815,الصناعات التحويلية الأخرى,Medina,
,,Faisal Factory for Marble and Granite,,hotmail.com,fjraza@hotmail.com,0543773755,صنع منتجات المعادن اللافلزية الأخرى,Medina,
,,مصنع محمد متروك المنصور للمنتجات الاسمنتية,,acbcsaudia.com,mohammed@acbcsaudia.com,0505301213,,Medina,
,,Nojoud Ibrahim Al Sahli Factory for Cement Products,,hotmail.com,n.alssehli@hotmail.com,0505346000,صنع منتجات المعادن اللافلزية الأخرى,Medina,
,,Ramz Al-Rawda Company for Readymix Cement,,yahoo.com,ruhhal@yahoo.com,0553624433,صنع منتجات المعادن اللافلزية الأخرى,Tabuk,
,,Al-Maktourah Al-Motakadema Cement Products Factory,,gmail.com,maktorah@gmail.com,0555357037,صنع منتجات المعادن اللافلزية الأخرى,Tabuk,
,,Al-Munif Block Factory,,hotmail.com,almunif77@hotmail.com,0503228220,صنع منتجات المعادن اللافلزية الأخرى,Tabuk,
,,Al-Nagais Factory for Ready-Mix Concrete and Blocks,,alnagaez.net,alnagaez@alnagaez.net,0559044757,صنع منتجات المعادن اللافلزية الأخرى,Tabuk,
,,Turkish Interfaces Factory for Decoration Works,,hotmail.com,gm-1431@hotmail.com,0555870686,الصناعات التحويلية الأخرى,Tabuk,
,,Salem Salman Al-Balawy Factory for Cement Products,,hotmail.com,abooodi-409@hotmail.com,0542222130,الصناعات التحويلية الأخرى,Tabuk,
,,Al-Dafaa Co. Factory for Ready-mix Concrete and Block,,yahoo.com,saleh_alhuwaiti@yahoo.com,0500142000,صنع منتجات المعادن اللافلزية الأخرى,Tabuk,
,,Tariq Naqadi Factory for Ready Mix Concrete and Cement Products,,live.com,saif.nagadi@live.com,0545544911,صنع منتجات المعادن اللافلزية الأخرى,Tabuk,
,,Abdul Karim Nahar Al-Romman Factory for Concrete Cement,,hotmail.com,fasil-212@hotmail.com,0505371031,صنع منتجات المعادن اللافلزية الأخرى,Tabuk,
,,Ghadaf Factory for Ready-mix Concrete,,se.com.sa,mzblawi@se.com.sa,0505367208,صنع منتجات المعادن اللافلزية الأخرى,Tabuk,
,,Mohsen Rowaidan Al-Harbi Factory for Tiles & Ceramics Glue,,hotmail.com,aalfradi69@hotmail.com,0554549300,صنع المواد الكيميائية والمنتجات الكيميائية,Tabuk,
,,Mousa Jreid Al-Harbi Factory for Blocks,,hotmail.com,sgza6@hotmail.com,0555372462,صنع منتجات المعادن اللافلزية الأخرى,Tabuk,
,,Nawaf Mohammed Al-Mutairi Factory for Block,,hotmail.com,nawaf99994@hotmail.com,0506529994,صنع منتجات المعادن اللافلزية الأخرى,Tabuk,
,,Yasser Habib al-Mutairi Factory for Block & Ready-mix Concrete,,yahoo.com,moutaz54@yahoo.com,0591419007,مواد بناء وخزف وزجاج,Tabuk,
,,Yusuf Suleiman Qonais Factory for Marble & Ceramic,,hotmail.com,h_hosam95@hotmail.com,0502398099,صنع منتجات المعادن اللافلزية الأخرى,Tabuk,
,,Ahmed Saadoun Al-Rwaili Cement Products Factory,,yahoo.com,nnzz16@yahoo.com,0505440423,صنع منتجات المعادن اللافلزية الأخرى,Jazan,
,,Al-Taj Al-Oula Interlock Factory,,altajalola.com,abdullah@altajalola.com,0541414507,صنع منتجات المعادن اللافلزية الأخرى,Jazan,
,,Al-Hezam Al-Akhdar Factory for Blocks and Readymix Concrete,,windowslive.com,mhmh2012@windowslive.com,0555785503,الصناعات التحويلية الأخرى,Jazan,
,,Saudi Potash Manufacturing Company Factory,,alokab.sa,info@alokab.sa,0582341643,صنع المواد الكيميائية والمنتجات الكيميائية,Jazan,
,,Al-Lama Cement Products Factory,,outlook.sa,farooq7772014@outlook.sa,0505665257,صنع منتجات المعادن اللافلزية الأخرى,Jazan,
,,Saudi Tile Factory,,gmail.com,sauditile@gmail.com,0505603070,صنع منتجات المعادن اللافلزية الأخرى,Jeddah,
,,Sicep Global Co. for Industry and Construction,,sesab.com.sa,alquait@sesab.com.sa,0505181821,صنع منتجات المعادن المشكلة، باستثناء الالات والمعدات,Jeddah,
,,Mahmoud Said Glass Manufacturing Co.,,mscc.com.sa,dakheel@mscc.com.sa,0554637255,صنع منتجات المطاط والبلاستك,Jeddah,
,,Reef Factory Co. for Glass Containers with Lids,,reefcaps.com,saleh@reefcaps.com,0505356331,صنع منتجات المعادن اللافلزية الأخرى,Jeddah,
,,Steel Castings Co. Ltd.,,saudilime.com,h.sabbahy@saudilime.com,0505770040,صنع منتجات المعادن اللافلزية الأخرى,Jeddah,
,,Alma Factory  for the Manufacture of Al-Sekorit and Double Insulating Glass,,yahoo.com,alialmaglass@yahoo.com,0505625756,صنع منتجات المعادن المشكلة، باستثناء الالات والمعدات,Jeddah,
,,Andalusian Factory for the Production of Wooden Furniture,,hotmail.com,salem_husni@hotmail.com,0533151599,صنع منتجات المعادن اللافلزية الأخرى,Jeddah,
,,Arabian Tile Co. Ltd.,,artic.com.sa,khamisk@artic.com.sa,0567233253,الصناعات التحويلية الأخرى,Jeddah,
,,Saudi Transport Beton Factory Co. Ltd.,,stbeton.com,stb@stbeton.com,0542301037,صنع منتجات المعادن اللافلزية الأخرى,Jeddah,
,,El-Khayyat Red Bricks Factories,,el-khayyat.com,eng.ibrahimkhayyat@el-khayyat.com,0503058888,الصناعات التحويلية الأخرى,Jeddah,
,,Al-Barik Al-Akhdar Factory for Artificial Marble and Aluminium,,hotmail.com,jeddah_boy911@hotmail.com,0556785050,صنع منتجات المطاط والبلاستك,Jeddah,
,,Saudi Arabian Calcium Carbonate Co. Factory,,arabiancarbonate.com,omar.elbadii@arabiancarbonate.com,0535999402,الصناعات التحويلية الأخرى,Jeddah,
,,Sarif Cement Products Factory /Jeddah Branch,,alsarif.com.sa,factory@alsarif.com.sa,0505400519,صنع منتجات المعادن اللافلزية الأخرى,Jeddah,
,,Al-Hajras Al-Methali Factory for Industrial Stones,,hotmail.com,mf3366@hotmail.com,0506628635,صنع منتجات المعادن اللافلزية الأخرى,Jeddah,
,,Barak Glass Factory -  Jeddah Branch,,gmail.com,ashrafdoo@gmail.com,0505916521,الصناعات التحويلية الأخرى,Jeddah,
,,Petunia Arabia Factory,,hotmail.com,petunia.arabia@hotmail.com,0500515118,صنع منتجات المعادن اللافلزية الأخرى,Jeddah,
,,Zoheir Ahmed Zahran Factory for the Production of Artificial Marble,,zazahran.com,omar@zazahran.com,0503701959,الصناعات التحويلية الأخرى,Jeddah,
,,Samir Ali Jamjoom Factory for Aluminum Industry,,gmail.com,emadedwarddoss@gmail.com,0546250000,صنع منتجات المعادن اللافلزية الأخرى,Jeddah,
,,Al-Fadel Aluminium Slicers Company Factory,,yahoo.com,alfadelcom2004@yahoo.com,0548885532,صنع منتجات المعادن اللافلزية الأخرى,Jeddah,
,,Labbah Saudi Arabia Cement Products Co. Factory,,yahoo.com,alturk2000@yahoo.com,0554599422,صنع منتجات المعادن اللافلزية الأخرى,Jeddah,
,,Nesma Al-Madar Company Factory for Marble,,orbitksa.com,qasim@orbitksa.com,0554469981,الصناعات التحويلية الأخرى,Jeddah,
,,Abdullah Salem Al-Jadaani Glass factory,,yahoo.com,aljadaani2000@yahoo.com,0504580221,صنع منتجات المعادن اللافلزية الأخرى,Jeddah,
,,Fahd Abdulrahman Al-Amoudi Construction Materials Factory,,hotmail.com,a.awees@hotmail.com,0500576450,صنع منتجات المعادن اللافلزية الأخرى,Jeddah,
,,Manarat Factory for Scaffolding and Construction Supplies,,manar.com.sa,a.akram@manar.com.sa,0553049065,صنع منتجات المعادن المشكلة، باستثناء الالات والمعدات,Jeddah,
,,Arkaz Alsharq Building Materials Co. Factory,,arkaz.com,info@arkaz.com,0554695043,صنع المواد الكيميائية والمنتجات الكيميائية,Jeddah,
,,Shaayel Al-Kasr Glass Factory,,yahoo.com,abdu359@yahoo.com,0557777774,صنع منتجات المعادن اللافلزية الأخرى,Jeddah,
,,Canaan Glass Factory,,hotmail.com,husain_810@hotmail.com,0505651374,الصناعات التحويلية الأخرى,Jeddah,
,,Manea Mohamed Zafer Al Touhami Glass Factory / Jeddah Branch,,hotmail.com,amri-see@hotmail.com,0505710624,صنع منتجات المعادن اللافلزية الأخرى,Jeddah,
,,Nasser Ali Al-Tawil Factory for Decorations,,yahoo.com,tawildecormaster@yahoo.com,0504655793,الصناعات التحويلية الأخرى,Jeddah,
,,Afaq Al-Gabalin for Tiles,,gmail.com,alsuody@gmail.com,0541066557,صنع منتجات المعادن اللافلزية الأخرى,Hail,
,,Hail Factory for Insulated Concrete Blocks,,yahoo.com,iaabs2005@yahoo.com,0547624020,صنع منتجات المعادن اللافلزية الأخرى,Hail,
,,Saud Abdullah Saud Al-Nassar Factory for Blocks and Cement Products,,hotmail.com,s.al-nassar@hotmail.com,0504736990,الصناعات التحويلية الأخرى,Hail,
,,Al-Egtiaz Co. Factory for Readymix Concrete and Blocks,,yahoo.com,alejtiyaz@yahoo.com,0530100000,صنع منتجات المعادن اللافلزية الأخرى,Hail,
,,Moon Factory for Cement Products,,hotmail.com,zmmaaa@hotmail.com,0505159625,صنع منتجات المعادن اللافلزية الأخرى,Hail,
,,Nasser Saud Al Arifi Factory for Cement Products,,ymail.com,precast_factory@ymail.com,0509735599,الصناعات التحويلية الأخرى,Hail,
,,Abdullah Bin Abdul Aziz Al-Tammami,,hotmail.com,vip-111vip@hotmail.com,0554776641,الصناعات التحويلية الأخرى,Hail,
,,Wahag El-Awael Factory for Concrete Products,,tammami.com,saud@tammami.com,0505161808,صنع منتجات المعادن اللافلزية الأخرى,Hail,
,,Ramadan Hasawy Al-Anzi Marble Factory,,gmail.com,taher6611@gmail.com,0555466118,صنع منتجات المعادن اللافلزية الأخرى,حفر الباطن,
,,Ghala Factory for Cement Products,,yahoo.co.uk,alrashidi30@yahoo.co.uk,559354438,صنع منتجات المعادن اللافلزية الأخرى,حفر الباطن,
,,Al-Awal Factory for Rocks and Marble,,hotmail.com,ghf600@hotmail.com,0505488605,صنع الالات والمعدات غير المصنفة في موضع اخر,سدير,
,,National Fiberglass Products Factory,,gmail.com,masalmehh@gmail.com,0555464633,صنع منتجات المعادن اللافلزية الأخرى,سدير,
,,Sokhour Riyadh Factory Co. for Natural Stones,,yahoo.com,rrocks.stone@yahoo.com,0502677722,الصناعات التحويلية الأخرى,سدير,
,,Branch of Sama Company for Manufacturing Concrete Blocks,,gmail.com,refatsa@gmail.com,0504491525,صنع منتجات المعادن اللافلزية الأخرى,سدير,
,,Andalusia Company Factory for Natural Stone and Marble,,yahoo.com,orabi333@yahoo.com,0505215300,صنع منتجات المعادن اللافلزية الأخرى,سدير,
,,Arabian Crystal & Glass Co. Factory,,hotmail.com,murtada12000@hotmail.com,0503000111,صنع منتجات المعادن اللافلزية الأخرى,سدير,
,,National Factory for Gypsum Ceilings,,yahoo.com,q8y111@yahoo.com,0535322335,صنع منتجات المعادن اللافلزية الأخرى,سدير,
,,Al Watania Factory for Marble & Granite,,wataniamarble.com,dgm@wataniamarble.com,0505422691,صنع منتجات المعادن اللافلزية الأخرى,سدير,
,,Glass Technology Factory,,hotmail.com,glass.tec@hotmail.com,0505464936,الصناعات التحويلية الأخرى,سدير,
,,Joda Factory for Stone & Marble,,al-ayyaf.com,firstfactory@al-ayyaf.com,0555475681,صنع الالات والمعدات غير المصنفة في موضع اخر,سدير,
,,Zahret Al-Fouad Factory for Construction Materials,,gmail.com,jnaqib@gmail.com,0566608000,صنع منتجات المعادن اللافلزية الأخرى,سدير,
,,Saudi Siban Factory for Gypsum Industries,,bacodesign.com,info@bacodesign.com,0503497069,صنع منتجات المعادن اللافلزية الأخرى,سدير,
,,Sulaiman Abdul Rahman El-Arini Factory for Blocks,,hotmail.com,hi55855@hotmail.com,0505192337,صنع منتجات المعادن اللافلزية الأخرى,سدير,
,,AKFA Industrial Company Factory for Cement Products,,gmail.com,2012ahs@gmail.com,0505927556,صنع منتجات المعادن اللافلزية الأخرى,سدير,
,,Jal Al-tanmia Factory for Cement Products,,hotmail.com,tariq-alterais@hotmail.com,0500006402,صنع منتجات المعادن اللافلزية الأخرى,سدير,
,,Factory of Jamal Industrial Co.,,gmail.com,oaalsallum@gmail.com,0596969339,الصناعات التحويلية الأخرى,سدير,
,,Joda Industry  Co. Factory,,hotmail.com,riyadhon@hotmail.com,0505229245,صنع الالات والمعدات غير المصنفة في موضع اخر,سدير,
,,Siob Arab Co. Factory for Cement Products,,yahoo.com,syoob@yahoo.com,0505414015,صنع منتجات المعادن اللافلزية الأخرى,سدير,
,,Ayed Dhim Al-Hammoud Co. Factory for Cement Products and Ready-mix Concrete,,aiedco.com,a.alaied@aiedco.com,0552526595,صنع منتجات المعادن اللافلزية الأخرى,سدير,
,,"Matn Arab Co., Ltd. Factory for Concrete Products",,live.com,muhda@live.com,0505205365,صنع منتجات المعادن اللافلزية الأخرى,سدير,
,,Sokhour Al-Yamama Factory for Stone and Marble,,hotmail.com,ymamhstone@hotmail.com,0505217377,صنع منتجات المعادن اللافلزية الأخرى,سدير,
,,Insulating Pozzolan Brick Factory,,yahoo.com,algerman2016@yahoo.com,0505422691,صنع منتجات المعادن اللافلزية الأخرى,سدير,
,,Taif Najd  Factory for Metal Brick,,gmail.com,ahmed.hassan810@gmail.com,0505463567,الصناعات التحويلية الأخرى,سدير,
,,Abdullah Dakhil Allah Al-Saeed Factory for Stone and Marble,,hotmail.com,alsaeed.factory@hotmail.com,0505428029,صنع منتجات المعادن اللافلزية الأخرى,سدير,
,,Ali Mohamed Al-Jarboua Factory for Auto Glass,,hotmail.com,ali-jarbou@hotmail.com,0505402648,الصناعات التحويلية الأخرى,سدير,
,,Quartz Gulf Factory,,tajweidgulfindus.com,tajweid@tajweidgulfindus.com,0505422691,صنع منتجات المعادن اللافلزية الأخرى,سدير,
,,Mohamed Kaed Al-Haddad Factory for Industrial Stone,,hotmail.com,mohamedmn@hotmail.com,0508888728,صنع منتجات المعادن اللافلزية الأخرى,سدير,
,,Manal Al-Amal Factory for Cement Products,,yahoo.com,manalalamal@yahoo.com,0565600023,صنع منتجات المعادن اللافلزية الأخرى,سدير,
,,Yon Mar Factory for Marble & Granite,,unimar.sa,talal.mansour@unimar.sa,0509906969,صنع منتجات المعادن اللافلزية الأخرى,سدير,
,,Nebras National Co. Factory for Blocks & Ready-mix Concrete,,hotmail.com,nibrasn2012@hotmail.com,0568326666,صنع منتجات المعادن اللافلزية الأخرى,شقراء,
,,Saudi Bayed Factory,,gmail.com,beedstone13@gmail.com,0505708999,صنع منتجات المعادن اللافلزية الأخرى,ضرما,
,,International Company Factory for Concrete Additives,,gmail.com,ahmad.o.alomran@gmail.com,0555180994,صنع منتجات المعادن اللافلزية الأخرى,ضرما,
,,Block National Factory - Branch of National Industries Co.,,wataniaind.com,qahtanism@wataniaind.com,0555902366,الصناعات التحويلية الأخرى,ضرما,
,,Saudi Ceramic Co. Factory for Red Blocks,,saudiceramics.com,almegbel@saudiceramics.com,0505183040,الصناعات التحويلية الأخرى,ضرما,
,,Riyadh Manufacturing Co. Ltd. Factory,,gmail.com,aahnmmmad@gmail.com,0547266664,صنع منتجات المعادن اللافلزية الأخرى,ضرما,
,,Saudi Cement Products Factory,,hotmail.com,bmw11_@hotmail.com,0505588784,صنع منتجات المعادن اللافلزية الأخرى,عسيـــر,
,,Ard Al-Amar Factory for Titles and Curbstones,,al-jazeerapaints.com,asulaiman@al-jazeerapaints.com,0555515413,صنع منتجات المعادن اللافلزية الأخرى,عسيـــر,
,,Al-Hassania Tiles Factory,,hotmail.com,alhasaniah.factory@hotmail.com,0505740655,صنع منتجات المعادن اللافلزية الأخرى,عسيـــر,
,,Barak Glass Factory - Khamis Mushayt Branch,,gmail.com,ashrafdoo@gmail.com,0505919660,صنع منتجات المعادن اللافلزية الأخرى,عسيـــر,
,,Mohammed Abdulaziz Al Amer Glass Factory,,hotmail.com,afg727@hotmail.com,0555752555,صنع منتجات المعادن اللافلزية الأخرى,عسيـــر,
,,Saad Al-Makboul Factory for Stone and Marble,,hotmail.com,saad-gh2011@hotmail.com,0535559961,صنع منتجات المعادن اللافلزية الأخرى,عسيـــر,
,,Saad Hussein Al Alhasina Factory for Stone and Marble,,hotmail.com,a_alhasaniah@hotmail.com,0555787557,صنع منتجات المعادن اللافلزية الأخرى,عسيـــر,
,,Saad Abdullah Al-Hasania Factory for Tiles,,hotmail.com,alhasaniah.factory@hotmail.com,0555740655,صنع منتجات المعادن اللافلزية الأخرى,عسيـــر,
,,Saeed Mohamed Al-Emari Factory for Producing Mirrors and Safety Glass,,hotmail.com,salehs1390@hotmail.com,0505421823,الصناعات التحويلية الأخرى,عسيـــر,
,,Awad Saad  Mushabbab Bin Zafra & Partner Co. for Ceramic Healthy Products,,hotmail.com,saadgasam@hotmail.com,0504749465,صنع منتجات المعادن اللافلزية الأخرى,عسيـــر,
,,Mastour Saad Merfaa Al-Shahrani Factory for Cement Products,,mastour.com,info@mastour.com,0557733444,صنع منتجات المعادن اللافلزية الأخرى,عسيـــر,
,,Salah Faraj Mohamed Abed Glass Factory,,hotmail.com,salah99920111@hotmail.com,0505740296,صنع منتجات المعادن اللافلزية الأخرى,عسيـــر,
,,Salah Mahmoud Mustafa Ayyad Marble Factory,,hotmail.com,salah5500ayyad@hotmail.com,0503755732,صنع منتجات المعادن اللافلزية الأخرى,عسيـــر,
,,Nawader Al-Emran Factory for Automated Block,,windowslive.com,eidanco@windowslive.com,0549999537,صنع منتجات المعادن اللافلزية الأخرى,عسيـــر,
,,Nawader Al-Emran Factory for Ready-mix Concrete,,windowslive.com,eidanco@windowslive.com,0549999537,صنع منتجات المعادن اللافلزية الأخرى,عسيـــر,
,,Al Redwan Ready-Mix Concrete Factory,,rrmc.com.sa,g.alshaer@rrmc.com.sa,0505834895,صنع منتجات المعادن اللافلزية الأخرى,Makkah,
,,Saeed Omar Sregi Factory for Porcelain and Ceramic Products,,yahoo.com,serejy@yahoo.com,0505515470,صنع منتجات المعادن اللافلزية الأخرى,Makkah,
,,Al-Aber Al-Dhabia Factory for Manufacturing Granite,,hotmail.com,tahers2010@hotmail.com,0505778324,الصناعات التحويلية الأخرى,Najran,
,,Hamad Salem Al-Douhan factory for Blocks and Cement Products,,yahoo.com,pan_sawth@yahoo.com,0531161176,صنع منتجات المعادن اللافلزية الأخرى,Najran,
,,Hamad Mohamed Al-Soqour Cement Products Factory,,yahoo.com,hamadalsagoor@yahoo.com,0505724149,صنع منتجات المعادن اللافلزية الأخرى,Najran,
,,Khalid Bin Hadi Al Hishlan Blocks Factory,,hotmail.com,k.hashlan@hotmail.com,0533605623,صنع منتجات المعادن اللافلزية الأخرى,Najran,
,,Salem Yahia Al-Hammam Factory for Blocks and Ready-mix Cement,,hotmail.com,rare_1551@hotmail.com,0504560531,صنع منتجات المعادن اللافلزية الأخرى,Najran,
,,Al Tafawoq Co. Factory for Marble and Granite,,hotmail.com,as-ws@hotmail.com,0557451115,صنع منتجات المعادن اللافلزية الأخرى,Najran,
,,Al-Azzam Arabian Company Factory for Cement Products,,azaamarabia.com,a.awad@azaamarabia.com,0593030200,صنع منتجات المعادن اللافلزية الأخرى,Najran,
,,Al-Masar Marble and Granite Co. Factory,,gmail.com,masarmining@gmail.com,0555508877,الصناعات التحويلية الأخرى,Najran,
,,Bin Harkil Granite and Marble Company Factory,,yahoo.com,abdullah0227@yahoo.com,0505360911,صنع منتجات المعادن اللافلزية الأخرى,Najran,
,,Tasamim Al-Watan  Co. Factory for Contracting,,hotmail.com,tasamim1516@hotmail.com,0505725070,صنع الاثاث,Najran,
,,Saleh Salem Al Haider Factory for Marble and Natural Stone,,hotmail.com,rans00@hotmail.com,0505908127,صنع منتجات المعادن اللافلزية الأخرى,Najran,
,,Saleh Yahia Al Mansour Factory for the Production of Light Foam Concrete & Prefabricated Houses,,yahoo.com,egyptsindbad@yahoo.com,0500608595,صنع منتجات المعادن اللافلزية الأخرى,Najran,
,,Fawzi Saleh Al-Najrani Factory for Ready-mix Concrete and Concrete Products,,yahoo.com,bker3m@yahoo.com,0544444493,صنع منتجات المعادن اللافلزية الأخرى,Najran,
,,Qawafel Al-Sharq Factory for Cement Products,,gmail.com,mohammad.hammam@gmail.com,0505800091,صنع منتجات المعادن اللافلزية الأخرى,Najran,
,,Manea Mohamed Al-Soqour Factory for Cement Products,,hotmail.com,mana9999@hotmail.com,0508740052,صنع منتجات المعادن اللافلزية الأخرى,Najran,
,,Mohamed Ahmed Al-Wadeai Factory for Cement Products,,hotmail.com,m8888m45@hotmail.com,0556688877,صنع منتجات المعادن اللافلزية الأخرى,Najran,
,,Mohamed Hamad Al-Qahs Al-Yami Factory for Block and Cement Products,,yahoo.com,mohamed.alkahs2013@yahoo.com,0504561677,صنع منتجات المعادن اللافلزية الأخرى,Najran,
,,Mohamed Ali Al-Mehri Factory for Blocks & Ready Mix,,yahoo.com,almahri_mohammed@yahoo.com,0509799730,صنع منتجات المعادن اللافلزية الأخرى,Najran,
,,Medrar Al-Benaa Factory for Blocks,,gmail.com,medrar999@gmail.com,0505725433,صنع منتجات المعادن اللافلزية الأخرى,Najran,
,,Mahdi Abdullah Al-Hamed Factory for Blocks & Ready-made Concrete,,gmail.com,mohd9400@gmail.com,0506792642,صنع منتجات المعادن اللافلزية الأخرى,Najran,
,,Al Wizziah Poultry Co,,alwaziyahpoultryco.com,admin@alwaziyahpoultryco.com,0505922579,صناعة المنتجات الغذائية,Al Ahsa,
,,Al-Ahsaa Automatic Bakery Factory,,ahgroup.com,ahbarakery@ahgroup.com,0505924247,صناعة المنتجات الغذائية,Al Ahsa,
,,Al-Amal Factory for Food Industries,,yahoo.com,alaliw@yahoo.com,0555922335,صناعة المنتجات الغذائية,Al Ahsa,
,,Al-Ghadeer Egg Trays Factory,,alghadeergroup.com,info@alghadeergroup.com,0505916688,صنع الورق ومنتجات الورق,Al Ahsa,
,,Al-Ghadeer Factory for Feed and Poultry and Cattle Feed Concentrates,,sahara.com.sa,ghadeer@sahara.com.sa,0505916688,صناعة المنتجات الغذائية,Al Ahsa,
,,Al-Roihah Food Products Factory,,meezanfood.com,admin@meezanfood.com,0505166365,صناعة المنتجات الغذائية,Al Kharj,
,,Tihor Factory for Processing Rice and Packaging Grain and Spices,,hotmail.com,cnricemills@hotmail.com,0504442695,صناعة المنتجات الغذائية,Al Kharj,
,,Rawdat Al-Sheraa Dates Company,,hotmail.com,alshira786@hotmail.com,0505268364,صناعة المنتجات الغذائية,Al Kharj,
,,Al-Manhal Food Industries Factory,,yahoo.com,almanhalc@yahoo.com,0562300007,صناعة المنتجات الغذائية,Al Kharj,
,,Hamad Manea Al Duwais Factory for the Production of Ice,,hotmail.com,hamadfactory@hotmail.com,0506794791,صناعة المنتجات الغذائية,Al Kharj,
,,Raha Factory for the Production of Water Treatment Stations,,rahawater.com,raha@rahawater.com,0505403236,صنع المشروبات,Al Kharj,
,,Saad Suleiman Shuwayaer Co. Factory for Fodders and Seeds,,hotmail.com,waledzad@hotmail.com,0555479458,صناعة المنتجات الغذائية,Al Kharj,
,,Sayed El-Khabbazin Saudi Arabia Co. Ltd. Factory,,saudi.switzgroup.com,abdullahm@saudi.switzgroup.com,0555818824,صناعة المنتجات الغذائية,Al Kharj,
,,Mohamed Ali Saad Eldin Company for Sweets & Pastries,,saadeddin.com,exsec@saadeddin.com,0545395339,صناعة المنتجات الغذائية,Al Kharj,
,,Monakh Al-Kair Factory for Forage,,hotmail.com,bakr.eh@hotmail.com,0505462608,صناعة المنتجات الغذائية,Al Kharj,
,,Shomoua Al-Madi Sweets Factory,,hotmail.com,cnn.ksa@hotmail.com,0505216115,صناعة المنتجات الغذائية,Al Kharj,
,,Abdul Rahman Fahd Al-Mohaimeed Factory for Food Products,,yahoo.com,almohaimid@yahoo.com,0554400122,صناعة المنتجات الغذائية,Al Kharj,
,,Mohamed Osman Al-Othaim Factory for Food Production,,hotmail.com,m0505404101@hotmail.com,0505404101,صناعة المنتجات الغذائية,Al Kharj,
,,Negmat Al-Haya  Juice Factory,,tarabuh.com,marwan899@tarabuh.com,0545554333,صنع المشروبات,Al Kharj,
,,Yanabia Alholwa Factory for Water & Juices,,hotmail.com,mnsor.222@hotmail.com,0554193478,صنع المشروبات,Al Kharj,
,,National Fruit Juice Company,,nfjc-ksa.com,info@nfjc-ksa.com,0505841566,صنع المشروبات,Dammam,
,,Arabian Food & Dairy Factories Co. - Fadeco,,fadeco.com,moayads@fadeco.com,0553881001,صناعة المنتجات الغذائية,Dammam,
,,Saudi Arabian Feed Company,,aalaaf.co,adnan@aalaaf.co,0591436464,صناعة المنتجات الغذائية,Dammam,
,,Freshwater Co. Ltdl,,swc.com.sa,mumten@swc.com.sa,0505824226,صنع المشروبات,Dammam,
,,Fita Company for Food Products,,spgfood.com,a.ghamdi@spgfood.com,0562100022,صناعة المنتجات الغذائية,Dammam,
,,Nabisco Arabia Company Limited,,mdlz.com,dalmousa@mdlz.com,0544333317,صنع منتجات المعادن المشكلة، باستثناء الالات والمعدات,Dammam,
,,Nesma Foodstuffs Company Limited,,nasmafood.com,nasmafood@nasmafood.com,0505804437,صناعة المنتجات الغذائية,Dammam,
,,Gulf Ice Factory,,gulfice.com,ice@gulfice.com,0505820963,صناعة المنتجات الغذائية,Dammam,
,,Al-Hajri Ice Factory,,alhajryco.com,info@alhajryco.com,0555331412,صناعة المنتجات الغذائية,Dammam,
,,Karim Factory for Food Industries,,karimfi.com,karim@karimfi.com,0504844521,صناعة المنتجات الغذائية,Dammam,
,,Shaheya Foods Company Limited,,yahoo.com,zmarawi@yahoo.com,0504140463,صناعة المنتجات الغذائية,Riyadh,
,,First Economic Company for Food Products,,first-economic.com,ssm@first-economic.com,0563958233,صناعة المنتجات الغذائية,Riyadh,
,,International Refreshments Co. Ltd.,,aljomaihbev.com,ssaqer@aljomaihbev.com,0555488908,صناعة المنتجات الغذائية,Riyadh,
,,Saudi Light Food Co. Ltd.,,pepsico.com,abdullah.al-nafie@pepsico.com,0554005464,صناعة المنتجات الغذائية,Riyadh,
,,Saudi Potatoes Factory,,hotmail.com,riyadh.paints@hotmail.com,0505282449,صناعة المنتجات الغذائية,Riyadh,
,,Al-Methaly Sweets and Pastries Factory,,idealhealth.com.sa,aq@idealhealth.com.sa,0504221536,صناعة المنتجات الغذائية,Riyadh,
,,National Furniture Factory,,nfffc.com.sa,info@nfffc.com.sa,0502686896,صناعة المنتجات الغذائية,Riyadh,
,,National Dry Ice and Carbon Dioxide Factory,,yahoo.com,ndifco2@yahoo.com,0556693204,صنع المواد الكيميائية والمنتجات الكيميائية,Riyadh,
,,National Foodstuff Factory - Oasis,,wataniaind.com,gs-razak@wataniaind.com,0504818829,صناعة المنتجات الغذائية,Riyadh,
,,Gulf Union Foods Company,,gwf-union.com,abrahim@gwf-union.com,0554200580,صنع منتجات المطاط والبلاستك,Riyadh,
,,Gulf Union Foods Company,,gwf-union.com,abrahim@gwf-union.com,0554200580,,Riyadh,
,,Zohur Al-Rabie Dairy Co.,,hotmail.com,khalidabokhater@hotmail.com,0504431391,صناعة المنتجات الغذائية,Riyadh,
,,International Biscuit Company,,internationalbiscuits.com,mahdi.almalki@internationalbiscuits.com,0507716073,صناعة المنتجات الغذائية,Riyadh,
,,Al Rashed Food Co. Ltd.,,zagil.net,alrashedfood@zagil.net,0505447814,صناعة المنتجات الغذائية,Riyadh,
,,Al-Raed Food Products Co.,,hotmail.com,zalfayez@hotmail.com,0500994904,صناعة المنتجات الغذائية,Riyadh,
,,Al-Mamlaka Chocolate and Confectionery Co.,,hotmail.com,faisal@hotmail.com,0504499372,صناعة المنتجات الغذائية,Riyadh,
,,Al-Mona Company for the Production of Tahini and Tahini Halva,,almona.com.sa,info@almona.com.sa,0551069180,صناعة المنتجات الغذائية,Riyadh,
,,Water and Environment Technology Co. Ltd.,,wetico.com,ahashem@wetico.com,0500126982,صنع المشروبات,Riyadh,
,,Delemzah Food Industries Co.,,marami.com.sa,admin@marami.com.sa,0501718040,صناعة المنتجات الغذائية,Riyadh,
,,Shorbeem Middle East Company,,smebeam.com,smebeam@smebeam.com,0501213808,صنع منتجات المعادن المشكلة، باستثناء الالات والمعدات,Riyadh,
,,"United Foods Industries Co., Ltd.",,deemah.com,akeel@deemah.com,0505163678,صناعة المنتجات الغذائية,Riyadh,
,,Kudo Company for Nutrition and Subsistence,,kudu.com.sa,zakout@kudu.com.sa,0509000465,صناعة المنتجات الغذائية,Riyadh,
,,Saudi Malco Group Co. Ltd.,,saudimalcogroup.com,starafdar@saudimalcogroup.com,0505404242,الصناعات التحويلية الأخرى,Riyadh,
,,Water Projects Saudi Arabia Company,,waterpsa.com,nabil@waterpsa.com,0504695711,صنع المشروبات,Riyadh,
,,Al-Manhal Water Factory Co. Ltd.,,nestle-waters.com.sa,hodere.alharbi@nestle-waters.com.sa,0505463246,صنع المشروبات,Riyadh,
,,Al-Yanabie Refreshments factory Company - Qanawat,,springsbeverage.com.sa,info@springsbeverage.com.sa,0555190760,صنع المشروبات,Riyadh,
,,Fesh Fash Foodstuff Factory Co.,,feshfashfood.com,info@feshfashfood.com,0505491083,صناعة المنتجات الغذائية,Riyadh,
,,Nestle Water Factory Co Ltd,,nesttle-waters.com.sa,hodere.alharbi@nesttle-waters.com.sa,0505463246,صنع المشروبات,Riyadh,
,,Harvey Company for Food Services,,herfy.com,elkarawi@herfy.com,0561444410,صناعة المنتجات الغذائية,Riyadh,
,,Al-Jomaih Co. Factories for Refreshment Packaging,,aljomaih.com.sa,headoffice@aljomaih.com.sa,0504112768,صنع المشروبات,Riyadh,
,,Modern dairy factory-Alban Bader,,mdpc.com.sa,admin@mdpc.com.sa,0505120858,صناعة المنتجات الغذائية,Riyadh,
,,AL-Awael Food Industries Factory,,premierfood.com.sa,majdi@premierfood.com.sa,0546619035,صناعة المنتجات الغذائية,Riyadh,
,,Al Babtain Biscuit Manufacturing & Food Stuff Factory,,abisco.com.sa,abisco@abisco.com.sa,0504222645,صناعة المنتجات الغذائية,Riyadh,
,,Riyadh Dairy Products Factory,,riyadhfoods.com,bdev@riyadhfoods.com,0502652333,صناعة المنتجات الغذائية,Riyadh,
,,National Packing Materials Co. Ltd. - Watan Pack,,watanpac.com.sa,wadi@watanpac.com.sa,0531169539,صنع منتجات المطاط والبلاستك,Riyadh,
,,Al-Alamia Chocolates and Biscuits Factory,,alrajhigroup.com,shams.dawliya@alrajhigroup.com,0555982791,صناعة المنتجات الغذائية,Riyadh,
,,Al-Ghezaya Ready Foods Factory - Maakolat,,wafrah.com,ali_alsalem@wafrah.com,0538739026,صناعة المنتجات الغذائية,Riyadh,
,,Al-Ghezaya Grain Products Factory,,wafrah.com,ali_alaslem@wafrah.com,0538739026,صناعة المنتجات الغذائية,Riyadh,
,,Al-Faris Food Factory,,alfarisfoods.com,hr@alfarisfoods.com,0503040664,صناعة المنتجات الغذائية,Riyadh,
,,Al-Folla Meat Processing Factory,,alfolla.com,info@alfolla.com,0505475863,صناعة المنتجات الغذائية,Riyadh,
,,Al-Warda Al-Alamiya Factory for Sweets and Chocolates,,yahoo.com,ima444@yahoo.com,0505426952,صناعة المنتجات الغذائية,Riyadh,
,,Opera International Factory for the Production of Pastries and Chocolate,,opera.com.sa,opera@opera.com.sa,0509108091,صناعة المنتجات الغذائية,Riyadh,
,,Ice-Cream Factory of the Mafad Commercial Co.,,conezone.com.sa,hayel@conezone.com.sa,0504227792,صناعة المنتجات الغذائية,Riyadh,
,,Bateel Factory for Sweets and Chocolates,,bateel.com,hrnotification@bateel.com,0500084016,صناعة المنتجات الغذائية,Riyadh,
,,Khair al-Gyad Factory for Cheese,,khairalgeyad.com,gm@khairalgeyad.com,0593228888,صناعة المنتجات الغذائية,Riyadh,
,,Dar Al-Selal Factory for Sweets,,hotmail.com,baskethouse7@hotmail.com,0504423144,صناعة المنتجات الغذائية,Riyadh,
,,Rawabi Factory for Ice Cream and Sweets,,hotmail.com,rawabi_iceceream@hotmail.com,0504499998,صناعة المنتجات الغذائية,Riyadh,
,,Zulal Water Factory Company,,zulalwater.com,noor@zulalwater.com,0546628834,صنع المشروبات,Riyadh,
,,Zaud Factory for Pastries and Bakeries,,othaimmarkets.com,am.alhaddad@othaimmarkets.com,0505488881,صناعة المنتجات الغذائية,Riyadh,
,,Shubra Sweets Factory,,yahoo.com,mahmoud_abdalal@yahoo.com,0501308391,صناعة المنتجات الغذائية,Riyadh,
,,Riyadh Salt Industry Co. Factory,,risa-solt.com,info@risa-solt.com,0503246212,صناعة المنتجات الغذائية,Riyadh,
,,Al-Mamlaka Company Factory for Chocolate and Confectionery Industry,,mamlakafoodfactory.com,info@mamlakafoodfactory.com,0554190909,صناعة المنتجات الغذائية,Riyadh,
,,Sanabel Elsalam Food Industries Co. Factory,,safm.com.sa,majdi@safm.com.sa,0558888865,صناعة المنتجات الغذائية,Riyadh,
,,Sayed El-Khabbazin Saudi Arabia Co. Ltd.,,saudi.switzgroup.com,gamals@saudi.switzgroup.com,0505424452,صناعة المنتجات الغذائية,Riyadh,
,,Ghazaa Factory for Food Products,,ghehaa.com,y.alshonaifi@ghehaa.com,0506498492,صناعة المنتجات الغذائية,Riyadh,
,,Farco Sweets Factory,,hotmail.com,farcofactory@hotmail.com,0555786199,صناعة المنتجات الغذائية,Riyadh,
,,Al-Qabbani Commercial Center Factory for Sweets,,kabbani.net,mehdi@kabbani.net,0504145908,صناعة المنتجات الغذائية,Riyadh,
,,Fadi Water Factory,,hotmail.com,abdulaziz-altayash@hotmail.com,0506066122,صنع المشروبات,Riyadh,
,,"Hanadi Factory for Chocolate and Candies, Ltd.",,alrajhigroup.com,khaled@alrajhigroup.com,0505478335,صناعة المنتجات الغذائية,Riyadh,
,,Wadi Al-Nahl Factory for Vegetable Oils,,wadialnahil.com,hr@wadialnahil.com,0552227805,صناعة المنتجات الغذائية,Riyadh,
,,Wadi Fatimafor Factory for Food & Dairy Products,,nfffc.com.sa,info@nfffc.com.sa,0509990003,صناعة المنتجات الغذائية,Riyadh,
,,Yassin Sokar Factory for Fodder Products,,hotmail.com,bsalshark@hotmail.com,0505643502,صناعة المنتجات الغذائية,Riyadh,
,,"Al-Otair Factory For Sweets,Chocolates,Biscuits",,hotmail.com,otair_905@hotmail.com,0555458560,صناعة المنتجات الغذائية,Riyadh,
,,Azali Healthy Water Factory,,gmail.com,aarubaiaan@gmail.com,0508303000,صنع المشروبات,الزلفي,
,,Atayeb Najd Food Manufactures Co. Ltd.,,gmail.com,kkhudari@gmail.com,0505139521,صناعة المنتجات الغذائية,Qassim,
,,Civil Restaurants Co.,,americana.com.sa,m.abdelsalam@americana.com.sa,0566119501,,Qassim,
,,Baet Al-Fakher Co. for Food Industries,,yahoo.com,mbaitalfakher@yahoo.com,00966553849000,صناعة المنتجات الغذائية,Qassim,
,,Al Qassim Food Factory,,hotmail.com,turaif@hotmail.com,0555137877,صنع منتجات المطاط والبلاستك,Qassim,
,,Sanabel Al-Shahd Food Factory,,hotmail.com,smh2012-sahad@hotmail.com,0501854898,صناعة المنتجات الغذائية,Qassim,
,,Al-Aryaf Food Industries Factory,,alaryaf.org,ibrahim.jotaily@alaryaf.org,0555564909,صناعة المنتجات الغذائية,Qassim,
,,Al-Mosanaoun Al-Arab Factory for Producing Frozen Potato Fingers,,hotmail.com,jj-kaler@hotmail.com,0502895845,صناعة المنتجات الغذائية,Qassim,
,,Saleh Al-Salman & Sons Co. Factory for Sweets and Foods,,hotmail.com,al.salman@hotmail.com,0555136320,صناعة المنتجات الغذائية,Qassim,
,,Mohamed Abdullah Al-Kabir Factory for Manufacturing Snack Foods,,kobeir.com,mohd@kobeir.com,0505133564,صناعة المنتجات الغذائية,Qassim,
,,Hala Al-Jazeera Sweets Factory,,gmail.com,kkhudari@gmail.com,0505139521,صناعة المنتجات الغذائية,Qassim,
,,National Factory For Dates Packing,,gmail.com,nationaldates@gmail.com,0505302573,صناعة المنتجات الغذائية,Medina,
,,Siafa International Industry Company,,saifadates.com,hais@saifadates.com,0566603433,صناعة المنتجات الغذائية,Medina,
,,Pure Water Co. Ltd.,,nestle-watars.com.sa,naqiah@nestle-watars.com.sa,0559901700,صنع المشروبات,Medina,
,,Noat Al-Madina Company Limited for Dates & Ready-made Foods,,zultec.com,khalid.alnowaiser@zultec.com,0505611285,صناعة المنتجات الغذائية,Medina,
,,Mohamed Qalet Al-Anzi for Food Products,,hotmail.com,ent_nasser@hotmail.com,0540068086,صناعة المنتجات الغذائية,Medina,
,,Atayeb Tiba Dates Factory,,hotmail.com,abdullh_48@hotmail.com,0550359666,صناعة المنتجات الغذائية,Medina,
,,Abyar Factory for Drinking Water,,hotmail.com,khederalghamdi@hotmail.com,0506046999,صنع المشروبات,Medina,
,,مصنع احمدعبدالله محمد الملا للحلويات والمعجنات,,yahoo.com,mulla522@yahoo.com,0505314142,صناعة المنتجات الغذائية,Medina,
,,Al-Ansar Factory for Dates & Sweets,,yahoo.com,alansardates@yahoo.com,0505306512,صناعة المنتجات الغذائية,Medina,
,,Beyot Al-Deera Dates Factory,,hotmail.com,wadea.abuouf@hotmail.com,0553319533,صناعة المنتجات الغذائية,Medina,
,,Temor Al-Wadi Al-Mubarak Factory,,hotmail.com,ahmad_alsaadi444@hotmail.com,0505300808,صناعة المنتجات الغذائية,Medina,
,,Hatem Sami Bashaori Food Products Factory,,gmail.com,hatem.bashawri@gmail.com,0505480882,صناعة المنتجات الغذائية,Medina,
,,Khalid Mohamed Al-Nozha Dates Factory,,yahoo.com,kh_nzh@yahoo.com,0555301915,صناعة المنتجات الغذائية,Medina,
,,Dania Dates Factory,,hotmail.com,aligha79@hotmail.com,0553328006,صناعة المنتجات الغذائية,Medina,
,,Rad Al-Madena Factory for Ice & Water Bottling,,gmail.com,khateebanas@gmail.com,0505300526,صنع المشروبات,Medina,
,,Saud Fahhad Al-Rowaili Water Factory,,gmail.com,gmgohr@gmail.com,0507050023,صنع المشروبات,Medina,
,,Al-Quds Al-Roubaia Factory for Bakery and Confectionery,,hotmail.com,alquds_farid@hotmail.com,0530803777,صناعة المنتجات الغذائية,Medina,
,,Mahmal Al-Madina Factory for Bottled Water,,hotmail.com,alrashidlawfirm@hotmail.com,0555426709,صنع المشروبات,Medina,
,,Abdulaziz Mohamed Al-Ahmadi Water Factory,,hotmail.com,abdulaziz_alahmadi@hotmail.com,0537000707,,Medina,
,,Azba Factory for Food Industry and Containers,,azbah.com,personnel@azbah.com,0505307180,الصناعات التحويلية الأخرى,Medina,
,,Aris Water Factory,,yahoo.com,areesw@yahoo.com,0555457084,صنع المشروبات,Medina,
,,Al-Azhar Water Factory,,gmail.com,alazharwater@gmail.com,0543461705,صنع المشروبات,Medina,
,,Al-Shafya Water Factory for Water & Juices,,gmail.com,ahmadawwad680@gmail.com,0504458575,صناعة المنتجات الغذائية,Medina,
,,Al-Alya Water Factory for Water & Juices,,yahoo.com,m_namlah@yahoo.com,0566366369,صنع المشروبات,Medina,
,,Najat Majid Abul Farea Factory for Manufacturing Confectionery,,hotmail.com,alnakheel_h@hotmail.com,0557711130,صناعة المنتجات الغذائية,Medina,
,,Wafaa Mohamed Zein Moussa Factory for Water,,gmail.com,eads333@gmail.com,0542333353,صنع المشروبات,Medina,
,,Akas Facrtory for Water Filling,,hotmail.com,alirahimi2@hotmail.com,0555669911,صنع المشروبات,Tabuk,
,,"Al-Jabari Factory for Pastries, Sweets and Dates",,yahoo.com,abdalaeljabri@yahoo.com,0505368649,صناعة المنتجات الغذائية,Tabuk,
,,Entertainment Kingdom Factory for Air games,,trfehksa.com,info@trfehksa.com,0555000356,صنع منتجات المطاط والبلاستك,Tabuk,
,,Tanami Glucose Co. Factory,,tanamiretail.com,h.alhayani@tanamiretail.com,0544814040,صنع المنتجات الصيدلانية,Tabuk,
,,Massirat Alitqan Company Limited,,hotmail.com,maseraaletqan@hotmail.com,0555368218,صنع المشروبات,Tabuk,
,,Dahyan Saleh Al-Juhani Factory for Animal Fodders,,outlook.sa,faisal.kh@outlook.sa,0505375889,صناعة المنتجات الغذائية,Tabuk,
,,Qob Al-Zarraj Factory for Animal Fodders,,yahoo.com,qubalzrag@yahoo.com,0505376512,صنع المواد الكيميائية والمنتجات الكيميائية,Tabuk,
,,Mohamed Owaida Al-Balawi Factory for Foodstuff Packing,,hotmail.com,khaled.0506@hotmail.com,0506584180,صناعة المنتجات الغذائية,Tabuk,
,,Barakat Mohamed Jadaani Factory for Ice,,stc.com.sa,bjedani@stc.com.sa,0504615987,صناعة المنتجات الغذائية,Jazan,
,,"Abdullah Anwar Al-Hashemi Factory for the Production, Packing and Packaging of  Food Products",,hotmail.com,maged_alhahsemi@hotmail.com,0500554744,صناعة المنتجات الغذائية,Jazan,
,,National Food Industries Company (Americana),,americanafoods.com,m.abdelrazak@americanafoods.com,0505782296,صناعة المنتجات الغذائية,Jeddah,
,,Al-Oula Factory for Nutrition and Packaging,,live.com,osama.alparoon@live.com,0503502797,صناعة المنتجات الغذائية,Jeddah,
,,Modern Food Industries Co.,,almarai.com,fahad.wajeeh@almarai.com,0504301826,صناعة المنتجات الغذائية,Jeddah,
,,Saudi Light Food Co. Ltd.,,pepsico.com,husin.alabduli@pepsico.com,0564908089,صناعة المنتجات الغذائية,Jeddah,
,,Saudi Dairy Products Company (SADAFCO),,sadafco.com,talal.alnounou@sadafco.com,0505615159,صناعة المنتجات الغذائية,Jeddah,
,,National Supreme Co. for Ice Cream Products,,yahoo.com,amalfactory@yahoo.com,0505622493,صناعة المنتجات الغذائية,Jeddah,
,,National Food Industries Co. Ltd.,,nfic.com.sa,mohd_ali@nfic.com.sa,0554699800,صناعة المنتجات الغذائية,Jeddah,
,,Saudi Modern Foods Factory,,basamh.com,smff@basamh.com,0505514067,صناعة المنتجات الغذائية,Jeddah,
,,Saudi Factory for Food Colors & Improvers,,sps.net.sa,mabasj@sps.net.sa,0000000000,صناعة المنتجات الغذائية,Jeddah,
,,Saudi Ice Cream Factory (Kwality),,kwality.com.sa,info@kwality.com.sa,0563699997,صناعة المنتجات الغذائية,Jeddah,
,,Aqwat Food Industries Co.,,aquatfoods.com,it@aquatfoods.com,0503361108,صناعة المنتجات الغذائية,Jeddah,
,,Modern Dairy Company ( Branch of Aabar and Zinni Co.) Cortina,,cortina.com.sa,management@cortina.com.sa,0504667458,صناعة المنتجات الغذائية,Jeddah,
,,Al-Hoot Trading Factory for the Production of Fish and Shrimp,,boumarah.com.sa,alhoot@boumarah.com.sa,0564531423,صناعة المنتجات الغذائية,Jeddah,
,,Al Rashed Food Co. Ltd.,,alrashedfood.com,marwan.harbi@alrashedfood.com,0563912516,صناعة المنتجات الغذائية,Jeddah,
,,United Flowers for Vegetable Oils Co.,,hotmail.com,majed-242@hotmail.com,0508922096,صناعة المنتجات الغذائية,Jeddah,
,,"Complexes Food Industries Co., Ltd.",,fmg-food.com,hussain@fmg-food.com,0592229282,صناعة المنتجات الغذائية,Jeddah,
,,Western Bakeries Co. Ltd.,,almarai.com,fahad.wajeeh@almarai.com,0504301826,صناعة المنتجات الغذائية,Jeddah,
,,Saudi Industrial Projects Company (Pepsi-Cola),,sipco.net.sa,mohammed.darwish@sipco.net.sa,‎0505623535,صنع المشروبات,Jeddah,
,,Saudi Lebanon Chocolates & Sweets Factories Co.,,alfcho-sa.com,dr.fawaz@alfcho-sa.com,0538368809,صناعة المنتجات الغذائية,Jeddah,
,,National Food Industries Co. Ltd.,,unifood.com.sa,info@unifood.com.sa,0552555797,صناعة المنتجات الغذائية,Jeddah,
,,Al-Nashar Fresh Meat Co.,,nashar.com,malshaeri@nashar.com,0562111032,صناعة المنتجات الغذائية,Jeddah,
,,Al-Wedyan National Company for Food Products Ltd (Wedyan),,alwedyan.com,faresserhan@alwedyan.com,0535006676,صناعة المنتجات الغذائية,Jeddah,
,,Bainehal Arab Food Co. Ltd.,,pafl.com.sa,waheed.shukri@pafl.com.sa,0503637242,صناعة المنتجات الغذائية,Jeddah,
,,Tala Al-Jood Dates Co. Ltd.,,yahoo.com,kokoo_52@yahoo.com,0505623812,صناعة المنتجات الغذائية,Jeddah,
,,Thimar Food Industries Co. Ltd,,thimarfoods.com,thimar@thimarfoods.com,0505653861,صناعة المنتجات الغذائية,Jeddah,
,,Sayed El-Khabbazin Saudi Arabia Co. Ltd.,,saudi.switzgroup.com,ahmeda@saudi.switzgroup.com,0566550777,صناعة المنتجات الغذائية,Jeddah,
,,Sayed El-Khabbazin Saudi Arabia Co. Ltd.,,saudi.switzgroup.com,ahmeda@saudi.switzgroup.com,0566550777,صناعة المنتجات الغذائية,Jeddah,
,,"Food & Fine Pastries Manufacturing Company, Ltd  (Al-Sunbulah)",,sunbulahgroup.com,asa@sunbulahgroup.com,0564956568,صناعة المنتجات الغذائية,Jeddah,
,,Mahmoud Saeed Refreshments Industry Company Limited,,gmail.com,khled2017kh@gmail.com,0504616588,صنع المشروبات,Jeddah,
,,Khaled and Abdul Aziz Yassin & Brothers Factories Co. for Ice Industry,,hotmail.com,khayyat-ice@hotmail.com,0555505537,صنع المشروبات,Jeddah,
,,Zahret AL-Shai Saudi Arabia Co. Ltd.,,yahoo.com,teatip1@yahoo.com,0503012217,صناعة المنتجات الغذائية,Jeddah,
,,Batterjee Ice-Cream & Juices Factory,,batterjee.com,jumbo@batterjee.com,0504378150,صنع المشروبات,Jeddah,
,,Bafart Industrial Group for the Production of Foodstuffs,,ranafood.com,ceooffice@ranafood.com,0505664202,صناعة المنتجات الغذائية,Jeddah,
,,Ahmed Abed Factory for Food Powders and Yeast,,aaabed.com,aaabed@aaabed.com,0566111105,صناعة المنتجات الغذائية,Jeddah,
,,Al-Anhar Water Factory,,riverswater.net,rwf@riverswater.net,0505450829,صنع المشروبات,Jeddah,
,,Al-Anhar Water Factory,,riverswater.net,rwf@riverswater.net,0505450829,صنع المشروبات,Jeddah,
,,Al-Jabal Dairy Factory,,ab.com.sa,info@ab.com.sa,0504691625,صناعة المنتجات الغذائية,Jeddah,
,,Petra Factory for Elevators and Escalators,,gmail.com,mahboobalialam@gmail.com,0505604868,صنع منتجات المطاط والبلاستك,Jeddah,
,,Batterjee Food Industries Factory,,batterjee.com,group@batterjee.com,0505658644,صناعة المنتجات الغذائية,Jeddah,
,,Al-Baraka Candies & Sweets Factory,,babader.com,tariqob@babader.com,0555655393,صناعة المنتجات الغذائية,Jeddah,
,,Al-Khair Coffee Derivatives Factory,,alkhairtrd.com,kbashanfar@alkhairtrd.com,0557600009,صناعة المنتجات الغذائية,Jeddah,
,,Al-Raed Food Industries Factory,,halwaniintl.com,info@halwaniintl.com,0536736661,صناعة المنتجات الغذائية,Jeddah,
,,Al Rida Food Industries Factory,,yahoo.com,alredafood@yahoo.com,0505645676,صناعة المنتجات الغذائية,Jeddah,
,,Allied Snack Food Factory,,7sweet.com,info@7sweet.com,0505608644,صناعة المنتجات الغذائية,Jeddah,
,,Al-Naqli Sweets Factory,,alnukaly.com,info@alnukaly.com,0504681607,الصناعات التحويلية الأخرى,Jeddah,
,,Al Hijrah Sweets & Candies Factory,,hotmail.com,alhijrahco@hotmail.com,0505510911,صناعة المنتجات الغذائية,Jeddah,
,,Al Hilal Saudi Factory for Halva and Liquid Tahini,,hotmail.com,m_banafea@hotmail.com,0503600641,صناعة المنتجات الغذائية,Jeddah,
,,Alhamra Ice Cream Factory Co. Ltd.,,ohio-icecream.com,ceo@ohio-icecream.com,0533311822,صناعة المنتجات الغذائية,Jeddah,
,,Eifad Factory for Food additives,,esnad.com,sbawazir@esnad.com,0550158844,صناعة المنتجات الغذائية,Jeddah,
,,Al-Babtain Sweets & Chocolate Factory,,babatin.com,omar@babatin.com,0505605451,صناعة المنتجات الغذائية,Jeddah,
,,Bavart Factory for Industry (Sugar Factory),,7sweet.com,info@7sweet.com,0562398066,صناعة المنتجات الغذائية,Jeddah,
,,Bagbes Ice Cream Biscuit Factory,,hotmail.com,bakabas.sm@hotmail.com,0505651684,صناعة المنتجات الغذائية,Jeddah,
,,Basatin Balady Food Industries Factory,,gmail.com,smmfc.sm@gmail.com,0505656853,صناعة المنتجات الغذائية,Jeddah,
,,Bakr Meat and Fish Factory,,yahoo.com,zmb204020@yahoo.com,0505676157,صناعة المنتجات الغذائية,Jeddah,
,,Saudi Automatic Salt Refining Factory,,sasa-salt.com,sasa@sasa-salt.com,0505611332,صناعة المنتجات الغذائية,Jeddah,
,,Jamal Ahmed Bin Mahfouz Factory for Water and Juices,,rawasi.com.sa,jamal@rawasi.com.sa,0505605682,صنع المشروبات,Jeddah,
,,Halawani and Tahan Food Company,,hotmail.com,moayed_66@hotmail.com,0507266666,صناعة المنتجات الغذائية,Jeddah,
,,Mohamed Ali Saad Eldin Company,,saadeddin.com,hr_j@saadeddin.com,0593211338,صناعة المنتجات الغذائية,Jeddah,
,,Royal Factory for Sweets and Chocolate,,alnukaly.com,info@alnukaly.com,0561222380,صناعة المنتجات الغذائية,Jeddah,
,,Saeed Babtain Sweets Factory,,hotmail.com,kzawz-candies@hotmail.com,0540049184,صنع منتجات المعادن المشكلة، باستثناء الالات والمعدات,Jeddah,
,,Saeed Salem Bawazir Factory for Food Flavors and Condiments Oils,,sbtcgroup.com,abdulgaderbwz@sbtcgroup.com,0505351371,صناعة المنتجات الغذائية,Jeddah,
,,Shami Food Factory,,modon.gov.sa,amowalad@modon.gov.sa,0508220300,صناعة المنتجات الغذائية,Jeddah,
,,Abhar Saudi Company Factory for Food Industries,,aquatfoods.com,it@aquatfoods.com,0503361108,صناعة المنتجات الغذائية,Jeddah,
,,Al-Banawi Mane Natural flavors Co. Ltd Factory,,hotmail.com,tal_t_@hotmail.com,0552090308,صناعة المنتجات الغذائية,Jeddah,
,,AL Emad International Food Industries Co. Factory,,alemad.net,basil@alemad.net,0555584441,صناعة المنتجات الغذائية,Jeddah,
,,Al-Manjam Cold Stores Co. Factory for Meat,,munajem.com,dmaneh@munajem.com,0554848491,صناعة المنتجات الغذائية,Jeddah,
,,Halawani Bros. Co. Factory,,halwani.com.sa,info@halwani.com.sa,0555589015,صناعة المنتجات الغذائية,Jeddah,
,,Halawani Bros. Co. Factory,,halwani.com.sa,info@halwani.com.sa,0555589015,صناعة المنتجات الغذائية,Jeddah,
,,Sanabel Elsalam Food Industries Co. Factory,,safm.com.sa,aalahdal@safm.com.sa,0500181166,صناعة المنتجات الغذائية,Jeddah,
,,Afia International Co. Factory for Edible Oils,,savola.com,wsibiani@savola.com,0555023978,صناعة المنتجات الغذائية,Jeddah,
,,Selat Al-Hadeeth Food Factory,,selafoods.com,info@selafoods.com,0505602103,صناعة المنتجات الغذائية,Jeddah,
,,Fal Factory for Food Industries,,alwedyan.com,info@alwedyan.com,0564695465,صناعة المنتجات الغذائية,Jeddah,
,,Fakih Fodder Factory,,fakiehgroup.com,lbaissa@fakiehgroup.com,0558181907,الصناعات التحويلية الأخرى,Jeddah,
,,Fakih Fodder Factory,,fakiehgroup.com,lbaissa@fakiehgroup.com,0558181907,الصناعات التحويلية الأخرى,Jeddah,
,,Crown Jeddah Beverage Can Factory,,eur.crowncork.com,nazih.saadi@eur.crowncork.com,0504659815,صنع منتجات المطاط والبلاستك,Jeddah,
,,Al-Oyoun Water Factory Company,,aloyoun.com.sa,info@aloyoun.com.sa,0505627610,صنع المشروبات,Jeddah,
,,Al-Salehia Bakeries & Pastry,,hotmail.com,asas_1407@hotmail.com,0555160888,صناعة المنتجات الغذائية,Jeddah,
,,Edark Al- Watania Factory Dairy Products,,hotmail.com,fleehan05@hotmail.com,0556645550,صناعة المنتجات الغذائية,Jeddah,
,,Al-Batati Vegetable Oils Factory,,hotmail.com,albatatyest@hotmail.com,0505667857,صناعة المنتجات الغذائية,Jeddah,
,,Al-Balad Al-Shamela Factory for Chemicals and Construction Technology,,gmail.com,alivib1212@gmail.com,0555581012,صنع المشروبات,Jeddah,
,,Al Jazira Factory for Healthy Water,,yahoo.com,abdullahaa2000@yahoo.com,0505602581,صنع المشروبات,Jeddah,
,,Al-Halawyiat Al-Rakia Factory for Sweets and Pastries,,hotmail.com,elegant_candy@hotmail.com,0503009090,صناعة المنتجات الغذائية,Jeddah,
,,Al-Doraq Al-Awal Factory for Bottled Water,,yahoo.com,shanbarinn@yahoo.com,0556665944,صنع المشروبات,Jeddah,
,,Al-Zahra Automated Food Products Factory,,yahoo.com,snfy2007@yahoo.com,0504402199,صناعة المنتجات الغذائية,Jeddah,
,,Omaima Ibrahim al-Badri Factory for Feeds,,gmail.com,mr.s.o1405@gmail.com,0555625093,صناعة المنتجات الغذائية,Jeddah,
,,Jemarat Al-Khair Factory for Foodstuff Packing,,gmail.com,jommarhalkhair.co@gmail.com,0502567756,صناعة المنتجات الغذائية,Jeddah,
,,Dalal Ali Shalabi Factory for Bottled Water,,hotmail.com,smoor1431@hotmail.com,0555694145,صنع المشروبات,Jeddah,
,,Saleh Mohammed Hamada Sons Co. Factory for Bakery Goods,,gmail.com,alwaleedhamadah@gmail.com,0505618691,صناعة المنتجات الغذائية,Jeddah,
,,Al-Rimal Saudi Foods Co. Factory,,saudisandsfood.com,nourallah@saudisandsfood.com,0505351955,صناعة المنتجات الغذائية,Jeddah,
,,Zulal Water Factory Company,,alsadbev.com,bastawy@alsadbev.com,0555553586,صنع المشروبات,Jeddah,
,,Jadayel Modern  Company Factory for Food Products,,gmail.com,abdullaabuljadauel@gmail.com,0555588880,صنع المشروبات,Jeddah,
,,Abdel Hakim Mohamed Shammakh Factory for Soft drinks and bottled water,,hotmail.com,a_shammakh@hotmail.com,0505600301,صنع المشروبات,Jeddah,
,,Ghazaa Al-Tafawouk Factory for Honey and Sweets,,hotmail.com,ss-foods@hotmail.com,0509566242,صناعة المنتجات الغذائية,Jeddah,
,,Ghazaa Al-Sultan Factory for Fast Food,,yahoo.com,musbahi1@yahoo.com,00966543322322,صناعة المنتجات الغذائية,Jeddah,
,,Fahd Abdulrahman Abdallah Al-Husseini,,yahoo.com,hemah75@yahoo.com,0505813814,صناعة المنتجات الغذائية,Jeddah,
,,Katakit Food Products Factory,,ktaykit.com,ktaykit@ktaykit.com,00966505615242,صناعة المنتجات الغذائية,Jeddah,
,,Crystal Water Factory,,lunaelectronics.com,faisel@lunaelectronics.com,0505450269,صنع المشروبات,Jeddah,
,,Makka Factory for Desalinated Water,,gmail.com,farouk.katib@gmail.com,0505531422,صنع المشروبات,Jeddah,
,,Baljurashi Water Factory (Zalali),,hotmail.com,zulaliwf@hotmail.com,0505784580,صنع المشروبات,Jeddah,
,,Neamet Zaman Industrial Factory,,yahoo.com,namatzamanfactory@yahoo.com,0598922000,صناعة المنتجات الغذائية,Jeddah,
,,Hani Ali Hassan Akel,,hotmail.com,altanmiahwaaltatower92@hotmail.com,0566923037,صناعة المنتجات الغذائية,Jeddah,
,,International Company for Food Industries (ICFI),,savola.com,wsibiani@savola.com,0555023978,صناعة المنتجات الغذائية,Jeddah,
,,Al Hashemi Company for Bakeries and Pastries,,yahoo.com,alriyadh_consultant@yahoo.com,0555359475,صناعة المنتجات الغذائية,Jeddah,
,,Sons of Abdul-Manan Abdul-Wasea Ice Factory Co.,,gmail.com,adeebambukhary@gmail.com,0505650864,الصناعات التحويلية الأخرى,Jeddah,
,,Peninsula Food Industries Facory Co.,,yahoo.com,hetem_939@yahoo.com,0504687926,صناعة المنتجات الغذائية,Jeddah,
,,Arrow Juice Factory for Bottling & Production Ltd.,,arrow-food.com,georges.sioufi@arrow-food.com,0505593442,صنع المشروبات,Jeddah,
,,Ahmed Hussein Omari Factory for Feedstock,,hotmail.com,saeed_sea@hotmail.com,0506999409,الصناعات التحويلية الأخرى,Jeddah,
,,Al-Jalsi Pies Factory,,hotmail.com,kj7773@hotmail.com,0506675458,الصناعات التحويلية الأخرى,Jeddah,
,,Al-Zehin Food Factory,,hotmail.com,o505603715@hotmail.com,0505603715,صناعة المنتجات الغذائية,Jeddah,
,,Anas Ghalib Khashoggi Factory for the Sweets Industry,,ganache-sa.com,anas@ganache-sa.com,0505620019,صناعة المنتجات الغذائية,Jeddah,
,,Anwar Ali  Al-Kindy Factory for Sweets Industry,,yahoo.com,alriyadh_consultant@yahoo.com,0555650512,صناعة المنتجات الغذائية,Jeddah,
,,Barakat Mohamed Jadaani Factory for Ice Manufacturing,,yahoo.com,alriyadh_consultant@yahoo.com,0556043213,صنع المشروبات,Jeddah,
,,Gul Muhammad  Memon  Factory for Packing & Packaging Spices,,mehran.com.sa,info@mehran.com.sa,0505600806,صناعة المنتجات الغذائية,Jeddah,
,,Raafat Yahia Daftar Dar Factory for Soft Drinks Industry,,yahoo.com,alriyadh_consultant@yahoo.com,0505690753,صنع المشروبات,Jeddah,
,,ATCO Co. Factory for Food Industries,,aakgc.com,khalid.momena@aakgc.com,0559542084,صناعة المنتجات الغذائية,Jeddah,
,,مصنع شركة تاج الطعام للوجبات الجاهزة,,gmail.com,ab.m.ammari@gmail.com,0504548150,صناعة المنتجات الغذائية,Jeddah,
,,"Abdel Khaliq Mohamed Saeed Factory for Refreshments, Juices, Milk and Ice Cream",,aksaeedgroup.net,asaleh@aksaeedgroup.net,0504322317,صناعة المنتجات الغذائية,Jeddah,
,,Abdullah Omar Baabbad Factory for Packing and Packaging Food Products,,yahoo.com,abdullah.baabbad@yahoo.com,0505601201,صناعة المنتجات الغذائية,Jeddah,
,,Adnan Shreidi Factory for Sweets and Chocolate,,hotmail.com,ajiad-choco@hotmail.com,0552979311,صناعة المنتجات الغذائية,Jeddah,
,,Adnan Faqiha Factory for Bread and Sweets,,hotmail.com,saber_mo2@hotmail.com,0556558888,صناعة المنتجات الغذائية,Jeddah,
,,Ali Saeed Al-Mazroui Factory for Food Products,,hotmail.com,rzg.alshafy@hotmail.com,0555066460,صناعة المنتجات الغذائية,Jeddah,
,,Fahd Ibrahim Hezam Factory for Plastic Industries,,hotmail.com,tbs_sa@hotmail.com,0505612591,صناعة المنتجات الغذائية,Jeddah,
,,Canaan Nezal Al-Shemari Fodders Factory,,hotmail.com,kan_kan2008@hotmail.com,0543399922,صنع المواد الكيميائية والمنتجات الكيميائية,Jeddah,
,,"Marwan Saeed Al-Madah Factory for Sweets, Biscuits and Chocolate",,almaddah-sa.com,project@almaddah-sa.com,0555600765,صناعة المنتجات الغذائية,Jeddah,
,,Negmat Al-Bahrain Factory for Food Industries,,hotmail.com,binhayas@hotmail.com,0564601742,صناعة المنتجات الغذائية,Jeddah,
,,Al-Mrtan Co. Factory for Packing and Packaging Foodstuffs,,almartan.net,alialmartan@almartan.net,0555777105,صناعة المنتجات الغذائية,Jeddah,
,,Neamet El-Kheir Factory for Pastries & Chocolate,,hotmail.com,mg_radwan@hotmail.com,0556558888,صناعة المنتجات الغذائية,Jeddah,
,,Aleysai Refreshment Establishment,,alesayi.biz,beverage@alesayi.biz,0505313379,صنع المشروبات,Jeddah,
,,Negmat Al-Taif Factory Company for Forage,,gmail.com,ziad7879@gmail.com,0552652657,صناعة المنتجات الغذائية,Hail,
,,Karim Bakeries & Pastry,,hotmail.com,aaja2003@hotmail.com,0505157412,صناعة المنتجات الغذائية,Hail,
,,Desman Water Factory,,yahoo.com,dasman_wf@yahoo.com,0597197471,صنع المشروبات,Hail,
,,Deem Hael Factory for Juices & Bottled Water,,ks-te.com,riyadh@ks-te.com,0555585310,صنع المشروبات,Hail,
,,Star Food Factory for the Production of Potatoes and Corn,,yahoo.com,sameer_ziad@yahoo.com,0556467577,صناعة المنتجات الغذائية,Hail,
,,مصنع ستار للاغذيه,,notionsgroup.com,saleh@notionsgroup.com,0556467577,,Hail,
,,Sama Al-Arab Food Prodction Factory,,yahoo.com,ksb_ar@yahoo.com,0557000031,صناعة المنتجات الغذائية,Hail,
,,Abdullah Rakha Al-Shemari Factory For Food Products,,hotmail.com,abdullah-rakhi1@hotmail.com,0506366863,صناعة المنتجات الغذائية,Hail,
,,Ajwaa Seheya Water Factory,,hotmail.com,meshary9@hotmail.com,0556222247,صنع المشروبات,Hail,
,,Nova factory for Food Industries,,hotmail.com,qabah1@hotmail.com,0555414749,صناعة المنتجات الغذائية,Hail,
,,"Halawiyat Al-Sham Factory Co., Ltd. for the Production of Sweets",,gmail.com,khalaf1828@gmail.com,0505404652,صناعة المنتجات الغذائية,سدير,
,,Ahmed Hamed Al Saeed Factory for Food Products,,herfy.com,emad@herfy.com,0505215364,صناعة المنتجات الغذائية,سدير,
,,Diet Food Factory,,munajem.com,ibrameh@munajem.com,0552502509,صناعة المنتجات الغذائية,سدير,
,,Beja Food Industries Factory,,baja.com.sa,amer@baja.com.sa,00966501027382,صناعة المنتجات الغذائية,سدير,
,,Burger Thamania  Food Products Factory,,hotmail.com,waleedusa@hotmail.com,0505205443,صناعة المنتجات الغذائية,سدير,
,,Sidr Al-Shifaa Factory for Food Products,,hotmail.com,sedralshefaa@hotmail.com,0559010109,صناعة المنتجات الغذائية,سدير,
,,Moga  Water Company Factory for Industry,,hotmail.com,moga.water@hotmail.com,0505458618,صنع المشروبات,سدير,
,,Harvey Company for Meat Treatment,,herfy.com,elkarawi@herfy.com,0505424452,صناعة المنتجات الغذائية,سدير,
,,Razaz Water Factory,,gmail.com,rathath.water@gmail.com,0505452341,صنع المشروبات,سدير,
,,Mana Water Factory,,nadreen.com,gm@nadreen.com,0503165554,صناعة المنتجات الغذائية,سدير,
,,Nehal Arabia Factory Company for Bottled Drinking Water & Juices,,outlook.sa,nehal-factory@outlook.sa,0560799920,صنع المشروبات,شقراء,
,,Shakra Water Factory,,hotmail.com,factbs@hotmail.com,0553085578,صنع المشروبات,شقراء,
,,Atqan United Factory for Meat Production,,atqan.com,info@atqan.com,0556755166,صناعة المنتجات الغذائية,عسيـــر,
,,Al-Bustan First Factory for Foodstuff Packing & Packaging,,ah-bustan.net,govm@ah-bustan.net,0502500136,صناعة المنتجات الغذائية,عسيـــر,
,,Al-Tahouna Foodstuff Packing and Packaging Factory,,hotmail.com,adelata@hotmail.com,0505756908,صناعة المنتجات الغذائية,عسيـــر,
,,Awal Al-Alamia Factory for Filling and Packaging Foodstuffs,,hotmail.com,a_m1100@hotmail.com,0505755799,صناعة المنتجات الغذائية,عسيـــر,
,,Al-Berka Al-Arabia Factory for Pastries and Sweets,,brakah.com,info@brakah.com,0555759299,صناعة المنتجات الغذائية,عسيـــر,
,,"Hesn Al-Diwan Factory for Chocolate, Biscuits and Confectionery",,homail.com,yaslam66@homail.com,0565292229,صناعة المنتجات الغذائية,عسيـــر,
,,Sulaiman Abdullah Mokarmash Factory for Food Packing and Packaging,,yahoo.com,almug.forfood85@yahoo.com,0505741562,صناعة المنتجات الغذائية,عسيـــر,
,,Khairat Co. Factory for Fodders,,gmail.com,4ic2013@gmail.com,0532556666,صناعة المنتجات الغذائية,عسيـــر,
,,Khairat Watani Co. Factory,,hotmail.com,kh_watani@hotmail.com,0505742939,صنع المواد الكيميائية والمنتجات الكيميائية,عسيـــر,
,,Sayed El-Khabbazin Saudi Arabia Co. Ltd. Factory,,saudi.switzgroup.com,gamals@saudi.switzgroup.com,0555818824,صناعة المنتجات الغذائية,عسيـــر,
,,The sweets factory for the Al-Qosor Co. for Parties and Supplies,,newfilon.com,cater@newfilon.com,0505507963,أخرى,Makkah,
,,Al Marwa Al Ahlia Co. for Manufacturing Fodder and Concentrates,,hotmail.com,hamdy_utsc@hotmail.com,0543459571,صناعة المنتجات الغذائية,Makkah,
,,Shan Foods Company Limited,,shanfoods.sa,info@shanfoods.sa,0501212266,صناعة المنتجات الغذائية,Makkah,
,,Al-Umrah Water Factory Co.  Ltd.,,hotmail.com,alumrahwater@hotmail.com,0505115555,صنع المشروبات,Makkah,
,,Agayeb Factory for Corn and Fried Potatoes Products,,hotmail.com,agaibfood@hotmail.com,0557349198,صناعة المنتجات الغذائية,Makkah,
,,Emad Moussa Hamada Factory for Dates Packing and Packaging,,hotmail.com,khairaat-factory@hotmail.com,0555516238,صناعة المنتجات الغذائية,Makkah,
,,Hagr Factory for Ferrous Crafts & Aluminium,,gmail.com,hajersteel@gmail.com,0504922672,صنع منتجات المعادن اللافلزية الأخرى,Al Ahsa,
,,مصنع البراك لأبواب الكراجات,,gmail.com,barrakagd@gmail.com,0505919660,صنع الالات والمعدات غير المصنفة في موضع اخر,Al Ahsa,
,,Gulf Metal Industries Factory,,fahadkgroup.com,fahad@fahadkgroup.com,0505816140,صنع منتجات المعادن المشكلة، باستثناء الالات والمعدات,Al Ahsa,
,,Gulf Heater Factory,,hotmail.com,genral911@hotmail.com,0505917010,صنع المعدات الكهربائية,Al Ahsa,
,,Bukhamseen Aluminium Factory,,yahoo.com,bohu46@yahoo.com,0505916784,صنع منتجات المعادن المشكلة، باستثناء الالات والمعدات,Al Ahsa,
,,Abdel Rahman Mohamed Al-Aqeel Factory for Metal and Wooden Products,,alageelgroup.com,alageel@alageelgroup.com,0555916660,صنع الخشب ومنتجات الخشب والفلين، باستثناء الاثاث؛ صنع اصناف من القش ومواد الضفر,Al Ahsa,
,,Abdullah Salem Al-Obaid Allah Factory for Laundry Equipment,,hotmail.com,mashal9992010@hotmail.com,0506926665,صنع الالات والمعدات غير المصنفة في موضع اخر,Al Ahsa,
,,Mohamed Jawad Bukhamseen Factory for Spare Parts and Air-conditioning Materials,,mjb.com.sa,acs@mjb.com.sa,0559999051,صنع الالات والمعدات غير المصنفة في موضع اخر,Al Ahsa,
,,"Othman Awdah Al Abbush Factory for Iron Dragging, Rolling, Galvanizing, Forming and Painting",,windowslive.com,aama123@windowslive.com,0555774200,صنع منتجات المعادن اللافلزية الأخرى,Al Bahah,
,,Al-Raqi Factory for Ceilings and Metal Forming,,hotmail.com,raqy-factory@hotmail.com,0505480271,صنع منتجات المعادن المشكلة، باستثناء الالات والمعدات,Al Kharj,
,,Satam Abdulaziz Al-Rageh for Iron Industries,,gmail.com,saattaam@gmail.com,0500175040,صنع منتجات المعادن المشكلة، باستثناء الالات والمعدات,Al Kharj,
,,Agij Company for the Steel Industry and its Derivatives,,hotmail.com,to-omar@hotmail.com,0590023169,صنع منتجات المعادن المشكلة، باستثناء الالات والمعدات,Al Kharj,
,,Arkan Steel Company for Iron Industry,,fadid.net,aalgeaidi@fadid.net,0556071997,صنع منتجات المعادن المشكلة، باستثناء الالات والمعدات,Al Kharj,
,,Al-Kharaj Steel Co.,,gmail.com,steelbrg@gmail.com,0504437728,الصناعات التحويلية الأخرى,Al Kharj,
,,Bardorat Cement Products Company,,gmail.com,jnaqib@gmail.com,0566608000,صنع منتجات المعادن المشكلة، باستثناء الالات والمعدات,Al Kharj,
,,Saudi Temco Company for Industry,,temco.com.sa,samir.qazaqi@temco.com.sa,0557461005,صنع منتجات المعادن المشكلة، باستثناء الالات والمعدات,Al Kharj,
,,شركة دار المعدن للصناعة,,darmetal.com.sa,info@darmetal.com.sa,0506460411,صنع منتجات المعادن المشكلة، باستثناء الالات والمعدات,Al Kharj,
,,Abdul Karim Mohamed Al-Rajhi and Partner Co. Ltd. for Metals,,aljawalblackberry.com,ak@aljawalblackberry.com,0503545554,صنع منتجات المعادن المشكلة، باستثناء الالات والمعدات,Al Kharj,
,,Saudi Deroua Factory Co.,,sdoroo.com,ipshemaf@sdoroo.com,0505906119,الصناعات التحويلية الأخرى,Al Kharj,
,,Azizia Projects Aluminium Factory Co.,,yahoo.com,alazizia_apco@yahoo.com,0502993855,الصناعات التحويلية الأخرى,Al Kharj,
,,Neval Factory for Aluminium,,hotmail.com,mody_k_1981@hotmail.com,0555269999,صنع الالات والمعدات غير المصنفة في موضع اخر,Al Kharj,
,,Hercule Company Limited for Metals,,yahoo.co.uk,hercules_hydraulics@yahoo.co.uk,0566149633,صنع منتجات المعادن المشكلة، باستثناء الالات والمعدات,Al Kharj,
,,Middle East Company Factory Company for Metal and Plastic Molds,,yahoo.com,aar1965@yahoo.com,0557017777,صنع منتجات المعادن المشكلة، باستثناء الالات والمعدات,Al Kharj,
,,Shams Cable Industry,,hotmail.com,wajdan1010@hotmail.com,0505206443,صنع الالات والمعدات غير المصنفة في موضع اخر,Al Kharj,
,,Branch of Alaa Industries Company,,alaindustries.com,safiyullah@alaindustries.com,0557185660,صنع منتجات المعادن المشكلة، باستثناء الالات والمعدات,Al Kharj,
,,Abrar Hussain Riad Factory for Metal Forming,,hotmail.com,tts32@hotmail.com,0506202614,صنع الالات والمعدات غير المصنفة في موضع اخر,Al Kharj,
,,United Al-Kharg Factory for Metal Foundry,,gmail.com,dhaean@gmail.com,0552250444,صنع منتجات المعادن المشكلة، باستثناء الالات والمعدات,Al Kharj,
,,Asdas International Factory for Metal Products,,gmail.com,botaibi@gmail.com,0503846404,الصناعات التحويلية الأخرى,Al Kharj,
,,Asdas International Factory for Metal Products,,gmail.com,botaibi@gmail.com,0503846404,صنع الالات والمعدات غير المصنفة في موضع اخر,Al Kharj,
,,Al-Oula Steel Factory,,gmail.com,saif99@gmail.com,0544696969,صنع منتجات المعادن اللافلزية الأخرى,Al Kharj,
,,Al-Jawal Private Factory for Steel Works,,hotmail.com,alkatulkaas@hotmail.com,0554467476,صنع منتجات المعادن اللافلزية الأخرى,Al Kharj,
,,Al-Dasam Steel Factory,,ymail.com,sqahtani@ymail.com,0580066664,صنع منتجات المعادن المشكلة، باستثناء الالات والمعدات,Al Kharj,
,,Al-Sharq Wa Al-Gharb Metal Casting and Foundry,,yahoo.com,mirza.zaffar@yahoo.com,0555292239,صنع منتجات المعادن المشكلة، باستثناء الالات والمعدات,Al Kharj,
,,International Technology Company factory for Creating Pre-engineering Metal Buildings and Metal Smelting and Extrusion,,assadsaid.com,omer_al-amin@assadsaid.com,0553047793,صنع منتجات المعادن المشكلة، باستثناء الالات والمعدات,Al Kharj,
,,Al-Madar Modern Factory for Metal Coating and Decoration,,hotmail.com,neworbitfactory@hotmail.com,0501117815,صنع المواد الكيميائية والمنتجات الكيميائية,Al Kharj,
,,Al-Maktourah Al-Namozagya Metal Products Factory,,hotmail.com,turki_20005@hotmail.com,0505240066,صنع منتجات المعادن المشكلة، باستثناء الالات والمعدات,Al Kharj,
,,Mobile Platforms Factory for Manufacturing Insulatd Metal Panels,,xplatformgroup.com,hamad@xplatformgroup.com,0548938934,صنع منتجات المعادن المشكلة، باستثناء الالات والمعدات,Al Kharj,
,,Bandar Hadi Al-Qahtani Steel Manufacturing Factory,,hotmail.com,almasrde119@hotmail.com,0555803933,صنع الفلزات القاعدية,Al Kharj,
,,Hamad and Abdulaziz Al-Rajhi Factory for Laboratory Tubs and Cabinets,,rajhisinks.com,info@rajhisinks.com,0555453788,صنع منتجات المعادن المشكلة، باستثناء الالات والمعدات,Al Kharj,
,,Metal Rolling & Iron Smelting Factory,,hotmail.com,darfala-almaadin@hotmail.com,0545198760,صنع منتجات المعادن المشكلة، باستثناء الالات والمعدات,Al Kharj,
,,"Rahil Arab Factory for Screws, Fastening Wires and Scaffolding",,hotmail.com,paco585@hotmail.com,0557572222,صنع منتجات المعادن المشكلة، باستثناء الالات والمعدات,Al Kharj,
,,Rukn Al-Emlaq Factory for Metal Industries,,yahoo.com,ruknalamlak@yahoo.com,0549867156,صنع الالات والمعدات غير المصنفة في موضع اخر,Al Kharj,
,,Rukn Al-Moghl  Factory for Iron Industries,,yahoo.com,mirza.zaffar@yahoo.com,0555292239,صنع منتجات المعادن المشكلة، باستثناء الالات والمعدات,Al Kharj,
,,Semat Al-Atlal Factory for Iron Industries,,hotmail.com,adel107@hotmail.com,0504203562,صنع منتجات المعادن اللافلزية الأخرى,Al Kharj,
,,Al-Alfia Al-Saudia Co. Factory for Steel Works,,hotmail.com,aloomr@hotmail.com,0566724488,صنع منتجات المعادن المشكلة، باستثناء الالات والمعدات,Al Kharj,
,,Innovative Systems Co. Factory,,isys.sa,kamal@isys.sa,0505491067,صنع الالات والمعدات غير المصنفة في موضع اخر,Al Kharj,
,,مصنع شركة التصنيع الشامل للمنتجات المعدنية,,c-ece.com,y.altwaijri@c-ece.com,0566007898,صنع منتجات المعادن المشكلة، باستثناء الالات والمعدات,Al Kharj,
,,Ensan Metal Works Factory,,hotmail.com,ashrafalhassan@hotmail.com,0505787877,صنع منتجات المعادن المشكلة، باستثناء الالات والمعدات,Al Kharj,
,,Tebrak Co. Factory for Aluminium and Glass,,hotmail.com,ahmed_alothman@hotmail.com,0555457015,الصناعات التحويلية الأخرى,Al Kharj,
,,Fuel Technology Company Factory for Metal Products,,yahoo.co,engremal@yahoo.co,0509196665,صنع منتجات المعادن المشكلة، باستثناء الالات والمعدات,Al Kharj,
,,Sang Lee Co. Factory for Stainless Steel,,sangleestainless.com,sanglee@sangleestainless.com,0504466358,صنع منتجات المطاط والبلاستك,Al Kharj,
,,Arab World Development Co. Factory for Iron,,adw.com.sa,info@adw.com.sa,0551055582,صنع منتجات المعادن المشكلة، باستثناء الالات والمعدات,Al Kharj,
,,Kaisab Metal Products Co. Factory,,kaisab.com,k.almousa@kaisab.com,0505459851,صنع منتجات المعادن المشكلة، باستثناء الالات والمعدات,Al Kharj,
,,Saudi  Cooling Units Factory & Company,,yahoo.com,salmy_1981@yahoo.com,0505446674,صنع منتجات المعادن المشكلة، باستثناء الالات والمعدات,Al Kharj,
,,Tiba Factory for Automatic Doors,,gmail.com,tibadoor@gmail.com,0504469751,صنع منتجات المعادن المشكلة، باستثناء الالات والمعدات,Al Kharj,
,,Abdulaziz Hassan Al-Shatry Iron Factory,,hotmail.com,abdulaziz-h-a29@hotmail.com,0554492759,صنع منتجات المعادن اللافلزية الأخرى,Al Kharj,
,,Abdel Mohsen Dawwas Al-Anzi Factory,,yahoo.com,dawas.athab@yahoo.com,0508903936,صنع منتجات المعادن المشكلة، باستثناء الالات والمعدات,Al Kharj,
,,Aqeel Rashed Al-Shamlan Factory for Household Utensils,,hotmail.com,alshamlanfactory@hotmail.com,0504268634,صنع الالات والمعدات غير المصنفة في موضع اخر,Al Kharj,
,,Factory of Matic International Company Branch for Industry,,gmail.com,maticint@gmail.com,0503265373,صنع الالات والمعدات غير المصنفة في موضع اخر,Al Kharj,
,,Fahd Shaher Al-Surayhi Iron Factory,,hotmail.com,qqaazzxx-1@hotmail.com,0505193571,صنع منتجات المعادن المشكلة، باستثناء الالات والمعدات,Al Kharj,
,,Kawkab Al-Samer Factory for Barrels Industry,,hotmail.com,w-rawad@hotmail.com,0500030632,صنع الفلزات القاعدية,Al Kharj,
,,Kool Metal Products Factory,,alrajhiindustrial.com,gm@alrajhiindustrial.com,0545450000,صنع منتجات المعادن المشكلة، باستثناء الالات والمعدات,Al Kharj,
,,Mohamed Shaheen Makboul Factory for Iron formation,,hotmail.com,shahinbesm@hotmail.com,0559495945,صنع منتجات المعادن المشكلة، باستثناء الالات والمعدات,Al Kharj,
,,Maru Riyadh Factory for Metal Casting & Forming,,hotmail.com,mashagrawi@hotmail.com,0504441840,صنع منتجات المعادن المشكلة، باستثناء الالات والمعدات,Al Kharj,
,,Moftah El-Nahas Mining Factory,,aljadawel.com.sa,fahad@aljadawel.com.sa,0508222272,صنع منتجات المعادن المشكلة، باستثناء الالات والمعدات,Al Kharj,
,,"Abdel Rahman Zeidan Est. Factory for Lathing, Equipment Manufacturing and Metal Forming",,yahoo.com,ashrafsteel2000@yahoo.com,0500646139,صنع منتجات المعادن المشكلة، باستثناء الالات والمعدات,Al Kharj,
,,Nojoom Al-Farid Factory for Metalware Industries,,yahoo.com,al_fareedstars@yahoo.com,0500083132,صنع منتجات المعادن المشكلة، باستثناء الالات والمعدات,Al Kharj,
,,Yafa El-Jazira Factory for Aluminum Manufacturing,,hotmail.com,jaberalshaer@hotmail.com,0555252733,صنع منتجات المعادن المشكلة، باستثناء الالات والمعدات,Al Kharj,
,,Jamal Mousa Abdul Wahab Est. for Metal Products,,yahoo.com,ja1factory@yahoo.com,0505407713,صنع الالات والمعدات غير المصنفة في موضع اخر,Al Kharj,
,,Saudi Arabian Packing Materials Manufacturing Co.,,sapin.com.sa,info@sapin.com.sa,0505827300,صنع منتجات المعادن المشكلة، باستثناء الالات والمعدات,Dammam,
,,Saudi Factory for Metal Scaffolding,,binex.com.sa,tawfiq.humaid@binex.com.sa,0503842959,صنع منتجات المعادن المشكلة، باستثناء الالات والمعدات,Dammam,
,,Zamil Architectural Industries Company,,zamilal.com,ibrahim@zamilal.com,0544507575,صنع منتجات المعادن المشكلة، باستثناء الالات والمعدات,Dammam,
,,Zamil Steel Pre-Engineered Buildings Co.,,zamilindustrial.com,ramzi@zamilindustrial.com,0555932328,صنع منتجات المعادن اللافلزية الأخرى,Dammam,
,,Al Kuhaimi Metal Industries Factory (KMI),,alkuhaimi.com,mohammad@alkuhaimi.com,0504840644,صنع منتجات المعادن المشكلة، باستثناء الالات والمعدات,Dammam,
,,"Haras Industries Co., Ltd.",,guardianind.com,alabdullah@guardianind.com,0508429992,صنع منتجات المعادن المشكلة، باستثناء الالات والمعدات,Dammam,
,,"Aluminum Manufacturing Co., Ltd (Alumaco)",,alumaco.com,admin@alumaco.com,0505671963,صنع منتجات المعادن المشكلة، باستثناء الالات والمعدات,Dammam,
,,Aluminum Products Co. Ltd. (ALUPCO),,alupco.com,habis@alupco.com,0500022206,صنع منتجات المعادن المشكلة، باستثناء الالات والمعدات,Dammam,
,,Hamza Khushaim and Mohamed Jamal Co. Factories,,gmail.com,khushaimjamal@gmail.com,0505801675,صنع منتجات المعادن المشكلة، باستثناء الالات والمعدات,Dammam,
,,Al-Bawardi Steel Industries Factory,,albawardi.com,ataher@albawardi.com,0554804071,صنع منتجات المعادن اللافلزية الأخرى,Dammam,
,,Arabian Gulf Al-Arabi Factory for Heaters and Air Conditioners,,aljazierah.com,m.aldosary@aljazierah.com,0503422996,صنع منتجات المعادن المشكلة، باستثناء الالات والمعدات,Dammam,
,,Eastern Aluminium Factory ALMA,,yahoo.com,almaglass@yahoo.com,0505802427,صنع منتجات المعادن المشكلة، باستثناء الالات والمعدات,Dammam,
,,Adeeb for the Manufacture of Internal and External Panels,,adeeb.com,info@adeeb.com,0504123769,صنع منتجات المعادن المشكلة، باستثناء الالات والمعدات,Riyadh,
,,Saudi Aluminum Industries Company - SALUMCO,,salumco.com,salumco@salumco.com,0555991997,صنع منتجات المعادن المشكلة، باستثناء الالات والمعدات,Riyadh,
,,Modern Poles Factory Co. Ltd.,,safagrp.com,m.swayeh@safagrp.com,0505465483,صنع منتجات المعادن المشكلة، باستثناء الالات والمعدات,Riyadh,
,,National Aluminum Factory Co. - NAFCO,,alunafco.com,aluminum@alunafco.com,0505216671,صنع منتجات المعادن المشكلة، باستثناء الالات والمعدات,Riyadh,
,,Ali and Adel Al-Musaireiy Trading Company,,aamus.com,info@aamus.com,0504122322,صنع منتجات المعادن المشكلة، باستثناء الالات والمعدات,Riyadh,
,,Al-Musairiey Factory for Household Utensils,,hotmail.com,almusairieyfactory@hotmail.com,0505423456,صنع منتجات المعادن المشكلة، باستثناء الالات والمعدات,Riyadh,
,,الشركة السعودية لصناعات الالمنيوم - سلمكو,,salumco.com,salumco@salumco.com,0508915651,صنع منتجات المعادن اللافلزية الأخرى,Riyadh,
,,Industrial Co. for Aluminium and Marble - Archital,,yahoo.com,archital2000@yahoo.com,0503412963,صنع منتجات المعادن المشكلة، باستثناء الالات والمعدات,Riyadh,
,,Aluminum International Co. (ALINCO),,ggc.com.sa,info@ggc.com.sa,0503105270,صنع منتجات المعادن المشكلة، باستثناء الالات والمعدات,Riyadh,
,,Modern Factory for Pouring and Sanitary Ware,,metalartplus.com,mofac@metalartplus.com,0593945020,صنع منتجات المعادن المشكلة، باستثناء الالات والمعدات,Riyadh,
,,Saudi Gas Cylinder Factory,,enagas.com.sa,enagas@enagas.com.sa,0505450719,صنع المواد الكيميائية والمنتجات الكيميائية,Riyadh,
,,Saudi Poles & Partitions Factory,,hotmail.com,sfp@hotmail.com,0504772010,صنع منتجات المعادن المشكلة، باستثناء الالات والمعدات,Riyadh,
,,Al-Watan Kitchen  Sinks Factory,,hotmail.com,majaly_2005@hotmail.com,0505471526,صنع منتجات المعادن المشكلة، باستثناء الالات والمعدات,Riyadh,
,,National Factory for Stainless Steel and Metal Products,,hotmail.com,wasssteel1@hotmail.com,0505483144,صنع منتجات المعادن المشكلة، باستثناء الالات والمعدات,Riyadh,
,,Dessert Fences Company,,defco.com.sa,info@defco.com.sa,0505446730,صنع منتجات المعادن المشكلة، باستثناء الالات والمعدات,Riyadh,
,,Al-Bilad Concrete Pipe Co. Ltd.,,albiladpipes.com,info@albiladpipes.com,0504491480,صنع منتجات المعادن اللافلزية الأخرى,Riyadh,
,,Saudi Supply and Technical Services Co.,,alhokair.com,info@alhokair.com,0505255891,صنع الفلزات القاعدية,Riyadh,
,,Al Shaheen Metal Industries Co.,,alshahin.com,ahmed@alshahin.com,0505456833,صنع منتجات المعادن المشكلة، باستثناء الالات والمعدات,Riyadh,
,,"Metal, Silver and Gold Industries Company",,yahoo.com,mesigoco@yahoo.com,0505462387,صنع منتجات المعادن المشكلة، باستثناء الالات والمعدات,Riyadh,
,,Gulf Meter Company,,gmf.com.sa,amir@gmf.com.sa,0566699909,صنع منتجات المعادن المشكلة، باستثناء الالات والمعدات,Riyadh,
,,Al-Fanar Molds Co.,,alfanar.com,suwaida@alfanar.com,0506026945,صنع منتجات المعادن المشكلة، باستثناء الالات والمعدات,Riyadh,
,,Alma Factory  for the Manufacture of Al-Sekorit and Double Insulating Glass,,gmail.com,almaglass@gmail.com,0505416015,الصناعات التحويلية الأخرى,Riyadh,
,,Saudi Aluminium Kitchen Factory Co.,,hotmail.com,mr_serious2002@hotmail.com,0547073333,صنع منتجات المعادن المشكلة، باستثناء الالات والمعدات,Riyadh,
,,Al-Musairiey Metal Industries Co.,,musairiey.com,musairie@musairiey.com,0515100897,صنع منتجات المعادن المشكلة، باستثناء الالات والمعدات,Riyadh,
,,Steel Products Co. Ltd.,,stepco.com.sa,steel@stepco.com.sa,0554499944,صنع منتجات المعادن اللافلزية الأخرى,Riyadh,
,,Sanabel Aluminum Company,,sanabelalum.com,gm@sanabelalum.com,0506437494,صنع منتجات المعادن المشكلة، باستثناء الالات والمعدات,Riyadh,
,,Outokumpu Armetal Steel Pipes Co. Ltd.,,outokumpu-armetal.com,rgeorge@outokumpu-armetal.com,0550284211,صنع منتجات المعادن المشكلة، باستثناء الالات والمعدات,Riyadh,
,,Bawan Company Ltd.,,utec.com.sa,bader.almuhaidib@utec.com.sa,0555597956,صنع منتجات المعادن المشكلة، باستثناء الالات والمعدات,Riyadh,
,,Galvanization and Manufacturing Technologies Company,,alashoury-industry.com,m.d@alashoury-industry.com,0505218904,صنع المواد الكيميائية والمنتجات الكيميائية,Riyadh,
,,"Dar Al-Menu Aluminium Products Co., Ltd. - Dalebco",,gmail.com,daraluminio@gmail.com,0503119439,صنع منتجات المعادن المشكلة، باستثناء الالات والمعدات,Riyadh,
,,Zarqaa Al-Yamama Company for Lenses,,eye.com.sa,lens@eye.com.sa,0559999838,صنع منتجات المعادن المشكلة، باستثناء الالات والمعدات,Riyadh,
,,Safid Company Limited,,safid.com,jjawhari@safid.com,0505423953,صنع منتجات المعادن اللافلزية الأخرى,Riyadh,
,,Dahab Company Ltd Factory - Saudi Gold,,awalnet.net.sa,goldco@awalnet.net.sa,0505450083,الصناعات التحويلية الأخرى,Riyadh,
,,L'Azurde Jewellery Co. Factory,,lazurde.com,abdullah.obaid@lazurde.com,0505464155,الصناعات التحويلية الأخرى,Riyadh,
,,Vehicles and Ironworks Factory Co.,,arabatco.com,info@arabatco.com,0503404237,صنع منتجات المعادن اللافلزية الأخرى,Riyadh,
,,Al-Oroba Aluminium Factory Company,,hotmail.com,q380@hotmail.com,0505492465,صنع منتجات المعادن المشكلة، باستثناء الالات والمعدات,Riyadh,
,,Al-Mubarak Trailers and Tanks Factory,,hotmail.com,mashraf1@hotmail.com,0505404208,صنع المركبات ذات المحركات والمركبات المقطورة ونصف المقطورة,Riyadh,
,,Attia Iron Company Factory,,attiehgruop.com,aw.alama@attiehgruop.com,0506262565,صنع منتجات المعادن اللافلزية الأخرى,Riyadh,
,,Lada Aluminium & Iron Factory Co.,,gmail.com,lada.alum.l@gmail.com,0509975631,صنع منتجات المعادن اللافلزية الأخرى,Riyadh,
,,Namira Factory Company Limited for Air Compressors & Ferrous Works,,namerah.com.sa,info@namerah.com.sa,0504178957,صنع منتجات المعادن اللافلزية الأخرى,Riyadh,
,,Wadi Rum Company Ltd. for Metal Recycling,,aboura.com,ghazi@aboura.com,0505405191,صنع منتجات المعادن اللافلزية الأخرى,Riyadh,
,,Ahmed Salem Bughshan Factory for Metal Forms and the Wielding Wire Factory,,boogshan.com,gm_amm@boogshan.com,0504385106,صنع منتجات المعادن المشكلة، باستثناء الالات والمعدات,Riyadh,
,,Al-Etarat Al-Hadidia Factory for Windows and Doors,,nesma.net.sa,kassab@nesma.net.sa,0502020238,صنع منتجات المعادن اللافلزية الأخرى,Riyadh,
,,Al-Babtain Factory for Industry and the Production of Wall Molds,,abeico.com.sa,hrm@abeico.com.sa,0544902088,صنع الالات والمعدات غير المصنفة في موضع اخر,Riyadh,
,,Al Babtain Lighting and Distribution Board Factory,,al-babtain.com.sa,kaha-yami@al-babtain.com.sa,0503887101,صنع منتجات المعادن المشكلة، باستثناء الالات والمعدات,Riyadh,
,,Al-Baida Iron Works Factory,,gmail.com,aa.jgroub2@gmail.com,0554250350,صنع منتجات المعادن اللافلزية الأخرى,Riyadh,
,,مصنع الرياض للصناعات المعدنية,,rimco-sa.com,gm@rimco-sa.com,0563311666,صنع منتجات المعادن المشكلة، باستثناء الالات والمعدات,Riyadh,
,,Riyadh Metal Parts Factory (RMPF),,rmpf.com,info@rmpf.com,0555450125,صنع منتجات المعادن المشكلة، باستثناء الالات والمعدات,Riyadh,
,,Al Ziad Int. Factory For Metal & Crushers Parts,,hotmail.com,ziadmatic@hotmail.com,0505483938,صنع منتجات المعادن المشكلة، باستثناء الالات والمعدات,Riyadh,
,,Saudi Aluminium Factory,,hotmail.com,aaaltheeb@hotmail.com,0504224957,صنع منتجات المعادن المشكلة، باستثناء الالات والمعدات,Riyadh,
,,Al-Salem Aluminium Factory,,hotmail.com,alseleem2011@hotmail.com,0563370681,صنع منتجات المعادن المشكلة، باستثناء الالات والمعدات,Riyadh,
,,Middle East Metal & Wood Industries Factory,,metalco.com.sa,a.khalild@metalco.com.sa,0554004442,صنع الخشب ومنتجات الخشب والفلين، باستثناء الاثاث؛ صنع اصناف من القش ومواد الضفر,Riyadh,
,,Al-Sofuf National Factory,,rfufco.com.sa,gm@rfufco.com.sa,0555188565,صنع منتجات المعادن المشكلة، باستثناء الالات والمعدات,Riyadh,
,,Olayan Aluminium Kitchens Factory,,hotmail.com,khodrhosa@hotmail.com,0508488889,صنع منتجات المعادن المشكلة، باستثناء الالات والمعدات,Riyadh,
,,Al Fotouh Aluminium Accessories & Yarn Factory,,alfa-ksa.com,info@alfa-ksa.com,0555400756,صنع منتجات المعادن المشكلة، باستثناء الالات والمعدات,Riyadh,
,,Metal Molds and Spare Parts Factory,,mirkaz.net,talal@mirkaz.net,0503182458,صنع منتجات المعادن المشكلة، باستثناء الالات والمعدات,Riyadh,
,,Al Taiseer Aluminum Company,,altaiseer.com,info@altaiseer.com,0505203000,صنع منتجات المعادن المشكلة، باستثناء الالات والمعدات,Riyadh,
,,Saudi Aluminium Establishment Factory,,andalusgroup.net,andalus@andalusgroup.net,0502611612,صنع منتجات المعادن المشكلة، باستثناء الالات والمعدات,Riyadh,
,,Al-Wadi Metal Industries Factory,,yahoo.com,alwadi_factory@yahoo.com,0504446575,صنع منتجات المعادن المشكلة، باستثناء الالات والمعدات,Riyadh,
,,Al-Watan Factory for Metal Protection,,alwatanfac.com.sa,factory@alwatanfac.com.sa,0504167130,صنع منتجات المعادن المشكلة، باستثناء الالات والمعدات,Riyadh,
,,Metal Design Factory for Industry,,roomsxml.net,gm@roomsxml.net,0556507733,صنع منتجات المعادن المشكلة، باستثناء الالات والمعدات,Riyadh,
,,Gadf Factory for Cast Iron Castings,,hotmail.com,jdffaljazea@hotmail.com,0553399666,صنع منتجات المعادن اللافلزية الأخرى,Riyadh,
,,Deem Factory for Aluminium,,yahoo.com,deem_factory@yahoo.com,0500930099,صنع منتجات المعادن اللافلزية الأخرى,Riyadh,
,,Rama Aluminium Factory,,rico-sa.com,aziz.salim@rico-sa.com,0532535343,صنع منتجات المعادن المشكلة، باستثناء الالات والمعدات,Riyadh,
,,Zarry Factory for Golden Jewelries,,hotmail.com,zaree_gold@hotmail.com,0505218820,الصناعات التحويلية الأخرى,Riyadh,
,,Metal Foundry and Copper Plating Factory,,yahoo.com,metal.brass@yahoo.com,0504125403,صنع منتجات المعادن المشكلة، باستثناء الالات والمعدات,Riyadh,
,,Salman Johar Al-Johar Scrap Melting Factory,,gmail.com,rakanaljohar1@gmail.com,0544222927,صنع منتجات المعادن المشكلة، باستثناء الالات والمعدات,Riyadh,
,,Suleiman Saleh Al-Otaim Factory for  Jewelries,,soj.com.sa,info@soj.com.sa,0507476714,الصناعات التحويلية الأخرى,Riyadh,
,,Samih Al-Bashir  & Co. Factory for Iron Industries,,albashirsteel.net,samih@albashirsteel.net,0552654800,صنع منتجات المعادن اللافلزية الأخرى,Riyadh,
,,Al-Tasami Factory for Leather Tanning,,gmail.com,altasami.tannery@gmail.com,0505483394,صنع منتجات المعادن المشكلة، باستثناء الالات والمعدات,Riyadh,
,,Arabian Casting Co. Ltd. Factory (Al-Hilali),,scf-chandeliers.com.sa,info@scf-chandeliers.com.sa,0505417549,صنع منتجات المعادن المشكلة، باستثناء الالات والمعدات,Riyadh,
,,Tiba Al-Khaleej Iron Factory,,taybahsteel.com,info@taybahsteel.com,0503545554,صنع منتجات المعادن اللافلزية الأخرى,Riyadh,
,,Factory of Jazz Group for Household Utensils,,aljazzgroup.com,info@aljazzgroup.com,0500990094,صنع منتجات المعادن المشكلة، باستثناء الالات والمعدات,Riyadh,
,,Nagi Mahmoud Abu Dakka Factory for Metal Products,,yahoo.com,amro_n@yahoo.com,0505444592,صنع منتجات المعادن المشكلة، باستثناء الالات والمعدات,Riyadh,
,,NAFA Engineering Products Factory,,nafa.net,ent@nafa.net,0505463643,صنع الالات والمعدات غير المصنفة في موضع اخر,Riyadh,
,,Najd Factory for Household Utensils,,hotmail.com,f.najd@hotmail.com,0555114167,صنع منتجات المعادن المشكلة، باستثناء الالات والمعدات,Riyadh,
,,Wofour Factory for Steel Rolling,,gmail.com,rakanaljohar1@gmail.com,0544222927,صنع منتجات المعادن اللافلزية الأخرى,Riyadh,
,,Universal Metal Industries Factory,,hotmail.com,dunyaest@hotmail.com,0505444303,صنع منتجات المعادن المشكلة، باستثناء الالات والمعدات,Riyadh,
,,Amer Shahzad Factory for Metal Works,,hotmail.com,twank3333@hotmail.com,0535775511,صنع منتجات المعادن المشكلة، باستثناء الالات والمعدات,الزلفي,
,,Othman Mahmoud Sultan Mahmoud Factory for Metal Industries,,hotmail.com,osmanfact@hotmail.com,0544443121,صنع منتجات المعادن المشكلة، باستثناء الالات والمعدات,الزلفي,
,,Hisham Cridly Factory for Metal Works,,hotmail.com,al_razan_co@hotmail.com,0544944420,صنع منتجات المعادن المشكلة، باستثناء الالات والمعدات,الزلفي,
,,احمد عبدالله سليمان ابالخيل,,wafi.sa,ma.acc@wafi.sa,0541313447,,Qassim,
,,Waleed Abdullah Rashoudi for Smelting and Rolling,,gmail.com,rashoudi.group@gmail.com,0555144000,صنع منتجات المعادن المشكلة، باستثناء الالات والمعدات,Qassim,
,,Mohamed Saleh Al-Salama Factory for Hangars and Metal Formation,,hotmail.com,atif3003@hotmail.com,0505131219,صنع منتجات المعادن المشكلة، باستثناء الالات والمعدات,Qassim,
,,Al-Samaani Factory for Wired and Metal Industries,,sgp.com.sa,gm@sgp.com.sa,0505137111,صنع منتجات المعادن المشكلة، باستثناء الالات والمعدات,Qassim,
,,Jesor Al-Banna Steel Factory,,yahoo.com,josour_steel@yahoo.com,0505143077,صنع الفلزات القاعدية,Qassim,
,,Abdel Rahman Abdullah Al-Hammad Plastic Factory,,hotmail.com,basem201@hotmail.com,0555140901,صنع منتجات المعادن اللافلزية الأخرى,Qassim,
,,Mohammed Abdulaziz Al-Medehish Iron Factory,,hotmail.com,theblusky@hotmail.com,0551352555,صنع منتجات المعادن اللافلزية الأخرى,Qassim,
,,Mohammed Issa Al-Habib Factory for Glass & Aluminum,,hotmail.com,al.habibgroup@hotmail.com,0504196000,صنع منتجات المعادن المشكلة، باستثناء الالات والمعدات,Qassim,
,,Qassim Steel Factory Company,,hotmail.com,aposalih@hotmail.com,0503266447,الصناعات التحويلية الأخرى,Qassim,
,,Khalda Metal Industries Co. Factory,,hotmail.com,khaldahco@hotmail.com,0505135750,صنع منتجات المعادن المشكلة، باستثناء الالات والمعدات,Qassim,
,,Al Redwan Modern Factory for Metal Industries,,elradwan.com,info@elradwan.com,0544505500,صنع الفلزات القاعدية,Medina,
,,Al-Mosanaoun Company Ltd.,,yahoo.com,aref_1962@yahoo.com,0505617613,صنع منتجات المعادن المشكلة، باستثناء الالات والمعدات,Medina,
,,شركة مصنع مكة الوطنى لمطابخ الألومنيوم المحدودة,,gmail.com,ahmed.abdulraouf@gmail.com,0505602514,صنع الخشب ومنتجات الخشب والفلين، باستثناء الاثاث؛ صنع اصناف من القش ومواد الضفر,Medina,
,,Ahmad Hamad Al-Wakisa Metal Products Factory,,gmail.com,ahmadhalweqaisi@gmail.com,0555300066,صنع الالات والمعدات غير المصنفة في موضع اخر,Medina,
,,Isra Factory For Aluminium Manufacture And Foundry,,samaren.com,ayman@samaren.com,0505318428,صنع منتجات المعادن المشكلة، باستثناء الالات والمعدات,Medina,
,,Isra Factory for Cabins and Mobile Housing Units,,samaren.com,ayman@samaren.com,0505318428,صنع منتجات المعادن المشكلة، باستثناء الالات والمعدات,Medina,
,,Al-Hazem Factory for Metal Industries,,alhazem.com,info@alhazem.com,0505662836,صنع منتجات المعادن المشكلة، باستثناء الالات والمعدات,Medina,
,,Al- Hazem Factory for Metal Industries and Rolling,,alhazem.com.sa,info@alhazem.com.sa,0505662836,صنع منتجات المعادن المشكلة، باستثناء الالات والمعدات,Medina,
,,Al-Saad Steel Factory,,hotmail.com,saad.steel@hotmail.com,0556748557,صنع منتجات المعادن اللافلزية الأخرى,Medina,
,,Insaf Steel Factory,,hotmail.com,sohaibkm@hotmail.com,0545555482,صنع منتجات المعادن المشكلة، باستثناء الالات والمعدات,Medina,
,,Raafat Mohamed Moussa Factory for Metal Products,,hotmail.com,raafatm500@hotmail.com,0503308570,الصناعات التحويلية الأخرى,Medina,
,,Samer Mohamed Abu Ouf Factory for Air-conditioner Extensions,,hotmail.com,s.abuouf@hotmail.com,0505317089,صنع منتجات المعادن المشكلة، باستثناء الالات والمعدات,Medina,
,,Scoop Aluminium Factory,,hotmail.com,scope_travels@hotmail.com,0553085555,صنع منتجات المعادن المشكلة، باستثناء الالات والمعدات,Medina,
,,Samir Awad Al-Awfi Factory for Metal Products,,gmail.com,sameeralofi@gmail.com,0508777000,صنع منتجات المعادن المشكلة، باستثناء الالات والمعدات,Medina,
,,Integrated Advertising Industries Co. Factory,,hotmail.com,saudineon@hotmail.com,0561055155,صنع منتجات المعادن المشكلة، باستثناء الالات والمعدات,Medina,
,,Global Aluminum Products Company Factory,,samaren.com,ayman@samaren.com,0505318428,صنع منتجات المعادن اللافلزية الأخرى,Medina,
,,Saleh Ma'amir Factory for Metal Installations and Cooling,,yahoo.fr,maamas74@yahoo.fr,0592921706,صنع منتجات المعادن المشكلة، باستثناء الالات والمعدات,Medina,
,,Aziz Bani Al-Sa'edi Factory for Metal Products,,gmail.com,aziz.bani.est@gmail.com,0505308502,صنع منتجات المعادن المشكلة، باستثناء الالات والمعدات,Medina,
,,Fadda Awadallah Al-Ahmadi Aluminium Factory,,hotmail.com,abo_saif2001@hotmail.com,0500286191,صنع منتجات المعادن المشكلة، باستثناء الالات والمعدات,Medina,
,,Majed Awad Al-Zahery Factory for Metal Formation  and Iron Products,,hotmail.com,dhaheri_mj@hotmail.com,0544009910,صنع منتجات المعادن المشكلة، باستثناء الالات والمعدات,Medina,
,,Mugallad Tiba Factory,,gmail.com,mujalidtaiba@gmail.com,0505303756,صنع منتجات المعادن المشكلة، باستثناء الالات والمعدات,Medina,
,,Mohamed Abdelaziz Al-Medehish for Iron Smelting,,yahoo.com,naparis44@yahoo.com,0553331000,صنع منتجات المعادن المشكلة، باستثناء الالات والمعدات,Medina,
,,Mohammed Abdulaziz Al-Medehish Iron Rolling  Factory,,yahoo.com,naparis44@yahoo.com,0553331000,صنع الفلزات القاعدية,Medina,
,,Madvin Factory for Aluminum & Tin,,gmail.com,engr.chandna@gmail.com,0505303883,صنع منتجات المعادن المشكلة، باستثناء الالات والمعدات,Medina,
,,Wig Plant for Metal Products & Artcrafts,,hotmail.com,weg555@hotmail.com,0505829498,صنع منتجات المعادن المشكلة، باستثناء الالات والمعدات,Medina,
,,"Khaled Ibrahim Al-Qasem Factory for Sorting, Pressing and Chopping Scrap Iron",,hotmail.com,s_hemaida@hotmail.com,0504649094,صنع منتجات المعادن اللافلزية الأخرى,Tabuk,
,,Tabuk Steel Co. Ltd.,,hotmail.com,bestway_sa@hotmail.com,0505377125,صنع منتجات المعادن المشكلة، باستثناء الالات والمعدات,Tabuk,
,,Qalat Al-Maaden  Factory Limited,,hotmail.com,avogadru@hotmail.com,0554550646,صنع منتجات المعادن المشكلة، باستثناء الالات والمعدات,Tabuk,
,,Hefouf El-Omran Factory for lighting poles,,gmail.com,abuqeath1962@gmail.com,0595733192,صنع منتجات المعادن المشكلة، باستثناء الالات والمعدات,Tabuk,
,,Saeed Saleh Al-Amqy & Partners Saudi Group for Industry and Investment,,gmail.com,fahadd5533@gmail.com,0556647873,صنع المواد الكيميائية والمنتجات الكيميائية,Jazan,
,,Arkan Jizan Factory for Prefabricated Houses,,hotmail.com,aaalsariya@hotmail.com,0555583854,صنع منتجات المعادن المشكلة، باستثناء الالات والمعدات,Jazan,
,,RDP Al-Seif Co. Ltd. Factory,,rdb-elseif.com,faisal@rdb-elseif.com,0500600858,صنع منتجات المعادن اللافلزية الأخرى,Jazan,
,,United Mining Investments Co. Factory for Feldspar,,umic.com.sa,deyaa@umic.com.sa,0546977432,صنع منتجات المعادن اللافلزية الأخرى,Jazan,
,,Jazan Shores Factory for Lampposts and Metal Galvanizing and Forming,,gmail.com,mudhesh62@gmail.com,0509868145,صنع الالات والمعدات غير المصنفة في موضع اخر,Jazan,
,,Ismael Idriss Ben Al-Hussein Al-Nami,,yahoo.com,baselnj@yahoo.com,0500810809,صنع منتجات المعادن المشكلة، باستثناء الالات والمعدات,Jazan,
,,"Abdulaziz Mohamed Al-Ghamdi Factory for Iron, Fasteners and Screws",,hotmail.com,az-alghamdi@hotmail.com,0555756706,صنع منتجات المعادن اللافلزية الأخرى,Jazan,
,,National Company Factory for Metal Trading and Smelting,,yahoo.com,behaisi@yahoo.com,0503396966,صنع منتجات المعادن المشكلة، باستثناء الالات والمعدات,Jeddah,
,,Saudi German Aluminum Products Company (SGAPCO),,sgapco.com,monther@sgapco.com,0560006044,صنع منتجات المعادن المشكلة، باستثناء الالات والمعدات,Jeddah,
,,Saudi Aluminium Re-Manufacturing Co. Ltd. - SARCO,,sarco.com.sa,shalaby@sarco.com.sa,0509714066,صنع منتجات المعادن المشكلة، باستثناء الالات والمعدات,Jeddah,
,,Saudi Steel Buildings Manufacturing Co.,,saudibuilding.org,anasser@saudibuilding.org,0505670336,صنع منتجات المعادن اللافلزية الأخرى,Jeddah,
,,Saudi Metal Ceiling Manufacturing Company (SMC),,smcinteriors.com,zsiklawi@smcinteriors.com,0555462414,صنع منتجات المعادن المشكلة، باستثناء الالات والمعدات,Jeddah,
,,Saudi Establishment Factory for Metal Industries and Galvanizing (Saudi Metin),,saudimetin.co,talal@saudimetin.co,0500900419,صنع منتجات المعادن المشكلة، باستثناء الالات والمعدات,Jeddah,
,,Saudi Business Forms Co. Ltd.,,gmail.com,saudi.sbf@gmail.com,0556878888,صنع منتجات المطاط والبلاستك,Jeddah,
,,Industrial Company for Global shelves,,usico.com.sa,al.khashib@usico.com.sa,0505612076,صنع منتجات المعادن المشكلة، باستثناء الالات والمعدات,Jeddah,
,,Arabian Aluminium Extrusion & Powder Coating Co.,,aralex.net,aralex@aralex.net,0555501408,صنع منتجات المعادن المشكلة، باستثناء الالات والمعدات,Jeddah,
,,Arab Aluminum Co. Ltd.,,alumcogroup.com,khalid.othman@alumcogroup.com,0555614626,صنع منتجات المعادن المشكلة، باستثناء الالات والمعدات,Jeddah,
,,Universal Factories for Air Conditioning and Cooling Coils and Heat Exchangers,,hotmail.com,ucheco@hotmail.com,0505609713,صنع الالات والمعدات غير المصنفة في موضع اخر,Jeddah,
,,Modern Factory for Prefab Houses,,mofabhousing.com,info@mofabhousing.com,0554664924,صنع منتجات المعادن المشكلة، باستثناء الالات والمعدات,Jeddah,
,,Saudi Canadian Factory HVAC Supplies,,gmail.com,scfsst@gmail.com,0505672735,صنع منتجات المعادن المشكلة، باستثناء الالات والمعدات,Jeddah,
,,Saudi Factory For Manufacturing Rolled Iron Forms,,saudisteel.com.sa,info@saudisteel.com.sa,0555647490,صنع منتجات المعادن اللافلزية الأخرى,Jeddah,
,,Arabian Steel Products Factory,,bituseal.com,bilal@bituseal.com,0555996192,صنع منتجات المعادن اللافلزية الأخرى,Jeddah,
,,National Can Caps Factory Ltd.,,nafcel.com.sa,kayyal@nafcel.com.sa,0544009428,صنع منتجات المعادن المشكلة، باستثناء الالات والمعدات,Jeddah,
,,United Wire Factories Company - Jeddah Branch ( Saudi Factory for Wires and Mesh Fencing Poles),,unitedwires.com.sa,info@unitedwires.com.sa,0544544547,صنع منتجات المعادن المشكلة، باستثناء الالات والمعدات,Jeddah,
,,Insulated Ceilings and Walls Co. for Industry,,yahoo.com,lutfihassan@yahoo.com,0504598835,صنع منتجات المعادن اللافلزية الأخرى,Jeddah,
,,Al-Tasneaa Al-Ahlia Co. Ltd. Factory for Aluminium Extrusion and Coloring,,dural-sa.com,extrusion@dural-sa.com,0555599831,صنع منتجات المعادن المشكلة، باستثناء الالات والمعدات,Jeddah,
,,Al-Tatweer Co. for Technologies,,electroi.com,mohammedmalki@electroi.com,0543868485,الصناعات التحويلية الأخرى,Jeddah,
,,Al-Hidada Co. Ltd.,,hidada.com.sa,cs@hidada.com.sa,0505588201,صنع منتجات المعادن المشكلة، باستثناء الالات والمعدات,Jeddah,
,,Advanced Iron Works Industries Co. Ltd.,,gmail.com,kalliddosery@gmail.com,0504337636,صنع منتجات المعادن اللافلزية الأخرى,Jeddah,
,,Al Amoudi Closures Manufacturing Company,,al-amoudi.net,acm@al-amoudi.net,0504594679,صنع منتجات المطاط والبلاستك,Jeddah,
,,Al Kawther Manufacturing Co. Ltd.,,alkawther.com,nalotaibi@alkawther.com,0555578337,صنع منتجات المعادن المشكلة، باستثناء الالات والمعدات,Jeddah,
,,Saudi Allied Metal Industries Co.,,ametal.com.sa,ahmed.yahya@ametal.com.sa,0565057047,صنع منتجات المعادن اللافلزية الأخرى,Jeddah,
,,Al-Metawlly Steel Products Co.,,msp.com.sa,mitwalli.mit@msp.com.sa,0505687823,صنع منتجات المعادن المشكلة، باستثناء الالات والمعدات,Jeddah,
,,Modern Factory for Steel Industries Co. Ltd,,psgsa.com.sa,psechr@psgsa.com.sa,0556670173,صنع منتجات المعادن اللافلزية الأخرى,Jeddah,
,,Saudi Cyprus Foundries Factory Co.,,gmail.com,hussam.mustafa@gmail.com,0555337084,صنع منتجات المعادن المشكلة، باستثناء الالات والمعدات,Jeddah,
,,National Cast Iron Products Factory Co. Ltd,,sps.net.sa,majiron@sps.net.sa,0504278762,صنع منتجات المعادن المشكلة، باستثناء الالات والمعدات,Jeddah,
,,شركة المطلق لصناعة ناقلات التبريد,,almutlak.com,info@almutlak.com,0564626226,صنع المركبات ذات المحركات والمركبات المقطورة ونصف المقطورة,Jeddah,
,,Al-Mutlaq Metal Industries Factory,,almutlak.com,info@almutlak.com,0564626226,صنع منتجات المعادن المشكلة، باستثناء الالات والمعدات,Jeddah,
,,Binzagr Kourou Co. Ltd.,,binzcoro.com,nabeel@binzcoro.com,0500573895,صناعة المنتجات الغذائية,Jeddah,
,,Bin Laden Industrial Co. Ltd.,,bic-sa.com,bic@bic-sa.com,0505650846,صنع منتجات المعادن المشكلة، باستثناء الالات والمعدات,Jeddah,
,,BRC Industrial (Saudia) Co. Ltd.,,brc.com.sa,ibrahim.marglani@brc.com.sa,0581222812,صنع منتجات المعادن المشكلة، باستثناء الالات والمعدات,Jeddah,
,,Saudi  Rebars Factory Co. Ltd.,,saudi-steel.com.sa,ssr@saudi-steel.com.sa,0540740240,صنع منتجات المعادن اللافلزية الأخرى,Jeddah,
,,Sahara Cooling  Company,,gmail.com,sahari.com@gmail.com,0508495596,صنع منتجات المعادن المشكلة، باستثناء الالات والمعدات,Jeddah,
,,New Products Industries Co. (Neproplast),,neproplast.com,info@neproplast.com,0505669503,صنع منتجات المطاط والبلاستك,Jeddah,
,,Obaid Weid Obaid Almostadi and Mohamed Salem Mohamed Alsaary & Partners Co. Factory,,omsteel.com.sa,malsaari@omsteel.com.sa,0500664692,صنع منتجات المعادن المشكلة، باستثناء الالات والمعدات,Jeddah,
,,Finetool Saudi Arabia Limited Company,,finetoolsa.com,gr@finetoolsa.com,0543432149,صنع منتجات المعادن المشكلة، باستثناء الالات والمعدات,Jeddah,
,,Fosam Co. Ltd.,,fosroc.com,salahuddin.nabeel@fosroc.com,0506622116,صنع المواد الكيميائية والمنتجات الكيميائية,Jeddah,
,,Al Jazira Factories for Steel Products Limited Company,,aljazera.com,salha@aljazera.com,0504668256,صنع منتجات المعادن المشكلة، باستثناء الالات والمعدات,Jeddah,
,,Umm Al-Qura Factories Co. for Cooling,,hotmail.com,waleed_hr22@hotmail.com,0565124444,صنع منتجات المعادن المشكلة، باستثناء الالات والمعدات,Jeddah,
,,Al-Eatimad Factory Co.,,hotmail.com,trufaco@hotmail.com,0505358680,صنع الورق ومنتجات الورق,Jeddah,
,,Saudi Cover Factory Co. Ltd.,,yahoo.com,saudi_cover@yahoo.com,0505646696,صنع منتجات المعادن المشكلة، باستثناء الالات والمعدات,Jeddah,
,,شركة مصنع ألمنيوم محمد عبدالله رمضاني,,hotmail.com,m.a.ramadani@hotmail.com,0504626795,صنع منتجات المعادن المشكلة، باستثناء الالات والمعدات,Jeddah,
,,Al-Bader Saudi Egyptian Factory for Metal Forming,,hotmail.com,salahalabd@hotmail.com,0504620916,صنع منتجات المعادن المشكلة، باستثناء الالات والمعدات,Jeddah,
,,Al-Tekina Factory for Metal Products,,tekkno-steel.com,gm@tekkno-steel.com,0506673297,صنع منتجات المعادن المشكلة، باستثناء الالات والمعدات,Jeddah,
,,Al-Haramain Aluminium and Metals Factory,,hotmail.com,haramainco@hotmail.com,0504512030,صنع منتجات المعادن المشكلة، باستثناء الالات والمعدات,Jeddah,
,,Al-Khair Factory for Fencing and Barbed Wires,,al-abubaker.com.sa,info1@al-abubaker.com.sa,0505607691,صنع منتجات المعادن المشكلة، باستثناء الالات والمعدات,Jeddah,
,,Al-Shaheen Meat Factory,,shahini.com,scsjed@shahini.com,0563116061,صنع منتجات المطاط والبلاستك,Jeddah,
,,Al-Shorouq Steel Industries Factory,,hotmail.com,engali2010@hotmail.com,0500507221,صنع منتجات المعادن اللافلزية الأخرى,Jeddah,
,,Al-Qahtani Nails & Galvanized Wire Factory,,ahqwires.com,info@ahqwires.com,0555645653,صنع منتجات المعادن المشكلة، باستثناء الالات والمعدات,Jeddah,
,,Anwar Ali Qassim Plant for Metal Industries,,yahoo.com,almarbaem@yahoo.com,0555600348,صنع منتجات المعادن المشكلة، باستثناء الالات والمعدات,Jeddah,
,,Printed Tin Containers and Panels Factory,,gmail.com,yazidi75@gmail.com,0550099540,صنع منتجات المعادن المشكلة، باستثناء الالات والمعدات,Jeddah,
,,Al-Babtain Wedding Cans Factory,,babatin.com,m@babatin.com,0500800400,صنع منتجات المطاط والبلاستك,Jeddah,
,,Jamjoom Metal Industries Factory,,jmisa.com,info@jmisa.com,0591810606,صنع منتجات المعادن المشكلة، باستثناء الالات والمعدات,Jeddah,
,,Amer Abdul Wahab Factory for Metal Formation,,hotmail.com,rabi12@hotmail.com,0505624926,صنع منتجات المعادن المشكلة، باستثناء الالات والمعدات,Jeddah,
,,Ramat Factory for Aluminum Containers (Ramat Trading Branch),,ramatfactory.com.sa,info@ramatfactory.com.sa,0505618197,صنع منتجات المعادن المشكلة، باستثناء الالات والمعدات,Jeddah,
,,Gulf Radiator Factory And Spare Parts,,icc.net.sa,gulfrad@icc.net.sa,0505692763,صنع منتجات المعادن المشكلة، باستثناء الالات والمعدات,Jeddah,
,,Fantastic Boxes Factory,,hotmail.com,alabbaspac@hotmail.com,0505625415,صنع منتجات المطاط والبلاستك,Jeddah,
,,Samir Abdel Wahab Factory for Manufacturing  Aluminum Painted Facades,,sacp.com.sa,sacp@sacp.com.sa,0505625326,صنع منتجات المعادن المشكلة، باستثناء الالات والمعدات,Jeddah,
,,Tariq Factory for Exterior Fasteners and Ceilings (Tafasco),,mnaf3aljazeera.com,hussain@mnaf3aljazeera.com,0506612254,صنع منتجات المعادن المشكلة، باستثناء الالات والمعدات,Jeddah,
,,Adnan Atwa Factory for Aluminum Supplies,,atwahco.com,info@atwahco.com,0506505104,صنع منتجات المعادن اللافلزية الأخرى,Jeddah,
,,Attia Iron Factory,,attiehgroup.com,omar.hamad@attiehgroup.com,0502707148,صنع منتجات المعادن اللافلزية الأخرى,Jeddah,
,,Ali Mohamad Al-Gilani Factory for Paper and Aluminum,,yahoo.com,jilaniplastic@yahoo.com,0568184848,صنع الورق ومنتجات الورق,Jeddah,
,,Arabian Masa Factory for the Production of Aluminium Panels,,hotmail.com,arabianmasa@hotmail.com,0505614547,صنع منتجات المعادن المشكلة، باستثناء الالات والمعدات,Jeddah,
,,Hashim Saeed El-Sheikh Factory for the Production of Aluminum Panels,,yahoo.com,adplast1@yahoo.com,0505614547,صنع منتجات المعادن المشكلة، باستثناء الالات والمعدات,Jeddah,
,,Hadyani Factory for Metal Products,,hotmail.com,hinox_hadyane@hotmail.com,0503507770,صنع منتجات المعادن المشكلة، باستثناء الالات والمعدات,Jeddah,
,,Arab Factory for Tanks and Pressure Vessels,,turkigroup.com,mte@turkigroup.com,0505604321,صنع منتجات المعادن المشكلة، باستثناء الالات والمعدات,Jeddah,
,,El-Tor Modern Metal Industries Co. Ltd.,,toorsteel.com,admin@toorsteel.com,0503649940,صنع منتجات المعادن المشكلة، باستثناء الالات والمعدات,Jeddah,
,,Metal Manufacturing Co. Ltd.,,gmail.com,thwainy@gmail.com,0505601556,صنع منتجات المعادن المشكلة، باستثناء الالات والمعدات,Jeddah,
,,Doka Saudi Arabia Company Limited,,doka.com,jeddah@doka.com,0505602096,صنع الالات والمعدات غير المصنفة في موضع اخر,Jeddah,
,,Foz Industrial Equipment Company,,outlook.com,fooz_tools@outlook.com,0505626389,صنع منتجات المعادن المشكلة، باستثناء الالات والمعدات,Jeddah,
,,Al-Jazira Factory Co. Ltd. For Construction Engineering,,aljazera.com,mansour@aljazera.com,0565604530,صنع منتجات المعادن المشكلة، باستثناء الالات والمعدات,Jeddah,
,,Ahmed Mohammed Al-Ghamdi Factory for Metal Products,,yahoo.com,alfakeehest@yahoo.com,0503180528,صنع منتجات المعادن المشكلة، باستثناء الالات والمعدات,Jeddah,
,,ASAD Advanced Industries Factory,,asadtech.com,thwainy@asadtech.com,0505601556,صنع الالات والمعدات غير المصنفة في موضع اخر,Jeddah,
,,Asas Dar Factory for Metal Industries,,gmail.com,hussainbaomar@gmail.com,0505604050,صنع منتجات المعادن المشكلة، باستثناء الالات والمعدات,Jeddah,
,,Al-Okhwa Al-Robai Aluminium Factory,,gmail.com,jawani1399@gmail.com,0561208225,صنع منتجات المعادن المشكلة، باستثناء الالات والمعدات,Jeddah,
,,Al Takhsosat Steel Products Factory,,ikkgroup.com,saad.haraby@ikkgroup.com,0503655840,صنع منتجات المعادن المشكلة، باستثناء الالات والمعدات,Jeddah,
,,Abdullah Mohamed  Al-Ghamdi Factory for Iron Products,,hotmail.com,a.mm.f1421@hotmail.com,0556288846,صنع منتجات المعادن المشكلة، باستثناء الالات والمعدات,Jeddah,
,,Shalawi Metal Products Factory,,hotmail.com,eng.bandr@hotmail.com,0555580949,صنع منتجات المعادن المشكلة، باستثناء الالات والمعدات,Jeddah,
,,Al-Sadara Metal Products Factory,,yahoo.com,alsadra.company@yahoo.com,0504370690,صنع منتجات المعادن المشكلة، باستثناء الالات والمعدات,Jeddah,
,,Al-Solbat Steel Products Factory,,hotmail.com,zuhair_1990@hotmail.com,0503782110,صنع منتجات المعادن المشكلة، باستثناء الالات والمعدات,Jeddah,
,,Saudi Center for aluminum Kitchen factory,,hotmail.com,mr_ga3boub@hotmail.com,0545953893,الصناعات التحويلية الأخرى,Jeddah,
,,Al-Nokhba Al-Asila Factory for Prefabricated Houses and Steel Industries,,gmaill.com,saud9650@gmaill.com,0505559650,صنع منتجات المعادن المشكلة، باستثناء الالات والمعدات,Jeddah,
,,Ehab Moustafa Banna Factory for Manufacturing Decoration Accessories,,gmail.com,ehabfactory@gmail.com,0505520960,صنع الالات والمعدات غير المصنفة في موضع اخر,Jeddah,
,,Turki Ibn Saeed Al Shahrani Factory for Metal Forming,,hotmail.com,turki.iii@hotmail.com,0553737777,صنع منتجات المعادن المشكلة، باستثناء الالات والمعدات,Jeddah,
,,Jody International factory for Manufacturing and Packing,,hotmail.com,hishamjicc@hotmail.com,0503772674,صنع الالات والمعدات غير المصنفة في موضع اخر,Jeddah,
,,Integrated Khair Factory for Iron Industries,,yahoo.com,fadul.khair@yahoo.com,0507595046,صنع منتجات المعادن المشكلة، باستثناء الالات والمعدات,Jeddah,
,,Rasayel Najd Factory for Sliding Doors and Shutters,,hotmail.com,a4ajlan@hotmail.com,0505687799,صنع منتجات المعادن المشكلة، باستثناء الالات والمعدات,Jeddah,
,,Zad Global Center Factory for  Metal Formation,,zaad.sa.com,a@zaad.sa.com,0562277445,صنع منتجات المعادن المشكلة، باستثناء الالات والمعدات,Jeddah,
,,Saqalat Al-Ofoq Factory,,hotmail.com,ff_162@hotmail.com,0500349000,صنع منتجات المعادن المشكلة، باستثناء الالات والمعدات,Jeddah,
,,Awtad United Aluminium Factory,,attwad.com,b.hafiz@attwad.com,0557600007,صنع منتجات المعادن المشكلة، باستثناء الالات والمعدات,Jeddah,
,,Al-Motaweroon Al-Motahedon Company Factory for Aluminium Industry,,hotmail.com,mazenmrtfy@hotmail.com,0504610198,صنع منتجات المعادن المشكلة، باستثناء الالات والمعدات,Jeddah,
,,Al-Maktourah International Co. Factory,,yahoo.com,ayman98sa@yahoo.com,0553555540,صنع الالات والمعدات غير المصنفة في موضع اخر,Jeddah,
,,Safid Co. Factory for Air Extensions,,gmail.com,haleem.safed@gmail.com,0598618218,صنع منتجات المعادن المشكلة، باستثناء الالات والمعدات,Jeddah,
,,Sabaa Co. Factory for Air Ducts,,yahoo.com,nawwabym@yahoo.com,0555666917,صنع الالات والمعدات غير المصنفة في موضع اخر,Jeddah,
,,"Sulaiman Abdullah Nasser Al-Rajhi & Co. Factory for Metal Foundry, Ltd.",,hotmail.com,ah.mosali@hotmail.com,0569555544,صنع منتجات المعادن المشكلة، باستثناء الالات والمعدات,Jeddah,
,,Shear  International Metal Industries Co.,,hotmail.com,eng.h.h2009@hotmail.com,0505704442,صنع منتجات المعادن المشكلة، باستثناء الالات والمعدات,Jeddah,
,,Talayea Al-Emara Co. Factory for Wrenches and Scaffolding,,gmail.com,lbalkhoyor@gmail.com,0505644655,صنع الالات والمعدات غير المصنفة في موضع اخر,Jeddah,
,,Magalat Al-Hadid Company Factory,,eissatrading.com,eissa.gm@eissatrading.com,0555662881,صنع الفلزات القاعدية,Jeddah,
,,Nokhbet El-Eqlim Company Factory for the Manufacture of Insulation Materials,,buildserv.com.sa,aiman@buildserv.com.sa,0500547888,صنع منتجات المعادن المشكلة، باستثناء الالات والمعدات,Jeddah,
,,Sorouh Alhadid Metal Products Factory,,hotmail.com,hama2_m2@hotmail.com,0506259911,صنع منتجات المعادن المشكلة، باستثناء الالات والمعدات,Jeddah,
,,Taha Al-Omrania Factory for Ferrous Buildings,,tahaurban.com,m.taha@tahaurban.com,0554657593,صنع منتجات المعادن المشكلة، باستثناء الالات والمعدات,Jeddah,
,,Abbas Marei Al-Sahafi Factory for Metal Industries,,yahoo.com,abas.alsahafi@yahoo.com,0504657569,صنع المركبات ذات المحركات والمركبات المقطورة ونصف المقطورة,Jeddah,
,,Abr Al-Khaleej Iron Factory,,gmail.com,abobasl5@gmail.com,0553364494,صنع منتجات المعادن المشكلة، باستثناء الالات والمعدات,Jeddah,
,,Ola Mohamed Al-Maghrabi Factory for Metal Products,,hotmail.com,eyed_mog@hotmail.com,0505690957,صنع منتجات المعادن المشكلة، باستثناء الالات والمعدات,Jeddah,
,,Faisal Hamza Al-Sharif Factory for Metal Works,,hotmail.com,olayan-yousef@hotmail.com,0559094242,صنع منتجات المعادن المشكلة، باستثناء الالات والمعدات,Jeddah,
,,Mazen Abdul Salam Jadid factory for Manufacturing Safety Equipment,,hotmail.com,safco2000@hotmail.com,0506667516,صنع الالات والمعدات غير المصنفة في موضع اخر,Jeddah,
,,Mohamad Ali Baqbas Factory for Metal Industries,,yahoo.com,algobaisy@yahoo.com,0505664961,صنع منتجات المعادن المشكلة، باستثناء الالات والمعدات,Jeddah,
,,Mourouj Factory for Iron and Metallurgical industries,,hotmail.com,moroj1100@hotmail.com,0500956886,صنع منتجات المعادن المشكلة، باستثناء الالات والمعدات,Jeddah,
,,Saudi Can Manufacturing Co. Ltd. (SCM),,scm-co.com,abashenfr@scm-co.com,0505605823,الصناعات التحويلية الأخرى,Jeddah,
,,Saudi Factory for Metal Molds,,daco-ksa.com,mohammed@daco-ksa.com,0505774684,صنع منتجات المعادن المشكلة، باستثناء الالات والمعدات,Jeddah,
,,المصنع الوطني لفتحات وفلاتر التكييف المركزي,,refhouse.com,akh@refhouse.com,0569199342,صنع منتجات المعادن المشكلة، باستثناء الالات والمعدات,Jeddah,
,,Etihad Cans Industry Co. Ltd.,,ccmc.com.sa,sakhr@ccmc.com.sa,0565650005,صنع منتجات المعادن المشكلة، باستثناء الالات والمعدات,Jeddah,
,,Modern Factory for Steel Industries Co.,,mmico-group.com,o.hamdallah@mmico-group.com,0592300200,صنع منتجات المعادن اللافلزية الأخرى,Jeddah,
,,Sirheb Company Limited,,hotmail.com,sarhabfood@hotmail.com,0503356763,صناعة المنتجات الغذائية,Jeddah,
,,Alfnoon for Modern Kitchen Factory Co.,,gmail.com,akram.alfnoon@gmail.com,0564805848,صنع الاثاث,Jeddah,
,,Abdel Jawad Abdul Hadi Al-Dweik & Sons Co. for Metal Industries,,mmico-group.com,osamh@mmico-group.com,0592300200,صنع منتجات المعادن المشكلة، باستثناء الالات والمعدات,Jeddah,
,,"Taameer Iron Co., Ltd. Factory",,tameersteel.com,accounts@tameersteel.com,0504580121,صنع منتجات المعادن المشكلة، باستثناء الالات والمعدات,Jeddah,
,,Ahmed  Abed Rabbo Military Factory for Flat Iron Bars,,windowslive.com,alal772009@windowslive.com,0505580244,صنع منتجات المعادن المشكلة، باستثناء الالات والمعدات,Jeddah,
,,Al-Amthal Factory for the Manufacture of Metal Moulds,,hotmail.com,eng.h.h2009@hotmail.com,0505704442,صنع منتجات المعادن المشكلة، باستثناء الالات والمعدات,Jeddah,
,,Al-Andalus AL-Arika Factory for Containers,,hotmail.com,salman_rsx@hotmail.com,0505596892,صنع منتجات المطاط والبلاستك,Jeddah,
,,Al-Baraka Al-Momaiaz Factory for Steel Drums,,gmail.com,alshiekhmohd@gmail.com,0540007576,صنع منتجات المعادن اللافلزية الأخرى,Jeddah,
,,Al-Takadom Factory for Rock Formation,,gmail.com,altakadom@gmail.com,0505478881,الصناعات التحويلية الأخرى,Jeddah,
,,Al Sandan New Factory For Steel Industries,,hotmail.com,alsandansf_0@hotmail.com,0505609389,صنع منتجات المعادن المشكلة، باستثناء الالات والمعدات,Jeddah,
,,Al-Ali Al-Raqi Factory for Truck Spare Parts,,hotmail.com,mu_k_al@hotmail.com,0555555298,صنع منتجات المعادن المشكلة، باستثناء الالات والمعدات,Jeddah,
,,Al Majid Electro Mechanical Works Factory,,almajd-emw.com,m.affan@almajd-emw.com,0505602107,صنع الالات والمعدات غير المصنفة في موضع اخر,Jeddah,
,,Al-Madarij Al-Alamia Factory for Metal Scaffolding,,almdarij.com,info@almdarij.com,0505647007,صنع منتجات المعادن المشكلة، باستثناء الالات والمعدات,Jeddah,
,,Al-Nokhba Al-Raida Factory for Cooling,,hotmail.com,elitecooling@hotmail.com,0551881222,الصناعات التحويلية الأخرى,Jeddah,
,,Infrastructure Factory,,hotmail.com,htrmm@hotmail.com,0555340004,صنع منتجات المعادن المشكلة، باستثناء الالات والمعدات,Jeddah,
,,Al Wefaq Distinguished Factory for Aluminium,,gmail.com,madar.est@gmail.com,0563368344,صنع منتجات المعادن المشكلة، باستثناء الالات والمعدات,Jeddah,
,,Jeddah Steel Industries Factory,,yahoo.com,wofoor@yahoo.com,0505665041,صنع منتجات المعادن اللافلزية الأخرى,Jeddah,
,,Hatem Matir Al-Harthy Aluminium Factory,,yahoo.com,hatimalharthy@yahoo.com,0555704442,صنع منتجات المعادن المشكلة، باستثناء الالات والمعدات,Jeddah,
,,Hatem Matir Al-Harthy Iron Industries Factory,,yahoo.com,hatimalharthy@yahoo.com,0555704442,صنع منتجات المعادن اللافلزية الأخرى,Jeddah,
,,Ali Awad Al-Harbi Plastic Factory,,gmail.com,modonfactories@gmail.com,0540011022,صنع منتجات المعادن المشكلة، باستثناء الالات والمعدات,Jeddah,
,,Saad Hussein Al Alhasina Factory for Metal Strips,,hotmail.com,a_s_alhasaniah@hotmail.com,0555787557,صنع منتجات المعادن المشكلة، باستثناء الالات والمعدات,Jeddah,
,,Saeed Abdullah Bawazir Aluminium Factory,,hotmail.com,mr_bawazir@hotmail.com,0505366663,صنع منتجات المعادن المشكلة، باستثناء الالات والمعدات,Jeddah,
,,Safir Factory for the Production of Luxury Boxes,,hotmail.com,safeerluxurypack@hotmail.com,0508800660,الصناعات التحويلية الأخرى,Jeddah,
,,Salman Johar Al-Johar Factory for Cutters and Iron Pipes,,hotmail.com,angel-amer@hotmail.com,0505665041,الصناعات التحويلية الأخرى,Jeddah,
,,Abu Bakar Bawazeer  & Co. Company Factory for Iron Rolling,,hotmail.com,abo_salem69@hotmail.com,0565505555,صنع الفلزات القاعدية,Jeddah,
,,Bolts and Nuts Global  Co. Ltd. Factory,,gmail.com,tkhaiyat@gmail.com,0500891033,صنع منتجات المعادن المشكلة، باستثناء الالات والمعدات,Jeddah,
,,Al-Sahabat Al-Kharigia Factory for the Manufacture Aluminium Products,,arsco.com.sa,info@arsco.com.sa,0503686784,صنع منتجات المعادن المشكلة، باستثناء الالات والمعدات,Jeddah,
,,Khairy Co. Factory for Fire Resistant Insulating Doors,,hotmail.com,khairy_co@hotmail.com,0558899089,صنع الاثاث,Jeddah,
,,Munif Amer Al-Nahdi & Partner Co. Factory for Metals Forming & Spare Parts,,muniffactory.com,info@muniffactory.com,0505689277,صنع منتجات المعادن المشكلة، باستثناء الالات والمعدات,Jeddah,
,,Modern Nesma Recycling Company Limited,,nesma.com,majid.asiri@nesma.com,0503605517,صنع منتجات المعادن المشكلة، باستثناء الالات والمعدات,Jeddah,
,,Alam Al-Naseriyah  Factory for Air-conditioning Vents and Filters,,asic.com.sa,projects@asic.com.sa,0556927777,صنع الالات والمعدات غير المصنفة في موضع اخر,Jeddah,
,,Karim Saeed Al-A'jou Factory for Iron and Aluminum Products,,gmail.com,karimalajou@gmail.com,0564147029,صنع منتجات المعادن المشكلة، باستثناء الالات والمعدات,Jeddah,
,,Maher Badia Seras & Partner Factory,,hotamil.com,seras_factory@hotamil.com,0505611268,الصناعات التحويلية الأخرى,Jeddah,
,,Mahmoud Ahmed Ata Factory for Metal Products,,ma-fab.com,sales@ma-fab.com,0505679455,الصناعات التحويلية الأخرى,Jeddah,
,,Modon International Factory for Metal Industries,,hotmail.com,ahm101@hotmail.com,0505615495,صنع منتجات المعادن المشكلة، باستثناء الالات والمعدات,Jeddah,
,,Hend Hassan El-Shahri Factory for Cooling Systems,,yahoo.com,hcs_factory@yahoo.com,0550433333,صنع منتجات المعادن المشكلة، باستثناء الالات والمعدات,Jeddah,
,,Hayakel Factory for Steel Buildings,,hotmail.com,hiakelaramziest@hotmail.com,0555695425,صنع منتجات المعادن المشكلة، باستثناء الالات والمعدات,Jeddah,
,,Al-Nawafiz Al-Fadia Establishment for the manufacture of aluminum,,yahoo.com,kefah_belal@yahoo.com,0541302244,صنع منتجات المعادن المشكلة، باستثناء الالات والمعدات,Jeddah,
,,Ibrahim Abdel Razek Ibrahim Factory for Light Poles,,yahoo.com,hamdyelghazaly@yahoo.com,0564703484,صنع المعدات الكهربائية,Hail,
,,Al-Farayh Factory for Fencing Nets,,hotmail.com,marsheed88@hotmail.com,0505161188,صنع منتجات المعادن المشكلة، باستثناء الالات والمعدات,Hail,
,,Shabaka Al-Matabekh Factory,,kitchennet.com.sa,abomazen@kitchennet.com.sa,0556666621,الصناعات التحويلية الأخرى,Hail,
,,Wasaef Al-Janoub Factory for Steel,,gmail.com,wasaef.aljanoob@gmail.com,0505675983,صنع الفلزات القاعدية,Hail,
,,Atlas Al-Sharqiya Factory for Ironware,,yahoo.com,mr_atlas1@yahoo.com,0533337706,صنع منتجات المعادن المشكلة، باستثناء الالات والمعدات,حفر الباطن,
,,Saudi Arabian Ductile Iron Pipes Co,,alees.com.sa,amer@alees.com.sa,0563336662,صنع منتجات المعادن المشكلة، باستثناء الالات والمعدات,سدير,
,,Saudi Indsur Steel Company,,oxidechemicals.com,nidal@oxidechemicals.com,0544425099,صنع منتجات المعادن المشكلة، باستثناء الالات والمعدات,سدير,
,,Majed Abdulaziz Al-Rajhi for Aluminium and Iron,,hotmail.com,m.rajhi@hotmail.com,0582212111,صنع منتجات المعادن المشكلة، باستثناء الالات والمعدات,سدير,
,,Alloys Asas Factory for Metal Forming,,hotmail.com,alsabaek@hotmail.com,0500582222,صنع منتجات المعادن المشكلة، باستثناء الالات والمعدات,سدير,
,,Asas Steel Factory,,hotmail.com,ksardouk@hotmail.com,0504496984,صنع منتجات المعادن المشكلة، باستثناء الالات والمعدات,سدير,
,,Adwaa Al-Basha Factory for Shelves and Carriers,,hotmail.com,adwa_albasha@hotmail.com,0566117191,صنع منتجات المعادن المشكلة، باستثناء الالات والمعدات,سدير,
,,Sadir Works Factory for Metal Forming and Decoration,,gmail.com,aleemkhotaba@gmail.com,0551820179,صنع منتجات المعادن المشكلة، باستثناء الالات والمعدات,سدير,
,,Al-Faris Steel Industries Factory,,mail.com,e_alfares@mail.com,0505474793,صنع منتجات المعادن المشكلة، باستثناء الالات والمعدات,سدير,
,,Al-Manar International Aluminium and Metals Factory,,gmail.com,manaarco@gmail.com,0505405544,صنع منتجات المعادن المشكلة، باستثناء الالات والمعدات,سدير,
,,Steel Enterprises Factory for Industry,,hotmail.com,asa.320@hotmail.com,0555281868,صنع منتجات المعادن المشكلة، باستثناء الالات والمعدات,سدير,
,,Ajial Aluminum Factory,,ajial.com.sa,gm@ajial.com.sa,0505465105,صنع منتجات المعادن المشكلة، باستثناء الالات والمعدات,سدير,
,,Al-Nojoom Al-Madania Factory for Industrial Products,,yahoo.com,alnujoommetalfactory@yahoo.com,0505211153,صنع منتجات المعادن المشكلة، باستثناء الالات والمعدات,سدير,
,,Bernie Aluminium & Metal Factory,,hotmail.com,berne.web@hotmail.com,0591609999,صنع منتجات المعادن المشكلة، باستثناء الالات والمعدات,سدير,
,,Turki Ahmed El-Baz  Factory for Metal and Glass Industries,,albazgroup.com,turky@albazgroup.com,0500052000,الصناعات التحويلية الأخرى,سدير,
,,Khaled Samak Factory for Iron Manufacturing and Production,,gmail.com,khs.factory@gmail.com,0555097974,صنع منتجات المعادن المشكلة، باستثناء الالات والمعدات,سدير,
,,Khalaf Saad Al-Mutairi Factory for Metal Products,,windowslive.com,bader_1399@windowslive.com,0505414726,صنع منتجات المعادن المشكلة، باستثناء الالات والمعدات,سدير,
,,Rama Al-Jazira Factory for Metal Industries,,yahoo.com,rama_aljazirah@yahoo.com,0507496201,صنع الالات والمعدات غير المصنفة في موضع اخر,سدير,
,,Rolak Factory for Metal Industries,,rollc.net,m.alarifi@rollc.net,0555114774,صنع الالات والمعدات غير المصنفة في موضع اخر,سدير,
,,Middle East Metal Works Co. Factory,,gmail.com,mohamed.azklany@gmail.com,0599467651,صنع منتجات المعادن المشكلة، باستثناء الالات والمعدات,سدير,
,,Saudi Balda Co. Factory for Scaffolding,,saudibilda.sa,info@saudibilda.sa,0555559968,صنع منتجات المعادن المشكلة، باستثناء الالات والمعدات,سدير,
,,"Joda Industry Co., Ltd. Factory",,gmail.com,alarifi.one@gmail.com,0530000470,صنع منتجات المعادن اللافلزية الأخرى,سدير,
,,Daerat Al-Maaden Factory Co. for Electronics Recycling,,metalscorners.com,a.alagel@metalscorners.com,966547166666,صنع منتجات المعادن المشكلة، باستثناء الالات والمعدات,سدير,
,,Asr Al-Emaar Co. Factory for Metal Industries,,yahoo.com,ymenissy1@yahoo.com,0505210099,صنع منتجات المعادن المشكلة، باستثناء الالات والمعدات,سدير,
,,Factory of Sidr Group Co. for Metal Articrafts,,sedergroup.com,babdalah@sedergroup.com,0550991117,صنع منتجات المعادن المشكلة، باستثناء الالات والمعدات,سدير,
,,Massader Elnemow Co. Factory for Metal Products,,gmail.com,mr.moath22@gmail.com,0555408586,صنع منتجات المعادن المشكلة، باستثناء الالات والمعدات,سدير,
,,Abdul Aziz Abdul Latif Al-Hamidi Iron Factory,,yahoo.com,ghrbah@yahoo.com,0554661551,صنع منتجات المعادن المشكلة، باستثناء الالات والمعدات,سدير,
,,Abdullah Saud Al-Arifi Factory for Metal Industries,,hotmail.com,eng.saud15@hotmail.com,0555999504,الصناعات التحويلية الأخرى,سدير,
,,Al-Jawda Cables Factory,,gmail.com,myk212@gmail.com,0555266480,صنع الالات والمعدات غير المصنفة في موضع اخر,سدير,
,,Nasser Abdullah Al-Romaih Factory for Metal Products,,hotmail.co.uk,nasser-r@hotmail.co.uk,0557732222,صنع منتجات المعادن المشكلة، باستثناء الالات والمعدات,سدير,
,,Yasser Abdullah Al-Kadi Factory for Metal Decoration,,yahoo.com,fares800@yahoo.com,0508080000,صنع الالات والمعدات غير المصنفة في موضع اخر,سدير,
,,Yalin Factory for Steel,,yahoo.com,yaleensteel@yahoo.com,0535353000,صنع الفلزات القاعدية,سدير,
,,Al-Ayash Steel Industries,,al-ayashsteel.com,khaled@al-ayashsteel.com,0505804219,الصناعات التحويلية الأخرى,سدير,
,,Sahet Al-Taleaa  Factory for prefabricated houses,,live.com,cpc-factory@live.com,0560000773,صنع منتجات المعادن المشكلة، باستثناء الالات والمعدات,شقراء,
,,Al-Hijaz Al-Motamiz for Tins,,hotmail.com,mr_ah_911@hotmail.com,0505590636,صنع منتجات المعادن المشكلة، باستثناء الالات والمعدات,عسيـــر,
,,Al-Maskan for Prefabricated Buildings,,yahoo.com,alialnazeh@yahoo.com,0555755488,الصناعات التحويلية الأخرى,عسيـــر,
,,International Factory for Metal Products,,yahoo.com,hamad70_m@yahoo.com,0535393745,صنع منتجات المعادن المشكلة، باستثناء الالات والمعدات,عسيـــر,
,,Al-Mostakbal  Iron and Steel Industries Co.,,al-jazeerapaints.com,ayaseen@al-jazeerapaints.com,0555215762,صنع منتجات المعادن اللافلزية الأخرى,عسيـــر,
,,Smart Solutions Factory for Energy,,sspfactory.com,mjarallah@sspfactory.com,0504505590,صنع الالات والمعدات غير المصنفة في موضع اخر,عسيـــر,
,,Al-Salam Metal Products Factory,,yahoo.com,s_qht990@yahoo.com,0503060906,صنع منتجات المعادن المشكلة، باستثناء الالات والمعدات,عسيـــر,
,,Manea Mohamed Zafer Al Touhami Aluminium Factory,,yahoo.com,m_alamre@yahoo.com,0505743720,صنع منتجات المعادن المشكلة، باستثناء الالات والمعدات,عسيـــر,
,,Diamond Axle Factory for Metal Casting,,gmail.com,almehwar.almasi.factory@gmail.com,0508704020,صنع منتجات المعادن المشكلة، باستثناء الالات والمعدات,عسيـــر,
,,Sami Abu Hijab Factory for Metal Forming and Metal Industries,,yahoo.com,sami_959@yahoo.com,0595050696,صنع منتجات المعادن المشكلة، باستثناء الالات والمعدات,عسيـــر,
,,Makka Company Limited for Household Utensils,,newflon.com,mak@newflon.com,0505507963,صنع منتجات المعادن المشكلة، باستثناء الالات والمعدات,Makkah,
,,Al-Najem Metal Products Co. Ltd. Factory,,hotmail.com,jasco914@hotmail.com,0505504680,صنع منتجات المعادن المشكلة، باستثناء الالات والمعدات,Makkah,
,,Jawaher Al-Rabia Factory for Iron Formation,,hotmail.com,hamad9484y@hotmail.com,0560244411,صنع منتجات المعادن المشكلة، باستثناء الالات والمعدات,Najran,
,,Rai Saudi Arabia Factory for Pipe Industries,,hotmail.com,fhank2006@hotmail.com,0555600923,صنع منتجات المطاط والبلاستك,Najran,
,,"Arabian Yal Factory for Industry, Trading & Contracting",,yahoo.com,faris1300@yahoo.com,0566022111,صنع منتجات المعادن اللافلزية الأخرى,Najran,
,,Arab Factory for Adhesive Tapes and Plastic Products,,gmail.com,bohamad1234@gmail.com,0505920015,صنع منتجات المطاط والبلاستك,Al Ahsa,
,,Technical Plastic Recycling Factory,,aljawadgroup.net,techno.plast@aljawadgroup.net,0505919996,صنع منتجات المطاط والبلاستك,Al Ahsa,
,,Al-Ahsa Plastic Products Company,,ahgroups.com,ahplastic@ahgroups.com,0505924247,صنع منتجات المطاط والبلاستك,Al Ahsa,
,,Al Shoaibi Plastic Factory,,spf.com.sa,admin@spf.com.sa,0505920107,صنع منتجات المعادن المشكلة، باستثناء الالات والمعدات,Al Ahsa,
,,Al-Jawad Center for Printing and Packaging,,algawadgroup.net,ahmesd@algawadgroup.net,0505919997,الطباعة,Al Ahsa,
,,Al-Diwan Plastic Factory,,dewanpack.com,dewan@dewanpack.com,0505122912,صنع منتجات المطاط والبلاستك,Al Ahsa,
,,Al-Ghadeer Packing Sacks & Threads,,alghadeergroup.com,info@alghadeergroup.com,0505916688,صنع منتجات المطاط والبلاستك,Al Ahsa,
,,Al-Ghadeer Packaging Materials Factory,,alghadeergroup.com,info@alghadeergroup.com,0505916688,صنع منتجات المطاط والبلاستك,Al Ahsa,
,,Barak Factory for Plastic Cover-up Cloth,,gmail.com,barrakgdf@gmail.com,0505919660,صنع منتجات المطاط والبلاستك,Al Ahsa,
,,Mohamed Saleh Al-Sahli Factory for Plastic Industries,,hotmail.com,genral911@hotmail.com,0505917010,صنع منتجات المطاط والبلاستك,Al Ahsa,
,,Abdul Aziz Ahmed Al-Ghamdi Plastic Factory,,gmail.com,gamdyvip1010@gmail.com,0507646462,صنع منتجات المطاط والبلاستك,Al Bahah,
,,Abdullah Saeed Al-Ghamdi Factory for Plastic Pipes,,mig-ksa.com,asghamdi@mig-ksa.com,0555906628,صنع منتجات المطاط والبلاستك,Al Bahah,
,,الشركة السعودية للعبوات البلاستيكية,,hotmail.com,saudi-container@hotmail.com,0505486795,صنع منتجات المطاط والبلاستك,Al Kharj,
,,Al-Methaly Plastics Factory,,gmail.com,alfahis@gmail.com,0554417770,صنع منتجات المطاط والبلاستك,Al Kharj,
,,Saud Hussein Meleihan Al-Akidi,,yahoo.com,bizriyadh@yahoo.com,0503496934,صنع منتجات المطاط والبلاستك,Al Kharj,
,,Sablini Plastic Industries Co. - Splast,,yahoo.com,sibliniplastics@yahoo.com,0503443886,صنع المواد الكيميائية والمنتجات الكيميائية,Al Kharj,
,,"Qodour Packing Products Co., Ltd.",,hotmail.com,kodoor.sa@hotmail.com,0505106145,صنع الورق ومنتجات الورق,Al Kharj,
,,Branch of Ahmed Al-Jassim & Partners (Israa) Company,,taco-tent.com,info@taco-tent.com,0532469823,صنع منتجات المطاط والبلاستك,Al Kharj,
,,Branch of Al-Rawafed Industrial and Commercial Investment Company,,yahoo.com,rawa_hoses@yahoo.com,0540531648,الصناعات التحويلية الأخرى,Al Kharj,
,,Ardam Factory for the Manufacture of Pipes,,hotmail.com,saadhib1@hotmail.com,0565863578,صنع منتجات المطاط والبلاستك,Al Kharj,
,,Esnad Mass Plastic Factory,,hotmail.com,msad82@hotmail.com,0505499970,صنع منتجات المطاط والبلاستك,Al Kharj,
,,Emaar UAE Plastic Factory,,yahoo.com,khaledali390k@yahoo.com,0567286466,صنع منتجات المطاط والبلاستك,Al Kharj,
,,Green Pipe Factory,,hotmail.com,rmady2a@hotmail.com,0569999608,صنع منتجات المطاط والبلاستك,Al Kharj,
,,Al-Awani Al-Watania for Plastics,,hotmail.com,khateeb25@hotmail.com,0505471526,صنع منتجات المطاط والبلاستك,Al Kharj,
,,Al Takhassosy Plastic Factory,,yahoo.com,takhassosy@yahoo.com,0505276918,صنع منتجات المطاط والبلاستك,Al Kharj,
,,Saudi Rubber Products Co. Factory,,hotmail.com,hkiic1261@hotmail.com,0569383430,صنع منتجات المطاط والبلاستك,Al Kharj,
,,Saudi Rubber Products Co. Factory,,saudioilco.com.sa,nasser@saudioilco.com.sa,0504242448,صنع منتجات المطاط والبلاستك,Al Kharj,
,,Al Areen Agricultural Factory for Manufacturing Agricultural Fabric,,areenagro.sa,mohd@areenagro.sa,0503219237,صنع منتجات المطاط والبلاستك,Al Kharj,
,,"Al Merkaaz  Tents, Awnings and Sails Factory",,al-mirkaz.com,gamal.esmeil@al-mirkaz.com,0556506936,صنع المنسوجات,Al Kharj,
,,Domes Technology Factory for Plastic Products,,yahoo.com,abdallah8524@yahoo.com,0504225581,صنع منتجات المطاط والبلاستك,Al Kharj,
,,Khaled Essam Al-Bassam Plastic Factory,,hotmail.com,keb_sa@hotmail.com,0552222961,صنع منتجات المطاط والبلاستك,Al Kharj,
,,Dar Al-Tanmia Al-Motahida Plastic Factory,,hotmail.com,alrhap-group@hotmail.com,0555221112,صنع منتجات المطاط والبلاستك,Al Kharj,
,,Saud Khaddran Al-Malki  Factory for the Production of Polystyrene,,hotmail.com,b-o-h.n@hotmail.com,0551122257,صنع منتجات المطاط والبلاستك,Al Kharj,
,,Ebdaana Co. Factory for Plastic Products,,hotmail.com,inassar2010@hotmail.com,0552121000,صنع منتجات المطاط والبلاستك,Al Kharj,
,,Al Hoshani & Partner Plastic Co. Factory,,ncf.com.sa,ismael@ncf.com.sa,0505188674,صنع منتجات المطاط والبلاستك,Al Kharj,
,,Rustin Plastic Co. Factory,,outlook.com,i.rustin@outlook.com,0532002222,صنع منتجات المطاط والبلاستك,Al Kharj,
,,Fares Najd Co. Factory for Plastic Products,,hotmail.com,ashri1985@hotmail.com,0557572222,صنع منتجات المطاط والبلاستك,Al Kharj,
,,Factory of Messian Group Co. for Plastic,,saudi.net.sa,misyan@saudi.net.sa,0505404346,صنع منتجات المطاط والبلاستك,Al Kharj,
,,Shifaa Zafir Al-Erjani Plastic Factory,,hotmail.com,al-amtyaz234@hotmail.com,0505104061,صنع منتجات المطاط والبلاستك,Al Kharj,
,,Chwimmy Ajian Al-Dossary Plastic Factory,,smtplast.com,magdy.pm@smtplast.com,0545550002,صنع منتجات المطاط والبلاستك,Al Kharj,
,,Sayhad Arab Plastic Factory,,hotmail.com,alnahdi423@hotmail.com,0504733700,صنع منتجات المطاط والبلاستك,Al Kharj,
,,Tarik Al-Sharq Plastic Factory,,hotmail.com,s.k.s_2012@hotmail.com,0501270000,صنع منتجات المطاط والبلاستك,Al Kharj,
,,Taif Riyadh  Plastic Factory,,hotmail.com,taifalriyadh@hotmail.com,0504104053,صنع منتجات المطاط والبلاستك,Al Kharj,
,,Farah Sahara Factory for Plastic Industries,,hotmail.com,alhussainf@hotmail.com,0505415153,صنع منتجات المطاط والبلاستك,Al Kharj,
,,Fahd Shaher Al-Surayhi Plastic Products Factory,,yahoo.com,abofisal41@yahoo.com,0566364856,صنع منتجات المطاط والبلاستك,Al Kharj,
,,Hermon Factory for Plastic Industries,,hormonmedical.net,abdulaziz@hormonmedical.net,0505417577,صنع منتجات المطاط والبلاستك,Al Kharj,
,,Gulf Hectare Factory for Plastic Products,,hotmail.com,n-krh9@hotmail.com,0553535561,صنع منتجات المطاط والبلاستك,Al Kharj,
,,Yafel Factory for Plastics,,stp.com.sa,gm@stp.com.sa,0502222772,صنع منتجات المطاط والبلاستك,Al Kharj,
,,"Eastern Insulation Co., Ltd.",,yahoo.com,yosefhasem@yahoo.com,0558833004,صنع منتجات المطاط والبلاستك,Dammam,
,,Saudi Plastic Products Co. Ltd.,,sappco.com.sa,sapdam@sappco.com.sa,0555201465,صنع منتجات المطاط والبلاستك,Dammam,
,,Arabian Plastic Industries Company (APICO),,aplaco.com.sa,info@aplaco.com.sa,0504403794,صنع منتجات المطاط والبلاستك,Riyadh,
,,Al-Ekbal Co. for the Manufacture of Reflective Materials,,ekbalco.com,altitikhaled@ekbalco.com,0555409626,الصناعات التحويلية الأخرى,Riyadh,
,,Riyadh Plastic Factory Co.,,alhokair.com,hrpf@alhokair.com,0505255891,صنع منتجات المطاط والبلاستك,Riyadh,
,,Branch of Saudi  Plastic Products Company for Insulation Products - SABTEX,,sappco.com.sa,m.mushaigeh@sappco.com.sa,0505408419,صنع منتجات المطاط والبلاستك,Riyadh,
,,Saudi Plastic Products Co.  - SABCO,,sappco.com.sa,h.shakour@sappco.com.sa,0506347718,صنع منتجات المطاط والبلاستك,Riyadh,
,,Saudi Carbonate Co.,,npfco.com.sa,npf@npfco.com.sa,0505453525,صنع منتجات المطاط والبلاستك,Riyadh,
,,Al Watania Factory For Containers Manufacturing,,wataniaind.com,gs-razak@wataniaind.com,0504818829,صنع منتجات المعادن المشكلة، باستثناء الالات والمعدات,Riyadh,
,,Ebdaa Factory for Medical Protection,,hotmail.com,oommoo11@hotmail.com,0550124499,صنع منتجات المطاط والبلاستك,Riyadh,
,,Black Ocean Trading Establishment,,hotmail.com,ssd1010@hotmail.com,0505400423,صنع منتجات المطاط والبلاستك,Riyadh,
,,Saudi Technical Plastic Co. Ltd.,,gmail.com,salimkhodr@gmail.com,0505413704,صنع منتجات المطاط والبلاستك,Riyadh,
,,Specialized Co.Ltd.  for Plastic Industries,,gmail.com,salimkhodr@gmail.com,0505413704,صنع منتجات المطاط والبلاستك,Riyadh,
,,Modern Factory for Fiberglass,,hotmail.com,modernfiberfactory@hotmail.com,0500000188,صنع منتجات المطاط والبلاستك,Riyadh,
,,Saudi Pipe Insulator Factory,,yahoo.com,kimmcoryd@yahoo.com,0502597760,صنع منتجات المعادن المشكلة، باستثناء الالات والمعدات,Riyadh,
,,Saudi Pipe Insulation Factory,,sppi-llc.com,sppi@sppi-llc.com,0502888055,صنع منتجات المعادن المشكلة، باستثناء الالات والمعدات,Riyadh,
,,Saudi Injection and Plastic Products Factory,,hotmail.com,saudi-plastic@hotmail.com,0558455433,صنع منتجات المطاط والبلاستك,Riyadh,
,,Saudi Establishment for Coating Services,,amkest.com,ahmedy@amkest.com,0536633209,صنع منتجات المطاط والبلاستك,Riyadh,
,,United Plastic Co.,,united-perlite.com,fahad@united-perlite.com,0505447610,صنع منتجات المطاط والبلاستك,Riyadh,
,,Rowad National Plastic  Co. Ltd.,,alrowad.biz,info@alrowad.biz,0505250354,صنع منتجات المطاط والبلاستك,Riyadh,
,,Al Sharq Plastic Industries Factory,,takweenai.com,malyami@takweenai.com,0500807336,صنع منتجات المطاط والبلاستك,Riyadh,
,,Saudi Drums Factory Co.,,alrubaishi.com,nasser@alrubaishi.com,0500476565,صنع منتجات المطاط والبلاستك,Riyadh,
,,Al-Noakhez Plastic Bottles Production Company,,hotmail.com,nawakheth@hotmail.com,0504210879,صنع منتجات المطاط والبلاستك,Riyadh,
,,Arab Insulation Industries Co. - Insulators,,awazel.com,hr@awazel.com,0505563666,صنع منتجات المطاط والبلاستك,Riyadh,
,,Abr Al-Mostakbal Plastics Company,,yahoo.com,ismaiel70@yahoo.com,0505461497,صنع منتجات المطاط والبلاستك,Riyadh,
,,A'lmadar Vaboterm Company,,hotmail.com,mohd5000@hotmail.com,0505425826,صنع منتجات المطاط والبلاستك,Riyadh,
,,Falcon Plastic Industries Company,,falconplastic.com.sa,abdulrahman.maurer@falconplastic.com.sa,0540564773,صنع منتجات المطاط والبلاستك,Riyadh,
,,Cosmoplast Riyadh Company,,alhokair.com,hrpf@alhokair.com,0505255891,صنع منتجات المطاط والبلاستك,Riyadh,
,,Al Rajhi Plastic and Foam Factory Company,,alrajhigroup.com,foam@alrajhigroup.com,0554445840,صنع منتجات المطاط والبلاستك,Riyadh,
,,Al Rashed Cans  & Plastics Factory,,lastmade.com,info@lastmade.com,0555446099,صنع منتجات المطاط والبلاستك,Riyadh,
,,Rayan Plastic Products Factory Co. Ltd.,,rayanplastic.com,mail@rayanplastic.com,0530002028,صنع منتجات المطاط والبلاستك,Riyadh,
,,Obeikan Elopak Cans Factory Co.,,obeikan.com.sa,a.khalid@obeikan.com.sa,0546277643,صنع منتجات المطاط والبلاستك,Riyadh,
,,Al-Qabalan Factory For Thermal Tubes,,alkoblan.com.sa,adib@alkoblan.com.sa,0504115287,صنع منتجات المعادن المشكلة، باستثناء الالات والمعدات,Riyadh,
,,Model Melamine Home Appliances Factory,,gmail.com,saudimfco@gmail.com,0500005713,صنع منتجات المطاط والبلاستك,Riyadh,
,,Alurev Plastic Factory Company,,hotmail.com,haithamkrdi@hotmail.com,0507694420,صنع منتجات المطاط والبلاستك,Riyadh,
,,Ansorab Company for Insulation and Packaging Products,,insuwrap.com,sales@insuwrap.com,0554999475,صنع منتجات المطاط والبلاستك,Riyadh,
,,Saudi Mais Company Limited for Irrigation Systems,,mais.com.sa,irrigation@mais.com.sa,0505485198,صنع منتجات المطاط والبلاستك,Riyadh,
,,Saudi  Hanekard Company for Manufacturing and Coating TOners and CDs,,hannecardsaudi.com,saleh@hannecardsaudi.com,0535079997,صنع منتجات المطاط والبلاستك,Riyadh,
,,Branch of Interplast Company Limited,,interplast-ksa.com,musaed@interplast-ksa.com,0566991411,صنع منتجات المطاط والبلاستك,Riyadh,
,,Abdullah Shamsan Industrial Group,,shamsangroup.com,ahmad@shamsangroup.com,0599919356,صنع المعدات الكهربائية,Riyadh,
,,Ebdaa Al-Saraya Factory for Light Industries,,carpets.com,jaber@carpets.com,0535556014,صنع الورق ومنتجات الورق,Riyadh,
,,Ahmed Ismail Castle G Factory for  Plastic Products,,hotmail.com,kalaajiplas@hotmail.com,0504486350,صنع منتجات المطاط والبلاستك,Riyadh,
,,Ahmed Abdullah Al-Khouzeim Factory for Plastic and Paper Recycling,,hotmail.com,kuzpprf@hotmail.com,0505493448,صنع منتجات المطاط والبلاستك,Riyadh,
,,Ahmed Mohammed Al-Sudairy Plastic Factory,,sudairygroup.com,info@sudairygroup.com,0555222616,صنع منتجات المطاط والبلاستك,Riyadh,
,,ARAC Plastic Products Factory,,gmail.com,isudais@gmail.com,0505242579,صنع منتجات المطاط والبلاستك,Riyadh,
,,Asia Plastic Factory,,asia-pp.com,saad@asia-pp.com,0555220857,صنع منتجات المطاط والبلاستك,Riyadh,
,,Al-Akhawin Factory for Plastic Materials,,jumaiahgroup.com,m.ezat@jumaiahgroup.com,0500617682,صنع منتجات المطاط والبلاستك,Riyadh,
,,Al-Ard Factory for the Manufacture of Detergents and Plastics,,yahoo.com,ard_est@yahoo.com,0505482844,صنع منتجات المطاط والبلاستك,Riyadh,
,,Al-Anzema Al-Thalatha Packaging Factory,,yahoo.ca,saad_draz@yahoo.ca,0501981786,صنع منتجات المطاط والبلاستك,Riyadh,
,,Al-Baraka Polystyrene Factory,,yahoo.com,baraka2015@yahoo.com,0504454574,صنع منتجات المطاط والبلاستك,Riyadh,
,,Saudi Plastic Factory (SPF),,awalnet.net.sa,spfi@awalnet.net.sa,0556244000,صنع منتجات المطاط والبلاستك,Riyadh,
,,Saudi Polystyrene Plant,,hotmail.com,mohdkhleif@hotmail.com,0509208303,صنع منتجات المطاط والبلاستك,Riyadh,
,,Al-Teknia Al-Asria Factory for Plastics,,yahoo.com,mtplastp@yahoo.com,0543021020,صنع منتجات المطاط والبلاستك,Riyadh,
,,Al-Jazira Factory for Plastic Products,,yahoo.com,fle460@yahoo.com,0505104569,صنع منتجات المطاط والبلاستك,Riyadh,
,,Al-Jomaih Factory for the Production of Cans,,aljomaihbev.com,htaher@aljomaihbev.com,0566669915,صنع منتجات المطاط والبلاستك,Riyadh,
,,Al-Kham National Plastic Industries Factory,,gmail.com,nkpfact@gmail.com,0503113070,صنع منتجات المطاط والبلاستك,Riyadh,
,,Al-Diwan Plastic Products Factory,,gmail.com,dewanppf@gmail.com,0505122912,صنع منتجات المطاط والبلاستك,Riyadh,
,,Al-Rajeh Pastics Fctory - Delta,,hotmail.com,deltaplastic@hotmail.com,0505282449,صنع منتجات المطاط والبلاستك,Riyadh,
,,Al-Saeed Plastic Factory,,alsaeed.com.sa,industry@alsaeed.com.sa,0508007000,صنع منتجات المطاط والبلاستك,Riyadh,
,,Middle East Factory For Metal Molds,,mem.com.sa,info@mem.com.sa,0505463246,صنع منتجات المطاط والبلاستك,Riyadh,
,,Al Sharq Polystyrene Factory (SPF),,alshargflex.com,asiri@alshargflex.com,0555466848,صنع منتجات المطاط والبلاستك,Riyadh,
,,Savola Packaging System Company - Plastic Packages Factory,,takweenai.com,aelgazzar@takweenai.com,0506230374,صنع منتجات المطاط والبلاستك,Riyadh,
,,Obeikan Packaging Factory,,obeikan.com.sa,zayed@obeikan.com.sa,0541244376,صنع منتجات المطاط والبلاستك,Riyadh,
,,Olfat Arabian Engineering and Plastic Products  Factory,,elfitarabia.com,elfitksa@elfitarabia.com,0505279954,صنع منتجات المطاط والبلاستك,Riyadh,
,,Al Latifia Factory for Plastic Mesh,,latifiageo.com,info@latifiageo.com,0504373836,صنع منتجات المطاط والبلاستك,Riyadh,
,,United Plastic Industries Factory,,gmail.com,almlaida1@gmail.com,0504199741,صنع منتجات المطاط والبلاستك,Riyadh,
,,Al Maha Plastic Factory,,mahacp.com,mubarak@mahacp.com,0559091122,صنع منتجات المطاط والبلاستك,Riyadh,
,,Al-Huda Factory for Plastic Plates Manufacturing,,alhudaprepress.com,info@alhudaprepress.com,0504690815,صنع منتجات المطاط والبلاستك,Riyadh,
,,National Plastic Factory,,wataniaind.com,gs-razak@wataniaind.com,0504818829,صنع منتجات المطاط والبلاستك,Riyadh,
,,Blasco Factory for Plastic Industries,,plasco.com.sa,plasco@plasco.com.sa,0552900090,صنع منتجات المطاط والبلاستك,Riyadh,
,,Advanced Card Technology Factory,,nesma.net.sa,gate@nesma.net.sa,0555407669,صنع الورق ومنتجات الورق,Riyadh,
,,Tamah National Factory for Plastic Products,,yahoo.com,hanysa@yahoo.com,0565513539,صنع منتجات المطاط والبلاستك,Riyadh,
,,Hussam Bin Saud Factory for Eye Glasses Houses,,spf-sa.com,bandar@spf-sa.com,0550000203,صنع منتجات المطاط والبلاستك,Riyadh,
,,Dar Al-Selal Factory for Plastics,,hotmail.com,baskethouse7@hotmail.com,0504423144,صنع منتجات المطاط والبلاستك,Riyadh,
,,Rakm International  Factory for Adhesive Tapes,,ragam.net,khalid@ragam.net,0504172593,صنع منتجات المطاط والبلاستك,Riyadh,
,,Sara Fiberglass Factory,,hotmail.com,sarafactory@hotmail.com,0555224360,صنع منتجات المطاط والبلاستك,Riyadh,
,,مصنع شركة الرياض لانتاج أكياس البولي بروبلين,,ahgpolybags.com,info@ahgpolybags.com,0552552203,صنع منتجات المطاط والبلاستك,Riyadh,
,,Safia Plastic Factory,,safiawater.com,rb@safiawater.com,0505473143,صنع منتجات المطاط والبلاستك,Riyadh,
,,Kenar Al-Sharq Plastic Products Factory,,yahoo.com,azizbeirutal@yahoo.com,0555222616,صنع منتجات المطاط والبلاستك,Riyadh,
,,Lyat Al-Ayed Factory,,ayed-sa.com,info@ayed-sa.com,0505559335,صنع منتجات المطاط والبلاستك,Riyadh,
,,Packaging Products Factory,,ppcksa.com,omar@ppcksa.com,0553303226,صنع منتجات المطاط والبلاستك,Riyadh,
,,Mounir Abdullah Al-Moneef Factory for Plastic Pipes & Accessories,,sol.net.sa,mmp@sol.net.sa,0553330022,صنع منتجات المطاط والبلاستك,Riyadh,
,,New Victory Printing Presses,,gmail.com,nmp.press@gmail.com,0547957516,الطباعة,Riyadh,
,,Kamel Al-Emtiaz Plastic Products Est. Factory,,hotmail.com,medhat-2110@hotmail.com,0565769918,صنع منتجات المطاط والبلاستك,الزلفي,
,,International Jewelry Boxes Factory,,tatweerco.com,m.alromaih@tatweerco.com,0504221870,صنع منتجات المطاط والبلاستك,Qassim,
,,National Factory Co. for Polyethylene,,hotmail.com,n.p.c-hr@hotmail.com,0593230888,صنع منتجات المطاط والبلاستك,Qassim,
,,Saudi Rubber Products Factory,,alwassel.com,saleh@alwassel.com,0506146163,صنع منتجات المطاط والبلاستك,Qassim,
,,Al Rashed Cans & Plastics Factory Co. / Buraydh Branch,,lastmade.com,info@lastmade.com,0555446099,صنع منتجات المطاط والبلاستك,Qassim,
,,Shams  Plastic Factory,,yahoo.com,shamsplastic@yahoo.com,0555133009,صنع منتجات المطاط والبلاستك,Qassim,
,,Al-Shams Plastic Factory Co. Ltd. for Trading and Industry,,yahoo.com,shamsplastic@yahoo.com,0555133009,صنع منتجات المطاط والبلاستك,Qassim,
,,Al-Noakhez Plastic Bottles Production Co. Factory,,hotmail.com,nawakheth@hotmail.com,0504210879,صنع منتجات المطاط والبلاستك,Qassim,
,,Safaa Al-Madina Factory for Sponge and Mattresses,,yahoo.com,saad2620@yahoo.com,0505266023,صنع منتجات المطاط والبلاستك,Qassim,
,,Mohamed Saleh Al Othaim Plastic Factory,,yahoo.com,othim_factory@yahoo.com,0505398800,صنع منتجات المطاط والبلاستك,Qassim,
,,Al Othaim Factory for Plastic,,yahoo.com,othim-factoy@yahoo.com,0505398800,صنع منتجات المطاط والبلاستك,Qassim,
,,Dorat Al-Zayzafoun for Plastic Products,,yahoo.com,zizafoonsweet@yahoo.com,0505947046,صنع منتجات المطاط والبلاستك,Qassim,
,,General Supreme Company for Technical Projects,,tepcoegypt.com,gulf.tepco@tepcoegypt.com,0530350606,الصناعات التحويلية الأخرى,Medina,
,,Al-Madina Company for Manufacturing Foam and its Derivatives,,maimni.com,m.murad@maimni.com,0555305555,صنع منتجات المطاط والبلاستك,Medina,
,,Al-Yamen Industries Co. Ltd.,,engineer.com,w@engineer.com,0505751485,صنع منتجات المعادن المشكلة، باستثناء الالات والمعدات,Medina,
,,Shawahed Al-Jazeera Company for Paper and Plastic Cups Industry,,hotmail.com,eidr90@hotmail.com,0564100020,صنع منتجات المطاط والبلاستك,Medina,
,,Enayat Allah & Sons Company for Plastic Products,,yahoo.com,rnb_ius@yahoo.com,0504523084,صنع منتجات المطاط والبلاستك,Medina,
,,Mian Mohamed & Partners Company,,yahoo.com,nationalpipe@yahoo.com,0542170786,الصناعات التحويلية الأخرى,Medina,
,,Aghsan Tibah Factory for Plastic,,hotmail.com,turki-x-tec@hotmail.com,0590008518,صنع منتجات المطاط والبلاستك,Medina,
,,Al-Eatimadat Al-Motaadida  Plastics Factory,,hotmail.com,dakhil50@hotmail.com,0569020448,صنع منتجات المطاط والبلاستك,Medina,
,,Mohamed Awad Al-kosaiberi Factory for Plastics,,hotmail.com,mak.3303@hotmail.com,0505303303,صنع منتجات المطاط والبلاستك,Medina,
,,Al-Saad Plastic Factory,,hotmail.com,saad.plast@hotmail.com,0556748557,صنع منتجات المطاط والبلاستك,Medina,
,,Egyptian Advanced  Company Factory for Polymers and Plastics Industry,,hotmail.com,smart.d.e@hotmail.com,0532244434,صنع منتجات المطاط والبلاستك,Medina,
,,Bandar Mohammed Al-Masawy Foam Production factory,,hotmail.com,f4545f@hotmail.com,0555310235,صنع الاثاث,Medina,
,,Sahayeb Taba Plastic Factory,,gmail.com,tcpf2013@gmail.com,0504116117,صنع منتجات المطاط والبلاستك,Medina,
,,Saud Abdulaziz Al-Tayyar Factory for Plastic Industries,,altayar.com.sa,saud@altayar.com.sa,0555595518,صنع منتجات المطاط والبلاستك,Medina,
,,Dawaa Saudi Co. Factory for Medical Supplies,,hotmail.com,bakareem@hotmail.com,0590002284,صنع منتجات المطاط والبلاستك,Medina,
,,Marasel Tiba Factory for Plastic Pipes & Fittings Industry,,hotmail.com,vip.99a@hotmail.com,0553305188,صنع منتجات المطاط والبلاستك,Medina,
,,Shamayel Al-Tabeiaa International Factory for Packing and Packaging Materials Industry,,gmail.com,abdr.mahmoud@gmail.com,0564688850,صنع منتجات المطاط والبلاستك,Medina,
,,Tiba Factory for Paper and Plastic Products,,yahoo.com,taibapaper@yahoo.com,0553333235,صنع منتجات المطاط والبلاستك,Medina,
,,Abdullah Adib Khashoggi Factory for Plastic Products,,hotmail.com,a_kashukj@hotmail.com,0505326696,صنع منتجات المطاط والبلاستك,Medina,
,,Majed Abdulaziz Al-Moghayer Plastic Products Factory,,hotmail.com,m.a.m70000@hotmail.com,0597000040,صنع منتجات المطاط والبلاستك,Medina,
,,Majed Awad Al-Harbi Factory for Piping Systems,,gmail.com,majed.alharbi2010@gmail.com,0505329440,الصناعات التحويلية الأخرى,Medina,
,,Maher Awad Al-Zahery Plastic Factory,,hotmail.com,tbs_sa@hotmail.com,0559082829,صنع منتجات المطاط والبلاستك,Medina,
,,Mohamad Badr Al-Din Yusuf Factory for Packing and Packaging,,hotmail.com,mby560@hotmail.com,0555301155,صنع منتجات المطاط والبلاستك,Medina,
,,Mohamed Salama Factory for Plastic Industries,,hotmail.com,arabmold@hotmail.com,0550773332,صنع منتجات المطاط والبلاستك,Medina,
,,Mohamed Elsayed's Heirs Factory for Plastic Industries,,yahoo.com,gemi_80@yahoo.com,0560442343,صنع الالات والمعدات غير المصنفة في موضع اخر,Medina,
,,"Arak Al-Shamal Trading, Industry and Contracting Factory Co.",,hotmail.com,arak.alshmal@hotmail.com,0567677322,صنع منتجات المطاط والبلاستك,Tabuk,
,,Mamdouh Aziz Al-Hwail Factory for Tires Coating,,alhowail.com,ho-howail@alhowail.com,0505206595,صنع منتجات المطاط والبلاستك,Tabuk,
,,Ibrahim Hassan Al-Madkhaly Factory  for Adhesives,,hotmail.com,madkhali2008@hotmail.com,0561133555,صنع منتجات المطاط والبلاستك,Jazan,
,,Sahara Jazan Factory for Rubber Re-recycling,,gmail.com,mudhesh62@gmail.com,0509868145,صنع منتجات المطاط والبلاستك,Jazan,
,,Factory of Alhanaki Packaging Group,,hnaki.com,saleh@hnaki.com,0555555746,صنع منتجات المطاط والبلاستك,Jazan,
,,Mohamed Hussein Al-Amoudi Factory for Plastic Industries,,hotmail.com,y2007d@hotmail.com,0544579999,صنع منتجات المطاط والبلاستك,Jazan,
,,Mohamed Nasser Al-Kosadi Factory for Plastic Pipes,,outlook.sa,mohammednaser2013@outlook.sa,0555751115,صنع منتجات المطاط والبلاستك,Jazan,
,,Al-Asasia Co. for Tapes and Adhesives,,al-asassiyah.com,info@al-asassiyah.com,0555611414,صنع منتجات المطاط والبلاستك,Jeddah,
,,Gulf Packing and Packaging Systems Co.,,gulf-pack.com,hr1@gulf-pack.com,0504678630,صنع منتجات المطاط والبلاستك,Jeddah,
,,Saudi Co. for Foam Plates Industries,,saudipack.com,waheed@saudipack.com,0557221568,صنع منتجات المطاط والبلاستك,Jeddah,
,,Arabian Packaging Co. (Sahari Pack),,copatra.com,halmalki@copatra.com,0552210609,صنع منتجات المطاط والبلاستك,Jeddah,
,,United Plastic Industries Co.,,napcogroup.com,ahmed.ibrahim@napcogroup.com,0560056070,صنع المواد الكيميائية والمنتجات الكيميائية,Jeddah,
,,National Co. for Plastic Industries,,plasticna.com,info@plasticna.com,0555625235,صنع منتجات المطاط والبلاستك,Jeddah,
,,Saudi Factory for Plastic Cards,,pcmc.com.sa,ghaith.zagzoog@pcmc.com.sa,0555574690,صنع منتجات المطاط والبلاستك,Jeddah,
,,Supreme Factory for Plastic Products,,gulf-pack.com,hr1@gulf-pack.com,0504678630,صنع منتجات المطاط والبلاستك,Jeddah,
,,Al-Amal Company for Plastic Industries,,alamalplastic.com,info@alamalplastic.com,0503611417,صنع منتجات المطاط والبلاستك,Jeddah,
,,Batterjee Packing and Packaging System Factory,,batterjeeholding.com,a.adel@batterjeeholding.com,0506364050,صنع منتجات المطاط والبلاستك,Jeddah,
,,شركة التغليف المرن المحدودة,,sppc.com.sa,luay.batawi@sppc.com.sa,0553355664,صنع منتجات المطاط والبلاستك,Jeddah,
,,Al Tawfiq Co. for Plastic & Woven Sacks Ind. Ltd.,,apws.com.sa,hamid@apws.com.sa,0556355061,صنع منتجات المطاط والبلاستك,Jeddah,
,,Al-Dan Co. for Plastic Industries,,aldaan.com,aldaan@aldaan.com,0503524816,صنع منتجات المطاط والبلاستك,Jeddah,
,,Middle East Plastic Cards  Co. Ltd.,,me-pi.com,akussad@me-pi.com,0556689915,صنع منتجات المطاط والبلاستك,Jeddah,
,,Saudi Industry for Pipes Co. Ltd,,winteksa.com,hesham@winteksa.com,0593102319,صنع المواد الكيميائية والمنتجات الكيميائية,Jeddah,
,,Al Tayar Plastic & Rubber Industries Co. Ltd.,,altayar.com.sa,amer@altayar.com.sa,0501011410,صنع منتجات المطاط والبلاستك,Jeddah,
,,Tab Plastic Industries Co.,,yahoo.com,lutfihassan@yahoo.com,0553353215,صنع منتجات المطاط والبلاستك,Jeddah,
,,Falcon Industries Company,,falconplastic.com.sa,abdulrahman.maurer@falconplastic.com.sa,0540564773,صنع منتجات المطاط والبلاستك,Jeddah,
,,Al-Mutlaq Filters Company,,almutlak.com,info@almutlak.com,0555676665,صنع منتجات المعادن المشكلة، باستثناء الالات والمعدات,Jeddah,
,,"Al-Haramein Industrial Group Co., Ltd.",,alharamain.com,sales@alharamain.com,0501909215,صنع منتجات المعادن المشكلة، باستثناء الالات والمعدات,Jeddah,
,,Al-Jilani & Radwan Plastic Factory Co.,,yahoo.com,jilaniplastic@yahoo.com,0568184848,صنع منتجات المطاط والبلاستك,Jeddah,
,,Saudi Pipe Systems Factory Co.,,gmail.com,hammouni1@gmail.com,0505600205,صنع منتجات المعادن المشكلة، باستثناء الالات والمعدات,Jeddah,
,,Nasri Ibrahim Béjart & Partner Factory Company for Plastic Industries,,baycarfactory.com,info@baycarfactory.com,0505644355,صنع منتجات المطاط والبلاستك,Jeddah,
,,NAPCO Company Limited for Packaging Materals Production,,napcogroup.com,mohammed.jalal@napcogroup.com,0509632896,صنع منتجات المطاط والبلاستك,Jeddah,
,,NAPCO Multi-Packaging Company  (NAPCO Multipak),,napcogroup.com,mohammed.salman@napcogroup.com,0566991300,صنع منتجات المطاط والبلاستك,Jeddah,
,,Wali Company for Manufacturing Plastic and Decoration,,waliplastic.com,info@waliplastic.com,0504598591,صنع منتجات المطاط والبلاستك,Jeddah,
,,"Jeddah Printing Center (the branch of Packaging, Printing, Paper, and Plastic Saudi Company)",,jgcsa.com,postmaster@jgcsa.com,0563073369,صنع منتجات المطاط والبلاستك,Jeddah,
,,Arefco Factories for the Production of Adhesive Tape,,arifco.com,arifco@arifco.com,0553333393,صنع منتجات المطاط والبلاستك,Jeddah,
,,Arefco Plastic Factories,,arifco.com,arifco@arifco.com,0505532680,صنع منتجات المطاط والبلاستك,Jeddah,
,,Abjed Cassette Manufacturing Factory,,abjed.com,info@abjed.com,0555601601,صنع منتجات المطاط والبلاستك,Jeddah,
,,Abuljadayel  Factory for Fiberglass and Polyethylene Pipes,,ab.com.sa,info@ab.com.sa,0505593330,الصناعات التحويلية الأخرى,Jeddah,
,,Ahmed Abed Al-Sheikh & Partner Factory for the Production of Plastic Water Pippes and its Accessories,,gmail.com,aaalsheikhfactory@gmail.com,0504697924,صنع منتجات المطاط والبلاستك,Jeddah,
,,Arabian Glory Factory for Plastics,,hotmail.com,goldeneyes93@hotmail.com,0555644338,صنع منتجات المطاط والبلاستك,Jeddah,
,,Saudi Plastic Factory (SPF),,spf-sa.com,afarouk@spf-sa.com,0593026417,صنع منتجات المطاط والبلاستك,Jeddah,
,,Al-Bayrak Factory for Packing and Packaging,,ramatfactory.com.sa,info@ramatfactory.com.sa,0505618197,صنع منتجات المطاط والبلاستك,Jeddah,
,,Saudi Arabian Television Factory,,satjed.com,tnf@satjed.com,0505618838,صنع الحواسيب والمنتجات الإلكترونية والبصرية,Jeddah,
,,Al-Tawheed Plastic Factory,,gmail.com,tawheedplas@gmail.com,0558306666,صنع منتجات المطاط والبلاستك,Jeddah,
,,Al-Thuraya Factory for Paper and Plastic Packages,,hotmail.com,jpfjeddah@hotmail.com,0556603001,صنع منتجات المطاط والبلاستك,Jeddah,
,,Al-Jazira Factory for Plastic Products,,yahoo.com,khaled99988@yahoo.com,0505661242,صنع منتجات المطاط والبلاستك,Jeddah,
,,Al-Jawad Tire Retreading Factory,,aljawdretread.com,info@aljawdretread.com,0505685868,صنع منتجات المطاط والبلاستك,Jeddah,
,,Saudi Plastic Containers Factory,,saudiflasks.com,waleed@saudiflasks.com,0505679101,صنع منتجات المطاط والبلاستك,Jeddah,
,,Al Huwail Factory for Tire Retreading,,alhowail.com,smjamaltyrejed@alhowail.com,0503579836,صنع منتجات المطاط والبلاستك,Jeddah,
,,Golden Line Factory,,golden-line.com,info@golden-line.com,0501890400,الطباعة,Jeddah,
,,Dehlawi Eyeglasses Factory,,dehlawi.com,link@dehlawi.com,0566550505,صنع منتجات المطاط والبلاستك,Jeddah,
,,مصنع الرمانة الحديث للصناعات البلاستيكية والورقية,,hotmail.com,khal2@hotmail.com,0504753368,صنع منتجات المطاط والبلاستك,Jeddah,
,,Green Vision Factory for Industrial Evangelism,,greenvision.com.sa,bandar.z@greenvision.com.sa,0505705551,صنع منتجات المطاط والبلاستك,Jeddah,
,,Al-Zhoor Plastic Factory,,gmail.com,alzhoor.plast@gmail.com,0505648400,صنع منتجات المطاط والبلاستك,Jeddah,
,,Al Salam Paper & Plastic Products Factory,,hotmail.com,salemamab@hotmail.com,0505645197,صنع منتجات المطاط والبلاستك,Jeddah,
,,Arabian Panel Manufacturing Co. Factory,,al-arabia.com,aelkhereiji@al-arabia.com,0502837637,صنع منتجات المطاط والبلاستك,Jeddah,
,,Al-Saqri Condensers and Heat Exchangers Factory,,yahoo.com,essam325@yahoo.com,0505621480,صنع المعدات الكهربائية,Jeddah,
,,Al Aberi Plastic Hoses Factory,,gmail.com,bassambm@gmail.com,0500587171,صنع منتجات المطاط والبلاستك,Jeddah,
,,Al-Alamat Technical Factory,,labelartfactory.com,mohammed@labelartfactory.com,0556878888,صنع منتجات المطاط والبلاستك,Jeddah,
,,Al Gharbia Plastic Factory,,yahoo.com,algharbiaplastic@yahoo.com,0505356801,صنع منتجات المطاط والبلاستك,Jeddah,
,,Al-Ghandoura Factory for Filling & Packing,,ghanplastco.com,haykal@ghanplastco.com,0505578240,صنع منتجات المطاط والبلاستك,Jeddah,
,,Al Marbae Plastic Factory,,yahoo.co.uk,saleh21@yahoo.co.uk,0505557178,صنع منتجات المطاط والبلاستك,Jeddah,
,,Al-Mostakbal Plastic Packaging Factory,,ab.com.sa,info@ab.com.sa,0505593330,الصناعات التحويلية الأخرى,Jeddah,
,,"Al-Morkie Factory for the Production of Melamine, Plastic, Engineering Tools",,gmail.com,almourky@gmail.com,0583778822,صنع منتجات المطاط والبلاستك,Jeddah,
,,Quality Supply Factory for Plastic Technologies,,zenithplastic.com,sales@zenithplastic.com,0506529540,صنع منتجات المطاط والبلاستك,Jeddah,
,,مصنع بادريق للميلامين والبلاستيك والمذهبات الزجاجية,,windowslive.com,badreigmf@windowslive.com,0505603175,الصناعات التحويلية الأخرى,Jeddah,
,,Badr Fiberglass Factory,,hotmail.com,badraqualux@hotmail.com,0505626748,صنع منتجات المطاط والبلاستك,Jeddah,
,,Jeddah Plastic Factory,,hotmail.com,jbfjeddah@hotmail.com,0567280524,صنع منتجات المطاط والبلاستك,Jeddah,
,,Packing & Packaging Solutions Factory,,printopack.com.sa,info@printopack.com.sa,0505617163,الصناعات التحويلية الأخرى,Jeddah,
,,Debs Al-Alamia Factory for Manufacturing Dyes and Plastic Granules,,hotmail.com,yehia_s2@hotmail.com,0599499922,صنع منتجات المطاط والبلاستك,Jeddah,
,,Ebdaa Co. Factory for Packaging,,creative-industrial.com,info@creative-industrial.com,0535553023,الصناعات التحويلية الأخرى,Jeddah,
,,Gulf Co. Factory for Plastic Recycling,,gmail.com,yasserrefaie@gmail.com,0505621649,صنع منتجات المطاط والبلاستك,Jeddah,
,,Abdullah & Abdulaziz Kanoo Co. Factory for Fuel Additives,,jed.kanoosa.com,propertywp@jed.kanoosa.com,0506619714,صنع المعدات الكهربائية,Jeddah,
,,Batterjee Plastics Factory,,batterjeeholding.com,a.adel@batterjeeholding.com,0506364050,صنع منتجات المطاط والبلاستك,Jeddah,
,,"Al-Banawy Group Co., Ltd. Factory for Packaging Industry",,banawigroup.com,tjaouni@banawigroup.com,0552090308,صنع منتجات المطاط والبلاستك,Jeddah,
,,United Nesma Company Factory for Accessories & Gift Boxes,,nesma.net.sa,izubaidi@nesma.net.sa,0533933939,صنع منتجات المطاط والبلاستك,Jeddah,
,,"Sout Al-Jazeera Factory fpr Paper & Plastic Products, Cassettes and Laser Discs",,hotmail.com,tontubye@hotmail.com,0503668676,صنع منتجات المطاط والبلاستك,Jeddah,
,,Abdullah Saeed A-Soumaly Factory for Plastic Bags,,gmail.com,alsumaly.bags@gmail.com,0555606618,صنع منتجات المطاط والبلاستك,Jeddah,
,,Abdul Hadi Abd Rabbo Bafakir & Partners Factory,,hotmail.com,abdulhadibafakir@hotmail.com,0505623751,صنع منتجات المطاط والبلاستك,Jeddah,
,,Branch of Zoltic Global Factory Limited,,zulltec.com,fared.khan@zulltec.com,0503336522,صنع منتجات المعادن المشكلة، باستثناء الالات والمعدات,Jeddah,
,,Fakih Plastic Factory,,yahoo.com,yfakeeh@yahoo.com,0504659995,صنع منتجات المطاط والبلاستك,Jeddah,
,,Mohamed Bashir Khoja Factory for Plastic Products,,hotmail.com,ahmad_khoja@hotmail.com,0504673742,صنع منتجات المطاط والبلاستك,Jeddah,
,,Mahmoud Saeed Factory for Packaging & Decorative Gilding,,msgi-sa.com,mahdy@msgi-sa.com,0544144913,صنع منتجات المطاط والبلاستك,Jeddah,
,,Madad Factory for Formica & Fiberglass,,madad.com.sa,info@madad.com.sa,0506398580,صنع منتجات المطاط والبلاستك,Jeddah,
,,Mullah Fateel Abdulsalam Factory for  Tires Coating,,gmail.com,mullaveetil@gmail.com,0505351077,صنع منتجات المطاط والبلاستك,Jeddah,
,,Modern Sponge Products Factory,,sleephigh.com,info@sleephigh.com,0555591944,صنع منتجات المطاط والبلاستك,Jeddah,
,,Nabaa Plastic Factory,,msn.com,nabaplastic@msn.com,0501596610,صنع منتجات المطاط والبلاستك,Jeddah,
,,Al-Ebdaa Al-Motkan for Plastics Industries,,hotmail.com,f_cmpi@hotmail.com,0590996170,صنع منتجات المطاط والبلاستك,Jeddah,
,,"Allied Factories Co. for Melamine, Plastics and Aluminum Dishes",,hotmail.com,mftaha1975@hotmail.com,0505509377,صنع منتجات المطاط والبلاستك,Jeddah,
,,Al-Bashaer Egyptiana Factory Co. for Plastic Products,,gmail.com,mahmod.a.badran@gmail.com,0504690716,صنع منتجات المطاط والبلاستك,Jeddah,
,,Rowad Al-Shamel Plastic Products Factory Co. Ltd.,,yahoo.com,jilaniplastic@yahoo.com,0568184848,صنع منتجات المطاط والبلاستك,Jeddah,
,,Al-Sanabel Comprehensive Plastic Products Factory Co. Ltd.,,yahoo.com,jilaniplastic@yahoo.com,0568184848,صنع منتجات المطاط والبلاستك,Jeddah,
,,Al Shorouq International Foam Factory Co. Ltd.,,hotmail.com,shorooqint@hotmail.com,0591282200,صنع المواد الكيميائية والمنتجات الكيميائية,Jeddah,
,,Oasis Integrated  Plastic Products Factory Co Ltd,,yahoo.com,jilaniplastic@yahoo.com,0568184848,صنع منتجات المطاط والبلاستك,Jeddah,
,,Branch of S.M.T.K.S Company Limited,,gmail.com,samettex.ksa@gmail.com,0508306000,صنع منتجات المطاط والبلاستك,Jeddah,
,,"Branch of Zamil Alpla Middle East Plastics Co., Ltd. Factory",,zamilplastic.com,saad.alessa@zamilplastic.com,0503826326,صنع منتجات المطاط والبلاستك,Jeddah,
,,Ahmed Abu Bakur Badahman Factory for Plastic Folders,,yahoo.com,habadahman@yahoo.com,0505603481,صنع منتجات المطاط والبلاستك,Jeddah,
,,Bandar Afat Enzi Plastic Factory,,hotmail.com,exc_pc@hotmail.com,0506592923,صنع منتجات المطاط والبلاستك,Jeddah,
,,Ibrahim Falaki Factory for Insulation Boards,,hotmail.com,ibflki@hotmail.com,0505611825,الصناعات التحويلية الأخرى,Jeddah,
,,Al-Bassel International Plastics Factory,,gmail.com,tomalieh@gmail.com,0505681635,صنع منتجات المطاط والبلاستك,Jeddah,
,,Al-Hisan Al-Sharqi Factory for Plastics Industries,,ehrecycle.com,said@ehrecycle.com,0540391101,صنع منتجات المطاط والبلاستك,Jeddah,
,,Al-Raas Al-Moraba Factory for Packing and Packaging,,squarehead.com,nabeel@squarehead.com,0505693623,صنع منتجات المطاط والبلاستك,Jeddah,
,,Al Zahra Metal Curtains Factory,,hotmail.com,zahradecor@hotmail.com,0505372157,صنع منتجات المطاط والبلاستك,Jeddah,
,,Global Fiberglass Center Factory,,icf-bmc.com,info@icf-bmc.com,0507397030,الصناعات التحويلية الأخرى,Jeddah,
,,Al-Mostakbal  Al-Baher Plastic Factory,,hotmail.com,m.a.e.n@hotmail.com,0582799533,صنع منتجات المطاط والبلاستك,Jeddah,
,,Al-Nawafiz Al-Mobtakara Factory for the Production of Insulated Doors and Windows,,gmail.com,hassan6699@gmail.com,0504617350,صنع منتجات المطاط والبلاستك,Jeddah,
,,Amani Salah al-Din Muhammad factory for Plastic Industries,,hotmail.com,y7hy@hotmail.com,0504696533,صنع منتجات المطاط والبلاستك,Jeddah,
,,Amal Mohammed Al Amoudi Factory for Plastic Industries,,hotmail.com,amoudi.co14@hotmail.com,0505538059,صنع منتجات المطاط والبلاستك,Jeddah,
,,Anaam Fatih Al-Thawabteh Factory for Plastic Panels,,sign-view.com,sales@sign-view.com,0569061255,صنع منتجات المطاط والبلاستك,Jeddah,
,,Adhesives Technology Factory,,label-tech.org,htalaat@label-tech.org,0503841972,صنع منتجات المطاط والبلاستك,Jeddah,
,,Insulation Technology Industry Factory,,yahoo.com,weavers.mats@yahoo.com,0504656004,الصناعات التحويلية الأخرى,Jeddah,
,,Khalid Mohamed Dahlawi Plastic Factory,,hotmail.com,dahlawi-plastic@hotmail.com,0504595269,صنع منتجات المطاط والبلاستك,Jeddah,
,,Rawayea Plastic Factory,,gmail.com,mpmksa@gmail.com,0506722299,صنع منتجات المطاط والبلاستك,Jeddah,
,,Zoheir Hussein Hassan Ghoneim Factory,,gmail.com,zuhair.ghoneim@gmail.com,0555503384,صنع منتجات المطاط والبلاستك,Jeddah,
,,Susan Bint Mohamed Asfari Factory for Plastic Products,,outlook.com,suzan_est@outlook.com,0504621003,صنع منتجات المطاط والبلاستك,Jeddah,
,,Ahmed Fisal Al-Harbi  Factory for Plastics,,hotmail.com,c4y202@hotmail.com,0502671040,صنع منتجات المطاط والبلاستك,Jeddah,
,,ARNON Plastic Industries Co. Factory,,arnon.com.sa,majed@arnon.com.sa,0505622792,صنع الخشب ومنتجات الخشب والفلين، باستثناء الاثاث؛ صنع اصناف من القش ومواد الضفر,Jeddah,
,,Al-Qemam United Company Factory for Rubber Granules,,united-apex.com,omar@united-apex.com,0566776877,صنع منتجات المطاط والبلاستك,Jeddah,
,,Al-Mourouj Plastic Co. Factory,,yahoo.com,km_alsayed@yahoo.com,0564690125,صنع منتجات المطاط والبلاستك,Jeddah,
,,Al-Molsakat Golden Co. Factory,,roshana.com.sa,info@roshana.com.sa,0505602169,صنع منتجات المطاط والبلاستك,Jeddah,
,,Al-Zamil Water Tanks Co. Factory,,zamilco.com,abdullahgh@zamilco.com,0540669591,صنع منتجات المطاط والبلاستك,Jeddah,
,,Saddanah International Co. factory for Plastic Products,,yahoo.com,nidhalattas@yahoo.com,0545454593,صنع منتجات المطاط والبلاستك,Jeddah,
,,Ali Ali Hamdi Factory for Plastic Industries,,gmail.com,alialihamdi@gmail.com,0554772671,صنع منتجات المطاط والبلاستك,Jeddah,
,,Faisal Saad Al-Emari Factory for producing Plastic Coloring Granules,,facmb.com,faisal.alomari@facmb.com,0541050011,صنع منتجات المطاط والبلاستك,Jeddah,
,,Loaloa Al-Ray Plastic Factory,,hotmail.com,alrai_pearl_factory@hotmail.com,0562227778,صنع منتجات المطاط والبلاستك,Jeddah,
,,Mas Al-Watania Plastic Factory,,gmail.com,binspeedxx6xx@gmail.com,0504598578,صنع منتجات المطاط والبلاستك,Jeddah,
,,Madinat Al-Awani Factory for Plastic,,aljahwari.com,abdulrahman@aljahwari.com,0505605901,صنع منتجات المطاط والبلاستك,Jeddah,
,,Hisham Abdul Rahim Al Jahdali Factory for Plastic Products,,gmail.com,salehsobhy871@gmail.com,0555622254,صنع منتجات المطاط والبلاستك,Jeddah,
,,Saudi  Hair Accessories Factory,,yahoo.com,lpv_mh@yahoo.com,0555512809,صنع منتجات المطاط والبلاستك,Jeddah,
,,Al-Ghandoura Company for Manufacturing Plastic,,ghanplastco.com,haykal@ghanplastco.com,0505606194,الصناعات التحويلية الأخرى,Jeddah,
,,Al Matin International Co. for Plastic Industry,,almatin.com,wasim@almatin.com,0549797975,صنع منتجات المطاط والبلاستك,Jeddah,
,,Creative Recycling World Company for Plastics,,crwcksa.com,a.lahza@crwcksa.com,0505603715,الصناعات التحويلية الأخرى,Jeddah,
,,Abdullah Abdulaziz Al-shoqaihi & Co. Company,,shugaihi.com,import@shugaihi.com,0505609952,الصناعات التحويلية الأخرى,Jeddah,
,,Mathyl Alnegoum Industrial Group,,gmail.com,ceo.mngsa@gmail.com,0505649909,صنع منتجات المطاط والبلاستك,Jeddah,
,,Ibrahim Al-Zalka Factory for Paper and Plastic Industries,,hotmail.com,ahmed.a.badran@hotmail.com,0500536750,الصناعات التحويلية الأخرى,Jeddah,
,,Ahmed Al-Sheikh & Partner Factory for the Production of Plastic Water Pipes and Accessories,,yahoo.com,snk737@yahoo.com,0557773111,صنع منتجات المطاط والبلاستك,Jeddah,
,,Ahmed Abdel Aziz Badran Factory for Plastics,,hotmail.com,ahmed.a.badran@hotmail.com,0500536750,صنع منتجات المطاط والبلاستك,Jeddah,
,,Al-Etikal Factory for Plastic Products,,hotmail.com,al.attas_hussein@hotmail.com,0563777799,صنع منتجات المطاط والبلاستك,Jeddah,
,,Al-Howrah National Plastic Factory,,hotmail.com,alhawraa01@hotmail.com,0555648853,صنع منتجات المطاط والبلاستك,Jeddah,
,,Al Rida Plastic Factory,,hotmail.com,alzahrani_imp_trading@hotmail.com,0555717612,صنع منتجات المطاط والبلاستك,Jeddah,
,,Al-Sanabel Global Plastic Products Factory,,yahoo.com,mmandoora@yahoo.com,0530128256,صنع منتجات المطاط والبلاستك,Jeddah,
,,Authentic Arab Factory for Plastic Industries,,alarabialaseel.com,info@alarabialaseel.com,0509611987,صنع منتجات المطاط والبلاستك,Jeddah,
,,El-Qema Plastic Factory,,9hotmail.com,toplast.flim@9hotmail.com,0500640191,صنع منتجات المطاط والبلاستك,Jeddah,
,,Arabian Nights Foundation,,jundi.com.sa,j.jundi@jundi.com.sa,0556613242,,Jeddah,
,,Jar Al-Khaleej Fiberglass Products Factory,,hotmail.com,zinah32007@hotmail.com,0504677099,صنع منتجات المطاط والبلاستك,Jeddah,
,,Jihad Ibrahim Ahmed Rahim Factory for Plastic Industry,,hotmail.com,jehad2323@hotmail.com,0555682628,صنع منتجات المطاط والبلاستك,Jeddah,
,,McCain Jeddah Factory for Manufacturing Industries,,jawad.com.sa,info@jawad.com.sa,0505512167,صنع منتجات المطاط والبلاستك,Jeddah,
,,HamdanThawab Al-Osaimi Factory for Industrial Sponge,,gmail.com,businessgroup122@gmail.com,0509971665,الصناعات التحويلية الأخرى,Jeddah,
,,Khaldoun Malek Banares Khan Plastic Factory,,yahoo.com,alriyadh_consultant@yahoo.com,0555546497,صنع منتجات المطاط والبلاستك,Jeddah,
,,"Jeddah Zincograph Factory for Plates, Clichés, Shields and Gifts",,zincograph.com.sa,m.alghamdi@zincograph.com.sa,0500888789,صنع منتجات المطاط والبلاستك,Jeddah,
,,Salem Ayed Al-Khattabi Plastic Factory,,hotmail.com,fuad380@hotmail.com,0555559899,صنع منتجات المطاط والبلاستك,Jeddah,
,,Sama Mecca Plastic Factory,,hotmail.com,sammamk2009@hotmail.com,0503117524,صنع منتجات المطاط والبلاستك,Jeddah,
,,Almas Al-lama Co. Factory for Manufacturing Shrinkable Films,,almascoltd.com,jafar@almascoltd.com,0505615985,الصناعات التحويلية الأخرى,Jeddah,
,,Talal Maayouf Al-Harbi Factory for Plastic and Sponge,,gmail.com,mof.jed@gmail.com,0509971665,الصناعات التحويلية الأخرى,Jeddah,
,,Ali Maqboul Al-Emari Factory for Fiberglass Products,,hotmail.com,bassam615@hotmail.com,0505698764,صنع منتجات المطاط والبلاستك,Jeddah,
,,Faden Advanced Factory for Plastic Products,,gmail.com,modon2021@gmail.com,0540011022,صنع منتجات المطاط والبلاستك,Jeddah,
,,Farida Salem Baqis Factory,,gmail.com,hbalkhair@gmail.com,0553006390,الصناعات التحويلية الأخرى,Jeddah,
,,Fekra Plastic Factory,,hotmail.com,bassemlatifi@hotmail.com,0505652452,صنع منتجات المطاط والبلاستك,Jeddah,
,,Fahd Abdulrahman Al-Amoudi Plastic Products Factory,,yahoo.com,fahd_fahd267@yahoo.com,0506838486,صنع منتجات المطاط والبلاستك,Jeddah,
,,Mohamed Zaher Fatih Factory for Fibreglass,,gmail.com,khaliderth99@gmail.com,0505681021,صنع منتجات المطاط والبلاستك,Jeddah,
,,Mohamed Saeed Baslamah Plastic Factory,,hotmail.com,osmb2005@hotmail.com,0505748237,صنع منتجات المطاط والبلاستك,Jeddah,
,,Mohamed Saleh Al-Attas Factory for Plastic and Paper Products,,gmail.com,attassco1@gmail.com,0505522622,الصناعات التحويلية الأخرى,Jeddah,
,,Mohammed Abdulqader Al-Solaimani Plastic Factory,,live.com,a-sulimani@live.com,0505615951,صنع منتجات المطاط والبلاستك,Jeddah,
,,Masagh Factory for Plastic Industries,,yahoo.com,balamri@yahoo.com,0504615727,الصناعات التحويلية الأخرى,Jeddah,
,,Mounira Saad Al-Rubaie Factory for Plastic Products,,yahoo.com,aamk1404@yahoo.com,0544006688,الصناعات التحويلية الأخرى,Jeddah,
,,Al-Salem Plastic Establishment Factory,,yahoo.com,salemalgahtani@yahoo.com,0505626721,صنع منتجات المطاط والبلاستك,Jeddah,
,,Wafaa Qaed Hamdi Al-Otaibi Factory for Plastics,,hotmail.com,alnahr_katey2010@hotmail.com,0555647865,صنع منتجات المطاط والبلاستك,Jeddah,
,,Rowad National Plastic  Co. Ltd.,,rowadplastic.com,dosaryej@rowadplastic.com,0533646482,صنع منتجات المطاط والبلاستك,Hail,
,,Al-Amana Plastic Factory,,hotmail.com,amana77777@hotmail.com,0553777769,صنع منتجات المطاط والبلاستك,Hail,
,,Saudi Specialized Products Co. Factory,,wahaj.com.sa,robaian@wahaj.com.sa,0555731171,صنع منتجات المطاط والبلاستك,Hail,
,,Aja Plastics Company Factory,,ymail.com,musaad@ymail.com,0565400071,صنع منتجات المطاط والبلاستك,Hail,
,,Saleh Abdulrahman Al-Mousa Plastic Factory,,hotmail.com,asas_1407@hotmail.com,0555160888,صنع منتجات المطاط والبلاستك,Hail,
,,Chemical Materials and Chemical Products Factory,,hotmail.com,masj558@hotmail.com,0504387691,صنع منتجات المطاط والبلاستك,Hail,
,,Mariam Hammoud Al-Odaim Factory for Plastic Products,,hotmail.com,mfr.2001@hotmail.com,0564703484,صنع منتجات المطاط والبلاستك,Hail,
,,Exceed Digital Co. Factory for Plastic Products,,outlook.com,oxeed@outlook.com,0555953030,صنع منتجات المطاط والبلاستك,حفر الباطن,
,,Abdullah Abdullatif Al-Jassar Plastic Factory,,yahoo.com,aaaljassar@yahoo.com,0096550511335,صنع منتجات المطاط والبلاستك,حفر الباطن,
,,Al-Harari Pipes Factory,,hotmail.com,halshabanah@hotmail.com,0505821814,صنع منتجات المعادن المشكلة، باستثناء الالات والمعدات,سدير,
,,Emara for Plastics,,hotmail.com,amarhfactory@hotmail.com,0505217377,صنع منتجات المطاط والبلاستك,سدير,
,,Najd Equipment Co. for  Auto Spare Parts,,najdie.com,info@najdie.com,00966503294294,صنع منتجات المطاط والبلاستك,سدير,
,,Middle East Paper Bags Factory,,hotmail.com,saloooohy_99@hotmail.com,0554499330,صنع منتجات المطاط والبلاستك,سدير,
,,Baet Al-Razah Factory for Plastic Recycling,,alinma.com,mtnahas@alinma.com,0505487917,صنع منتجات المطاط والبلاستك,سدير,
,,Habbat Al-Barad Plastic Factory,,gmail.com,habatalbrad@gmail.com,0555030307,صنع منتجات المطاط والبلاستك,سدير,
,,Khalid Bin Abdullah Al-Romaih Factory for Plastic Containers,,hotmail.com,kanr2011@hotmail.com,0555413626,صنع منتجات المطاط والبلاستك,سدير,
,,Khaled Suleiman Al-Quwaifely Factory for the Production of Plastic Bags and Placemats,,gmail.com,35sun14@gmail.com,0555102211,صنع منتجات المطاط والبلاستك,سدير,
,,Raed Abdel-Rahman Al-Meshaal Factory for Manufacturing Plastic Granules Coloring,,yahoo.com,eaaa1200@yahoo.com,0541778800,صنع منتجات المطاط والبلاستك,سدير,
,,Rukn Al-Jawzaa  Plastic Factory,,hotmail.com,nrnrew2009@hotmail.com,0555223909,صنع منتجات المطاط والبلاستك,سدير,
,,Rukn Al-Rasid Plastic Factory,,gmail.com,raseed.co@gmail.com,0505577913,صنع منتجات المطاط والبلاستك,سدير,
,,Sahm Plastic Factory,,saudi.net.sa,ampco@saudi.net.sa,0505466636,صنع منتجات المطاط والبلاستك,سدير,
,,Arba Tekneyat Co. Factory for Pipes,,hotmail.com,alfaris9090@hotmail.com,0557776666,صنع منتجات المطاط والبلاستك,سدير,
,,Osool Company Factory for Plastics,,osool.sa,fahad@osool.sa,0565577774,صنع منتجات المطاط والبلاستك,سدير,
,,Abdullah Abdul Rahman Al-Helal Plastic Factory,,gmail.com,helalplas@gmail.com,0555224700,صنع منتجات المطاط والبلاستك,سدير,
,,Asaq Plastic Factory,,hotmail.com,assc.factory@hotmail.com,0505494424,صنع منتجات المطاط والبلاستك,سدير,
,,Mobtkarat Al-Banaa Factory for Plastic Panels,,cicltdsa.com,nkassabi@cicltdsa.com,0564999198,صنع منتجات المطاط والبلاستك,سدير,
,,Negilat El-Nil Industrial Factory,,hotmail.com,alnil2009@hotmail.com,0509770055,صنع منتجات المطاط والبلاستك,سدير,
,,Asas Hadid Factory for the Production of Metal Corners and Flat Bars,,hotmail.com,asasplastic@hotmail.com,0563336561,صنع منتجات المطاط والبلاستك,عسيـــر,
,,Al-Ebdaa Factory for Memorial Shield,,hotmail.com,alebdaa_2012@hotmail.com,0555745966,صنع منتجات المطاط والبلاستك,عسيـــر,
,,Al Fardan Plastic Factory,,hotmail.com,alfardan_hussain@hotmail.com,0505804895,صنع منتجات المطاط والبلاستك,عسيـــر,
,,Al-Mohanad Al-Hasem Pipes Factory,,hotmail.com,abumarzoukfathi@hotmail.com,0555741330,صنع منتجات المطاط والبلاستك,عسيـــر,
,,Saad Salem Al-Qahtani Factory for Plastic Materials,,hotmail.com,abo-shaiban002@hotmail.com,0503066002,صنع منتجات المطاط والبلاستك,عسيـــر,
,,Saad Mohamed Al-Shahrani Factory for Plastic Products,,hotmail.com,aldwulah@hotmail.com,0500500017,صنع منتجات المطاط والبلاستك,عسيـــر,
,,Ali Suleiman Al-Asiri Plastic Factory,,hotmail.com,alsulaiman-assiry@hotmail.com,0562122842,صنع منتجات المطاط والبلاستك,عسيـــر,
,,Qatarat Al-Jazeera  Factory for Polyethylene Tanks,,yahoo.com,soruhy@yahoo.com,0505761911,صنع منتجات المطاط والبلاستك,عسيـــر,
,,Qemmat Al-Izdihar Plastic Factory,,hotmail.com,jumbo-2007@hotmail.com,0504736517,صنع منتجات المطاط والبلاستك,عسيـــر,
,,Saudi Packing and Packaging Company (SAPAPCO),,hotmail.com,olaymoneer6@hotmail.com,0504549999,صنع منتجات المطاط والبلاستك,Makkah,
,,Bakr Abbas Natto Plastic Factory,,ibsolations.com.sa,osama@ibsolations.com.sa,0555502286,صنع منتجات المطاط والبلاستك,Makkah,
,,Mohamed Abdullah Al-Okda Factory for Materials Production,,jordina.org,info@jordina.org,0564446180,صنع منتجات المطاط والبلاستك,Makkah,
,,Mohamed Abdullah Reda Factory for Packaging Materials,,hotmail.com,mwreda@hotmail.com,0505681955,صنع منتجات المطاط والبلاستك,Makkah,
,,Mohamed Baqir Al-Nimr Factory for Plastic Recycling,,hotmail.com,alnemerfortrading@hotmail.com,0505844909,صنع منتجات المطاط والبلاستك,Najran,
,,Computers City Factory,,hotmail.com,pcmadinah@hotmail.com,0555232047,صنع الحواسيب والمنتجات الإلكترونية والبصرية,Medina,
,,E-Waste Processing Solutions Co. Factory,,hotmail.com,malarshei@hotmail.com,0564212538,الصناعات التحويلية الأخرى,Jeddah,
,,Al-Mutawa Printing Press Co. in favor of their respective owners Saleh Hamad Al-Mutawa & Partner,,almutawapress.com,info@almutawapress.com,0551886886,الطباعة,Dammam,
,,Najd Printing Press Commercial Company,,najdpress.net,info@najdpress.net,0597220700,الطباعة,Riyadh,
,,Arabian Co. For Roawia Printing Press,,alkhereijigroup.com,info@alkhereijigroup.com,0553546245,الطباعة,Riyadh,
,,Global Offset Printing Plates Factory,,globopp.com,info@globopp.com,0553577770,الطباعة,Riyadh,
,,Civil Offset Priniting Press Co. Ltd.,,hotmail.com,msmi2009@hotmail.com,0504449021,الطباعة,Riyadh,
,,Al Hilal Electronic Printing Co. Ltd.,,alhilalprinting.com,saaziz@alhilalprinting.com,0505256442,الطباعة,Riyadh,
,,Dar Al-Akl Co. for e-Printing,,daralaql.com,dacom@daralaql.com,0555353513,الطباعة,Riyadh,
,,Abaqer Company for Printing Forms and Posters,,abaker.com.sa,nasser@abaker.com.sa,0505472405,الطباعة,Riyadh,
,,Al-Attar & Al-Sawwas Offset Printing Presses Company,,hotmail.com,mromar256@hotmail.com,0505290840,الطباعة,Riyadh,
,,Safir Factory for Preparing & Printing Maps,,yahoo.com,safirpress2008@yahoo.com,0555447130,الطباعة,Riyadh,
,,Dar Al-Qassem Co. Factory for Paper Products,,gmail.com,y707z4455@gmail.com,0505478227,الصناعات التحويلية الأخرى,Riyadh,
,,Hala Presses Company,,sppc.com.sa,abdulaziz.alhammad@sppc.com.sa,0555468415,الطباعة,Riyadh,
,,United Nesma Company Factory for Printing & Advertising,,ndigitec.com,riyadh@ndigitec.com,0502528642,الطباعة,Riyadh,
,,Maramer Factory for Electronic Printing & Envelopes Manufacturing,,yahoo.com,alfarazdak_press@yahoo.com,0503295158,الطباعة,Riyadh,
,,Al-Khaled Offset Printing Press,,hotmail.com,elkhaled_p@hotmail.com,0504200796,الطباعة,Riyadh,
,,Al-Bayrak Factory for Printing and Packaging,,hotmail.com,gwdy2002@hotmail.com,0507539225,الطباعة,Medina,
,,Saudi Modern Packaging  Co. Ltd.,,hotmail.com,o505603715@hotmail.com,0505603715,صنع المواد الكيميائية والمنتجات الكيميائية,Jeddah,
,,Al Yanabie United for Advertising,,sps.net.sa,sriman@sps.net.sa,0505695741,الطباعة,Jeddah,
,,Salah Mustafa Al-Ras Factory Co. for Billboards Manufacturing,,caravansigns.com,salah@caravansigns.com,0560211110,الطباعة,Jeddah,
,,Al-Khalieej Factory for Videotapes and Cassettes,,gulffactory.com,yasser@gulffactory.com,0505621649,الطباعة,Jeddah,
,,"Shuaa Factory for Propaganda, Advertising and Marketing Services",,hotmail.com,almulla-factory@hotmail.com,0505601691,الطباعة,Jeddah,
,,Aalan Factory Co. For Advertising Boards,,mediasigns.net,kutifany-yahya@mediasigns.net,0504612339,الطباعة,Jeddah,
,,Modern Packaging Factory Co.,,obowat.com,harban@obowat.com,0506675312,صنع الورق ومنتجات الورق,Jeddah,
,,Al-Asar Advertising and Propaganda Factory,,hotmail.com,alasr-est@hotmail.com,0590932009,الصناعات التحويلية الأخرى,Jeddah,
,,El-Itifaq Printing Press Company for Printing Packaging Boxes,,hotmail.com,isy_2@hotmail.com,0567722299,صنع الورق ومنتجات الورق,Jeddah,
,,Al-Fanous  Digital Printing Presses Factory,,gmail.com,savip2020@gmail.com,0591000222,الطباعة,Jeddah,
,,South Eagle Company Factory for dialysis filters,,southeagle.com.sa,saied.alsurf@southeagle.com.sa,0555753666,صنع الورق ومنتجات الورق,Jeddah,
,,Maher Mansour Daftar Dar Factory for Manufacturing Advertising Materials,,groupmmd.com,maher@groupmmd.com,0567526666,الطباعة,Jeddah,
,,Al-Mohtarif Factory for Advertisement Industry,,yahoo.com,aborakan969@yahoo.com,0555256112,الطباعة,عسيـــر,
,,Al Nahari Advertising Factory,,yahoo.com,naharygroup@yahoo.com,0555465686,صنع الورق ومنتجات الورق,عسيـــر,
,,Saudi Electricity Company,,se.com.sa,sfenazi@se.com.sa,0554924862,صنع المعدات الكهربائية,Al Ahsa,
,,Riyad Bank,,riyadbank.com,adel.alsheikh@riyadbank.com,0563853311,أخرى,Al Ahsa,
,,شركة الحوطي ستانجر المحدودة مختبرات وفحص مواد المستقلة,,alhotystanger.com,mohammad.alodah@alhotystanger.com,0506265206,,Al Ahsa,
,,Al-Kifaa Cardboard Box Factory,,kifahprint.com,info@kifahprint.com,0546836979,أخرى,Al Ahsa,
,,Takween Advanced Industries,,takweenai.com,aalsaadoun@takweenai.com,0547999937,صنع منتجات المطاط والبلاستك,Al Ahsa,
,,Takween Advanced Industries,,takweenai.com,aalsaadoun@takweenai.com,0547999937,صنع منتجات المطاط والبلاستك,Al Ahsa,
,,شركة محمد وباسم ابناء ياسين محمد الغدير وشركائهم,,alghadeergroup.com,hussain@alghadeergroup.com,0504926920,,Al Ahsa,
,,Al-Sharqiya Iron Rolling Factory,,alshargiasteel.com.sa,info@alshargiasteel.com.sa,0555458674,صنع منتجات المعادن المشكلة، باستثناء الالات والمعدات,Al Ahsa,
,,Gulf Carton Factory Co.,,gulfcarton.net,meshari@gulfcarton.net,0505921999,أخرى,Al Ahsa,
,,Mubarak Hamad Al-Oda Factory for Plastic Recycling,,yahoo.com,mubarak_udah@yahoo.com,0504233400,صنع منتجات المعادن المشكلة، باستثناء الالات والمعدات,Al Ahsa,
,,"Abdul Rahman Mohamed Aqeel Group for Trading, Industry and Contracting",,alageelgroup.com,alageel@alageelgroup.com,0555916660,أخرى,Al Ahsa,
,,Fahd Chemicals Factory,,fahadkgroup.com,fahad@fahadkgroup.com,0505816140,صنع المواد الكيميائية والمنتجات الكيميائية,Al Ahsa,
,,Industrial Control Factory for Maintenance and Operation,,sealtech-sa.com,haboobma@sealtech-sa.com,0503917812,صنع منتجات المعادن المشكلة، باستثناء الالات والمعدات,Al Ahsa,
,,مصنع الجبر لمواد تشطيب البناء,,gulfcarton.net,saad@gulfcarton.net,0552113336,,Al Ahsa,
,,مصنع الجزيري لأقمشة التنظيف,,al-jaziri.net,aljaziri@al-jaziri.net,0505919026,صنع المنسوجات,Al Ahsa,
,,Al-Jawad Plastic Factory,,aljawadgroup.net,jpf.gv@aljawadgroup.net,0535592888,صنع منتجات المطاط والبلاستك,Al Ahsa,
,,Al-Jawad Factory for Printing and Paper Products,,aljawadgroup.net,jawad.pack.gm@aljawadgroup.net,0505919997,صنع الورق ومنتجات الورق,Al Ahsa,
,,مصنع الجواد للكرتون والتغليف,,algawadgroup.net,jawad.pack.gm@algawadgroup.net,0505919997,صنع الورق ومنتجات الورق,Al Ahsa,
,,Al-Shorouq Factory for Aluminium  Ceilings and Slides,,yahoo.com,rise_decoration@yahoo.com,0505841131,صنع منتجات المعادن المشكلة، باستثناء الالات والمعدات,Al Ahsa,
,,Al-Azman Factory For Soft Paper Products,,yahoo.com,latifazman@yahoo.com,0503894946,صنع الورق ومنتجات الورق,Al Ahsa,
,,Al Ghadeer Paper Products Factory (Waraq),,alghadeergroup.com,hussain@alghadeergroup.com,0505916688,صنع الورق ومنتجات الورق,Al Ahsa,
,,Al-Kifaa  Concrete Pots and Receptacles,,kice.com.sa,kice.administration@kice.com.sa,0566008685,صنع منتجات المعادن اللافلزية الأخرى,Al Ahsa,
,,Al-Kifaa Factory for Concrete Mixing Stations,,kice.com.sa,kice.administration@kice.com.sa,0566008685,صنع منتجات المعادن اللافلزية الأخرى,Al Ahsa,
,,Al Mousa  Garage Doors Factory,,yahoo.com,mohd.1961@yahoo.com,0504920914,صنع منتجات المطاط والبلاستك,Al Ahsa,
,,Al Mousa Automatic Garage Doors Accessories Factory,,gmail.com,almoosaaccess@gmail.com,0504920914,صنع منتجات المعادن المشكلة، باستثناء الالات والمعدات,Al Ahsa,
,,Anasbat Factory for Asphalt Insulators,,fahadkgroup.com.sa,salah@fahadkgroup.com.sa,0533014500,صنع منتجات المعادن اللافلزية الأخرى,Al Ahsa,
,,Petrolk Factory for Asphalt Derivatives,,gmail.com,petrolkco@gmail.com,0503888531,صنع المواد الكيميائية والمنتجات الكيميائية,Al Ahsa,
,,Hussein Abdel-Hamid Abu Ali Clothing Factory,,hotmail.com,weavingfactory@hotmail.com,0502888873,صنع المنسوجات,Al Ahsa,
,,Khalid and Nawwaf Al-Hamad Factory for Processing Industries,,alhamadco.com,kh@alhamadco.com,0505801995,صنع الورق ومنتجات الورق,Al Ahsa,
,,Al Jabr Trading Company Factory for the  Building Finishing Materials,,gulfcarton.net,saad@gulfcarton.net,0552113336,صنع المواد الكيميائية والمنتجات الكيميائية,Al Ahsa,
,,مصنع شركة كرتون الخليج,,gulfcarton.net,gcf@gulfcarton.net,0552113336,صنع الورق ومنتجات الورق,Al Ahsa,
,,Meamar Real Estate Holding Company Factory for Recycling Rubber,,yahoo.com,asast25@yahoo.com,0505404237,صنع المواد الكيميائية والمنتجات الكيميائية,Al Ahsa,
,,Meamar Real Estate Company Factory for Recycling Rubber,,ymail.com,faisal.alajmi@ymail.com,0500080040,صنع منتجات المطاط والبلاستك,Al Ahsa,
,,Abdel Rahman Mohamed Al-A'sil Factory for Chemical and Petrochemical Products,,hotmail.co.uk,usailams@hotmail.co.uk,0505933085,صنع المواد الكيميائية والمنتجات الكيميائية,Al Ahsa,
,,Abdel Mohsen Mohamed Al-Ghadeer Factory for Ceramic Glue and Insulating Materials,,hotmail.com,abdgh99@hotmail.com,0549029668,الصناعات التحويلية الأخرى,Al Ahsa,
,,Ali Saleh Al-Rashed Fibreglass Factory,,hotmail.com,r.ashed@hotmail.com,0569672481,صنع منتجات المطاط والبلاستك,Al Ahsa,
,,مصنع فاطمه محمد الخرس للقوارير البلاستيكيه,,hotmail.com,garalabas@hotmail.com,0548878950,صنع منتجات المطاط والبلاستك,Al Ahsa,
,,Mac Water Factory,,gmail.com,mac4water@gmail.com,0564248888,صنع المشروبات,Al Ahsa,
,,مصنع محمد الجلال للخدمات البترولية,,hotmail.com,alqws111@hotmail.com,0505919079,صنع منتجات المعادن اللافلزية الأخرى,Al Ahsa,
,,مصنع محمد جواد بوخمسين للمعدات الكهربائية,,mjb.com.sa,saleh@mjb.com.sa,0559999051,صنع المعدات الكهربائية,Al Ahsa,
,,مصنع نايف عبدالعزيز النعيم للخشب الصناعي,,hotmail.com,naif-sahm2010@hotmail.com,0096655500078,صنع الخشب ومنتجات الخشب والفلين، باستثناء الاثاث؛ صنع اصناف من القش ومواد الضفر,Al Ahsa,
,,مصنع وادي هجر للمنتجات الغذائية,,icc.net.sa,alshahab@icc.net.sa,0505802804,أخرى,Al Ahsa,
,,1,,naqel.com.sa,b.alsmail@naqel.com.sa,0593392269,,Al Ahsa,
,,AHSTCO General Contracting Establishment,,ahstcosa.com,shammary@ahstcosa.com,0505827690,صنع منتجات المطاط والبلاستك,Al Ahsa,
,,محمد عبدالله علي اليوسف للملابس الجاهزة,,yahoo.com,mohamed.alyoussif@yahoo.com,٠٥٥٥٩١٩٨٩٧,صنع الملبوسات,الاحساء الثانية,
,,مصنع  شركة خيال التصميم للاثاث,,gmail.com,shadowalhasa@gmail.com,0508946667,صنع الاثاث,الاحساء الثانية,
,,مصنع  محمد عوده العوده للمحولات,,wellcare.com.sa,sales@wellcare.com.sa,0555825476,صنع المعدات الكهربائية,الاحساء الثانية,
,,Ibrahim Abdul Rahman Al-Ghannam Factory for Re-refined Lubricating Oils,,hotmail.com,ibrahem_3@hotmail.com,0505476881,صنع فحم الكوك والمنتجات النفطية المكررة,الاحساء الثانية,
,,مصنع احمد عبدالله الخليفي للمنتجات الكهربائية,,gmail.com,haihai2111@gmail.com,0097455553236,الصناعات التحويلية الأخرى,الاحساء الثانية,
,,مصنع الامواج الزرقاء للصناعات المعدنية,,gmail.com,malhashim2@gmail.com,0558254907,صنع منتجات المعادن المشكلة، باستثناء الالات والمعدات,الاحساء الثانية,
,,مصنع جملا الحديث للصناعات المعدنية,,outlook.sa,jamlafactory2030@outlook.sa,0506284543,صنع منتجات المعادن المشكلة، باستثناء الالات والمعدات,الاحساء الثانية,
,,مصنع جنا لبنان للحدادة,,alsarayat.com.sa,abdulmonem@alsarayat.com.sa,0548366660,صنع منتجات المعادن المشكلة، باستثناء الالات والمعدات,الاحساء الثانية,
,,مصنع حسن محمد العباس لتعبئة وتغليف المنتجات الغذائية,,yahoo.com,hmalabbas@yahoo.com,0505862193,صناعة المنتجات الغذائية,الاحساء الثانية,
,,مصنع ريفا الجنوب للمياه,,hotmail.com,b.o.x.2010@hotmail.com,0569322484,صنع المشروبات,الاحساء الثانية,
,,Saeed Mohammed Al-Mehri Factory for Plastic Pipes,,outlook.sa,petromahra2015@outlook.sa,0555451822,صنع منتجات المطاط والبلاستك,الاحساء الثانية,
,,Afaq Al-Etihad Co. Factory for Metal Products,,hotmail.com,raedfahad2010@hotmail.com,0559310000,صنع منتجات المعادن المشكلة، باستثناء الالات والمعدات,الاحساء الثانية,
,,مصنع شركة المعايير الشرقية للأنابيب البلاستيكية,,outlook.sa,almaieralshrqiyha@outlook.sa,0505858415,صنع المواد الكيميائية والمنتجات الكيميائية,الاحساء الثانية,
,,مصنع شركة ماس اديا العربيه للصناعه,,maslamani.org,safwan@maslamani.org,0502639910,صنع منتجات المعادن المشكلة، باستثناء الالات والمعدات,الاحساء الثانية,
,,مصنع شركة ناصر عيد القحطاني للصناعات الخفيفة,,outlook.sa,naserfactory11@outlook.sa,0569404050,صنع الالات والمعدات غير المصنفة في موضع اخر,الاحساء الثانية,
,,مصنع طاقة الثلج للتعبئة والتغليف,,snowenergy-sa.com,abbasalhelal@snowenergy-sa.com,0535558122,صناعة المنتجات الغذائية,الاحساء الثانية,
,,مصنع عامر سالم المهري لإنتاج الأقمشة,,outlook.sa,bwangulf2016@outlook.sa,0537077860,صنع المنسوجات,الاحساء الثانية,
,,Abdul Aziz Nasser Al-Awaji Barrels Factory,,hotmail.com,ashri1985@hotmail.com,0557572222,صنع منتجات المعادن المشكلة، باستثناء الالات والمعدات,الاحساء الثانية,
,,Abdullah Saeed Asiri Factory for Plastic Pipes and Rolls,,outlook.com,assery2020@outlook.com,0505925454,صنع منتجات المطاط والبلاستك,الاحساء الثانية,
,,Abdullah Mohamed Al-Zahrani Textile Factory,,outlook.sa,abdulaa882014@outlook.sa,0565008888,صنع المنسوجات,الاحساء الثانية,
,,مصنع فايز عيسى القحطاني لانتاج هايبوكلورايت الصوديوم,,gmail.com,fayizqahtani@gmail.com,0558151111,صنع المواد الكيميائية والمنتجات الكيميائية,الاحساء الثانية,
,,Mohsen Hizam Al-Dossari Factory for Resistant Surfaces,,gmail.com,dossmh@gmail.com,0567404054,الصناعات التحويلية الأخرى,الاحساء الثانية,
,,Mohamad Fahd Al-Qahtani Factory for Plastic Pipes & Rolls,,gmail.com,isscoksa@gmail.com,0505810405,صنع منتجات المطاط والبلاستك,الاحساء الثانية,
,,شركة ركن الجلديات للتجارة,,appareluae.com,bilala@appareluae.com,0593853222,,الادارة العامة,
,,Adel Al Humaidan & Co. Trading Company,,gmail.com,alhumaidan.hr@gmail.com,0555919890,,Al Bahah,
,,مصنع العابر الذهبية للصناعات الطبية,,gmail.com,saeedalgamdi58@gmail.com,0505778324,صنع المنتجات الصيدلانية,Al Bahah,
,,مصنع تالينا للمنتجات الغذائية,,gmail.com,talynrrr@gmail.com,0549304444,صناعة المنتجات الغذائية,Al Bahah,
,,Saad Saeed Al-Zahrani Factory For Blocks and Interlock,,hotmail.com,k.kk0101@hotmail.com,0555758000,صنع منتجات المعادن اللافلزية الأخرى,Al Bahah,
,,مصنع صديق الأسرة للبلاستيك,,gmail.com,hayyalr@gmail.com,00966569695013,الصناعات التحويلية الأخرى,Al Bahah,
,,مصنع عبد الله صالح الغامدي للمياه والعصيرات المعبأة,,hotmail.com,abdulla.teishan@hotmail.com,0553782677,صنع المشروبات,Al Bahah,
,,مصنع علياء أحمد العيسي للأنابيب البلاستيكية,,outlook.sa,aleisapipefactory@outlook.sa,0550626210,صنع المواد الكيميائية والمنتجات الكيميائية,Al Bahah,
,,مصنع مياه العقيق لمياه الشرب,,hotmail.com,alaqeewater@hotmail.com,0540006482,صنع المشروبات,Al Bahah,
,,Nova Tech Factory Co. for Plaster Mixes,,yahoo.com,eslam_terais@yahoo.com,0505401850,صنع المواد الكيميائية والمنتجات الكيميائية,Al Kharj,
,,المصنع السعودي الالماني لمنتجات الطاقة الشمسية سولار نوفا السعودية,,sgfs.com.sa,abdulwahab.qurain@sgfs.com.sa,0567988555,صنع المعدات الكهربائية,Al Kharj,
,,المصنع المرشد الذهبي للصناعة,,gmail.com,s.almorshid@gmail.com,0505498900,صناعة المنتجات الغذائية,Al Kharj,
,,ذمم السعودية التجارية,,yahoo.com,mrmekawy3000@yahoo.com,0545550002,صناعة المنتجات الغذائية,Al Kharj,
,,ذمم السعودية للأغذية,,yahoo.com,mrmekawy3000@yahoo.com,0540610500,صناعة المنتجات الغذائية,Al Kharj,
,,شــركة توكيــلات الجـــزيره للســــيارات,,aljazirahford.com,arashid@aljazirahford.com,0569417673,,Al Kharj,
,,Astra Mining Co. Ltd.,,aig.sa,saad.wuqayan@aig.sa,0541833318,الصناعات التحويلية الأخرى,Al Kharj,
,,شركة الاتصالات المتنقلة السعودية,,ftcgroup.net,mahmoud.yousef@ftcgroup.net,00966599990214,أخرى,Al Kharj,
,,شركة بيسان الصناعية,,gmail.com,albarjas2@gmail.com,0505495499,صنع المواد الكيميائية والمنتجات الكيميائية,Al Kharj,
,,شركة خدمة للوقود المحدودة,,navisaudi.com,a.fajr@navisaudi.com,0536887736,,Al Kharj,
,,Zaki Al-Khaleej Cosmetics Company,,outlook.com,zakikhaleej@outlook.com,0555469453,الصناعات التحويلية الأخرى,Al Kharj,
,,شركة صيحان المتحدة للتوزيع الوطني محليا وعالميا وللاستشارات التجارية,,sulinda.com.ua,gm@sulinda.com.ua,0555316634,صناعة المنتجات الغذائية,Al Kharj,
,,شركة غدير الرياض,,gmail.com,ghadiralriyadh@gmail.com,0506275794,الصناعات التحويلية الأخرى,Al Kharj,
,,شركة فداك العالمية للمقاولات,,gmail.com,acc.ahmed.elwakeel22@gmail.com,0555344784,,Al Kharj,
,,شركة مشاريع الدفاع التجارية,,gmail.com,rtalanazi@gmail.com,0559299797,صنع الملبوسات,Al Kharj,
,,شركة مصنع المنيوم غرناطة,,andalusgroup.net,hr@andalusgroup.net,0563093736,صنع منتجات المعادن المشكلة، باستثناء الالات والمعدات,Al Kharj,
,,شركة مصنع بنزرت,,banzart.net,mohammed@banzart.net,0566634755,صنع الاثاث,Al Kharj,
,,Thadaq Factory Co. for Water Bottling,,mariat.sa,thadaq@mariat.sa,0505553913,صناعة المنتجات الغذائية,Al Kharj,
,,Ghataa Plastic Factory,,hotmail.com,mohammed.arini@hotmail.com,0540397738,صنع منتجات المطاط والبلاستك,Al Kharj,
,,Desert Air Filters Factory Co.,,daff.com.sa,info@daff.com.sa,0504413674,الصناعات التحويلية الأخرى,Al Kharj,
,,شركة مصنع مصب البلاستيك,,masabplastic.com,anfadel@masabplastic.com,0507689153,صنع منتجات المطاط والبلاستك,Al Kharj,
,,مصنع   البندري مرداس الدوسري  للغازات,,gmail.com,worldfeeling58@gmail.com,0533332134,الصناعات التحويلية الأخرى,Al Kharj,
,,مصنع  الافق الاخضر للمنتجات المعدنية,,gmail.com,khader1918@gmail.com,00966506628866,صنع منتجات المعادن المشكلة، باستثناء الالات والمعدات,Al Kharj,
,,مصنع  جمعية حفظ النعمة للأعلاف الغذائية,,hotmail.com,namah36@hotmail.com,0505458643,صناعة المنتجات الغذائية,Al Kharj,
,,Modern Fouah  Factory for Air Ducts,,hotmail.com,ahmedalsharkawy77@hotmail.com,0552488539,صنع منتجات المعادن المشكلة، باستثناء الالات والمعدات,Al Kharj,
,,مصنع  مساعد محمد الراجح للأعلاف الحيوانيه,,alrajeh.com.sa,info@alrajeh.com.sa,0505464575,صناعة المنتجات الغذائية,Al Kharj,
,,Ibrahim Said Saleh Alari Factory for Color Powders,,alinco.com.sa,f.hannoun@alinco.com.sa,0503105270,الصناعات التحويلية الأخرى,Al Kharj,
,,Ibrahim Saleh Banaeem Factory for Metal Forgings,,hotmail.com,ibbanaeem@hotmail.com,0505420750,صنع منتجات المعادن المشكلة، باستثناء الالات والمعدات,Al Kharj,
,,Saudi Ard Factory for Cement Products,,saudiland.info,admin@saudiland.info,0532033320,صنع منتجات المعادن اللافلزية الأخرى,Al Kharj,
,,مصنع أساليب الكهرباء للصناعة,,hotmail.com,ysffx@hotmail.com,0501736192,صنع المعدات الكهربائية,Al Kharj,
,,مصنع افاق الاساسات للعوازل الاسفلتية والزيوت المعاد تكريرها,,gmail.com,fahd0597788700@gmail.com,0553200101,صنع فحم الكوك والمنتجات النفطية المكررة,Al Kharj,
,,مصنع افاق المعادن,,gmail.com,alakhwas3@gmail.com,0505295789,صنع منتجات المعادن المشكلة، باستثناء الالات والمعدات,Al Kharj,
,,مصنع الاصيل الاول للفحم الصناعي و المشعلات,,alaseelprovision.com,naser@alaseelprovision.com,0550888309,صنع فحم الكوك والمنتجات النفطية المكررة,Al Kharj,
,,Talal Nkaz Al-Shemari Factory for Clothing and Medical Supplies,,hotmail.com,talalalshammary@hotmail.com,0506370262,,Al Kharj,
,,Al-Emaar Chemicals Factory,,gmail.com,drmahmoud4@gmail.com,0503634753,صنع المواد الكيميائية والمنتجات الكيميائية,Al Kharj,
,,Al-Benaa & Al-Amar Wooden Furniture Factory,,hotmail.com,albena_alamar@hotmail.com,0542128374,صنع الاثاث,Al Kharj,
,,Al-Banna  Al-Watania Factory for the Production of Rubber Granules,,hotmail.com,bigboss_9009@hotmail.com,0552444513,صنع منتجات المطاط والبلاستك,Al Kharj,
,,مصنع التحكم المغناطيسي للمحولات الكهربائيه,,fat-sa.com,falah@fat-sa.com,0505840295,صنع المعدات الكهربائية,Al Kharj,
,,مصنع التغليف الحديث  للصناعات الغذائية,,gmail.com,mw5995666@gmail.com,0505995666,صناعة المنتجات الغذائية,Al Kharj,
,,Al-Jubail Factory for Wooden Platforms,,actgroup.com.sa,bandar@actgroup.com.sa,0506133191,صنع الخشب ومنتجات الخشب والفلين، باستثناء الاثاث؛ صنع اصناف من القش ومواد الضفر,Al Kharj,
,,مصنع الجبيل للمنصات الخشبية,,actgroup.com.sa,bandar@actgroup.com.sa,0506133191,,Al Kharj,
,,Al-Jadawell Factory for the Manufacture of Agricultural Pumps and their Spare Parts,,hotmail.com,fahad_aljadawel@hotmail.com,0505409817,صنع الالات والمعدات غير المصنفة في موضع اخر,Al Kharj,
,,مصنع الجعيثن للصناعات الهندسية,,alalf.com,badr@alalf.com,0555557872,صنع منتجات المعادن المشكلة، باستثناء الالات والمعدات,Al Kharj,
,,مصنع الجمعية التعاونية متعددة الاغراض للملابس الجاهزة,,gmail.com,mr.mahmoud2080@gmail.com,0554201971,صنع الملبوسات,Al Kharj,
,,Al-Kharaj National Factory for the Coal Production,,hotmail.com,mazroa1000@hotmail.com,0555441181,صنع فحم الكوك والمنتجات النفطية المكررة,Al Kharj,
,,مصنع الخط الخاص للبلوك والبلاط,,hotmail.com,alkatulkaas@hotmail.com,0508888888,الصناعات التحويلية الأخرى,Al Kharj,
,,Line Private Factory for Blocks and Marble,,hotmail.com,alkatulkaas@hotmail.com,0508888888,الصناعات التحويلية الأخرى,Al Kharj,
,,مصنع الخيمه للأعواد الخشبية,,hotmail.com,kmc1410h@hotmail.com,0504196019,صنع الخشب ومنتجات الخشب والفلين، باستثناء الاثاث؛ صنع اصناف من القش ومواد الضفر,Al Kharj,
,,مصنع الفيء لإعادة تدوير منتجات الالبان,,alfaye.com,yazeed.akareem@alfaye.com,0506669176,الصناعات التحويلية الأخرى,Al Kharj,
,,مصنع الكامل العربي لصناعات الحديدية,,perfectarabia.com,rahman@perfectarabia.com,0555665775,صنع منتجات المعادن المشكلة، باستثناء الالات والمعدات,Al Kharj,
,,مصنع الورق الابيض للصناعه,,yahoo.com,eslam_terais@yahoo.com,0553693777,صنع الورق ومنتجات الورق,Al Kharj,
,,Al-Manar Pipes Factory,,almoneefgroup.com,abdullah@almoneefgroup.com,0540300999,صنع منتجات المطاط والبلاستك,Al Kharj,
,,مصنع بدر بن عبدالمحسن بن سليمان للأجبان,,gmail.com,binsulaiman.est@gmail.com,0503344808,صناعة المنتجات الغذائية,Al Kharj,
,,مصنع بلورات الكريستال للثلج,,gmail.com,hrh600@gmail.com,0547000850,صناعة المنتجات الغذائية,Al Kharj,
,,مصنع بنانا للصناعات الخشبية,,bnana.biz,bnana@bnana.biz,0507819746,صنع الخشب ومنتجات الخشب والفلين، باستثناء الاثاث؛ صنع اصناف من القش ومواد الضفر,Al Kharj,
,,مصنع بهجة الشرق للبلاستيك,,hotmail.com,alsharg11@hotmail.com,0532424343,صنع منتجات المطاط والبلاستك,Al Kharj,
,,مصنع تيما سلكا للصناعة,,sfac.com.sa,ceo@sfac.com.sa,0505416384,الصناعات التحويلية الأخرى,Al Kharj,
,,مصنع جمان النخيل للتمور والحلويات,,gmail.com,yousef.alkhaouti@gmail.com,0555201753,صناعة المنتجات الغذائية,Al Kharj,
,,مصنع حديد الإنماء,,alinmasteel.com,osama@alinmasteel.com,0500447788,صنع الفلزات القاعدية,Al Kharj,
,,مصنع حصاد العربية للصناعات الغذائية,,gmail.com,malhnaif@gmail.com,0544616261,صناعة المنتجات الغذائية,Al Kharj,
,,مصنع حمد مانع ال دويس لصناعة مجاري الهواء,,hotmail.com,hamadfactory@hotmail.com,0506794791,الصناعات التحويلية الأخرى,Al Kharj,
,,مصنع دالا للمياه,,dala.com.sa,aaf@dala.com.sa,0593022226,صنع المشروبات,Al Kharj,
,,Dania Al-Qetaf Factory for Packing and Packaging Materials,,gmail.com,vvip6996@gmail.com,0556040908,صنع منتجات المطاط والبلاستك,Al Kharj,
,,Dalyaa Thermal Insulation Factory,,gmail.com,gzeyad@gmail.com,0503281125,صنع الخشب ومنتجات الخشب والفلين، باستثناء الاثاث؛ صنع اصناف من القش ومواد الضفر,Al Kharj,
,,مصنع رانية محمود الابي لزيت الزيتون,,ruknalhail.com,faheem@ruknalhail.com,0500667744,صناعة المنتجات الغذائية,Al Kharj,
,,مصنع رقائق البطاطس للأغذية,,hotmail.com,sed4trade@hotmail.com,0544879929,,Al Kharj,
,,Qassim  Corner Factory for Biscuits & Sweets,,hotmail.com,hamtto999@hotmail.com,0504200833,صناعة المنتجات الغذائية,Al Kharj,
,,مصنع سعود عبدالعزيز النومان للبلاستيك,,gmail.com,norapfn@gmail.com,0559990202,صنع منتجات المطاط والبلاستك,Al Kharj,
,,Sana Medical Factory,,yahoo.com,sana_pharma_est@yahoo.com,0501197285,صنع المنتجات الصيدلانية,Al Kharj,
,,مصنع سنابل الاغذية للصناعات,,yahoo.com,benyans1@yahoo.com,0554473736,صناعة المنتجات الغذائية,Al Kharj,
,,مصنع سولار العربية الحديثة للطاقه,,sasicholding.com,naif@sasicholding.com,0546664111,صنع المعدات الكهربائية,Al Kharj,
,,مصنع شركة أبان الحديثة للكرتون,,gmail.com,abanpress5@gmail.com,0544717174,صنع الورق ومنتجات الورق,Al Kharj,
,,Al-Andalus Co. Factory for Paper Transfer,,yahoo.com,a920022221@yahoo.com,0507922221,صنع الورق ومنتجات الورق,Al Kharj,
,,مصنع شركة الغازات الصناعية السعودية,,linde.com,turki.albaqumi@linde.com,0559997951,صنع المواد الكيميائية والمنتجات الكيميائية,Al Kharj,
,,Joint Venture Company Factory for Metal Industries,,yahoo.com,upc5050@yahoo.com,0534188222,صنع منتجات المعادن المشكلة، باستثناء الالات والمعدات,Al Kharj,
,,OCTAL Saudi Co. Factory for Plastics,,whitecase.com,malobaidallah@whitecase.com,966503242423,صنع منتجات المطاط والبلاستك,Al Kharj,
,,مصنع شركة جلادة العطاء للصناعة للقاحات الحيوانية,,yahoo.com,jaladahveterinary@yahoo.com,0500707746,صنع المنتجات الصيدلانية,Al Kharj,
,,Nakhlet El-Ataa Company Factory for Mineral products,,nakhletalataa.com,m.abuelkher@nakhletalataa.com,0535353533,صنع منتجات المعادن المشكلة، باستثناء الالات والمعدات,Al Kharj,
,,مصنع صح للدهانات,,hotmail.com,alkatulkaas@hotmail.com,0508888888,الصناعات التحويلية الأخرى,Al Kharj,
,,Dfat Al-Karat  Water Factory,,yahoo.com,sleem5588@yahoo.com,0555663316,صناعة المنتجات الغذائية,Al Kharj,
,,مصنع طلاع نايف الظفيري لمنتجات  الادوية  البيطيرية,,hotnail.com,talaa77@hotnail.com,0537561110,صنع المنتجات الصيدلانية,Al Kharj,
,,Abdullah Nasser El-Khereiji Sweets Factory,,hotmail.com,khriji@hotmail.com,0569240003,صناعة المنتجات الغذائية,Al Kharj,
,,Abdulaziz Mohamed Al-Habib Factory for Fiberglass and Acrylic,,gmail.com,fmh441@gmail.com,0555482789,صنع منتجات المعادن اللافلزية الأخرى,Al Kharj,
,,Abdullah Zaid Al-Askar Wipes Factory,,gmail.com,a.alaskar2016@gmail.com,0555100334,الصناعات التحويلية الأخرى,Al Kharj,
,,Arab Plastic Factory,,dala.com.sa,a.a.f@dala.com.sa,00966503244872,صنع منتجات المطاط والبلاستك,Al Kharj,
,,مصنع عقد الجوده للمنتجات البلاستيكيه والورقيه,,hotmail.com,mishal-aa-2010@hotmail.com,0554444061,صنع منتجات المطاط والبلاستك,Al Kharj,
,,مصنع عيسى بن صالح الصقر للفلين,,hotmail.com,pagneed20015@hotmail.com,0506465632,صنع الخشب ومنتجات الخشب والفلين، باستثناء الاثاث؛ صنع اصناف من القش ومواد الضفر,Al Kharj,
,,مصنع فال التنمية للبلوك والخرسانة الجاهزة,,hotmail.com,faal-co@hotmail.com,0504228400,صنع منتجات المعادن اللافلزية الأخرى,Al Kharj,
,,مصنع كرتوني للورق,,hotmail.com,alkatulkaas@hotmail.com,0508888888,صنع الورق ومنتجات الورق,Al Kharj,
,,مصنع كرستال الدلم المميز,,hotmail.com,maa555@hotmail.com,0504580080,الصناعات التحويلية الأخرى,Al Kharj,
,,مصنع محمد عبدالعزيز العتيبي للتمور,,windowslive.com,ab151@windowslive.com,0505459735,صناعة المنتجات الغذائية,Al Kharj,
,,مصنع محمد ناصر الفريدي للصناعات البلاستيكية,,yahoo.com,al_furidi@yahoo.com,0501111406,الصناعات التحويلية الأخرى,Al Kharj,
,,"Masaal Al-Beaya Factory for Sterilizers, Cosmetics, Medicines & Additives",,gmail.com,asyaad2009@gmail.com,0557155152,صنع المنتجات الصيدلانية,Al Kharj,
,,مصنع مشكاة الاتقان للصناعات المعدنية,,gmail.com,kbagazi@gmail.com,0554565610,صنع الالات والمعدات غير المصنفة في موضع اخر,Al Kharj,
,,Al-Madar Modern Factory for Metal Coating and Decoration,,hotmail.com,neworbitfactory@hotmail.com,00966502554466,صنع الفلزات القاعدية,Al Kharj,
,,مصنع موكب الخاص للاعمدة والجلفنه,,hotmail.com,alkatulkaas@hotmail.com,0508888888,صنع منتجات المعادن المشكلة، باستثناء الالات والمعدات,Al Kharj,
,,مصنع مياة الخرج,,hotmail.com,alkatulkaas@hotmail.com,0508888888,صنع المشروبات,Al Kharj,
,,مصنع نور الفنون لمجاري تكييف الهواء,,yahoo.com,nouralfenoun28@yahoo.com,0503431261,صنع منتجات المعادن المشكلة، باستثناء الالات والمعدات,Al Kharj,
,,مصنع هالة الإبتكار للالمنيوم,,gmail.com,aaljaedi@gmail.com,0504850319,صنع منتجات المعادن المشكلة، باستثناء الالات والمعدات,Al Kharj,
,,مصنع هاني دحام العنزي للأخشاب,,yahoo.com,hany.elanzi@yahoo.com,0557145550,صنع الخشب ومنتجات الخشب والفلين، باستثناء الاثاث؛ صنع اصناف من القش ومواد الضفر,Al Kharj,
,,مصنع هيل وزعفران للحلويات,,gmail.com,bahar3630@gmail.com,0550392252,صناعة المنتجات الغذائية,Al Kharj,
,,مصنع يوسف سليمان البواردي للطاقة الشمسية,,outlook.sa,youseffactory2017@outlook.sa,0545149119,صنع المعدات الكهربائية,Al Kharj,
,,مؤسسة زاد اليمامه للتجارة,,hotmail.com,almdgot@hotmail.com,00966555558718,,Al Kharj,
,,مؤسسة غالي عبدالله السبيعي للمواد الغذائية,,hotmail.com,thamer.7@hotmail.com,00966540309050,,Al Kharj,
,,مؤسسة كيان الخير التجاريه,,kaiian.com,khaled.aljeathen@kaiian.com,0555106726,صنع منتجات المطاط والبلاستك,Al Kharj,
,,National Commercial Bank,,alahli.com,014122@alahli.com,0542053368,أخرى,Dammam,
,,Saudi Hollandi Bank (SHB),,alawwalbank.com,aalmoemen@alawwalbank.com,0550001812,أخرى,Dammam,
,,Saudi British Bank - SABB,,sabb.com,khalilkalhumaid@sabb.com,0553779973,أخرى,Dammam,
,,Arab National Bank (ANB),,and.com.sa,moatazalmulla@and.com.sa,0544440030,أخرى,Dammam,
,,Saudi Road Coating Co.,,romac-nrs.com.sa,romac@romac-nrs.com.sa,0505461609,أخرى,Dammam,
,,Saudi Wire Pipes Coating Co.,,s3c.com.sa,sales@s3c.com.sa,0554550724,صنع منتجات المعادن المشكلة، باستثناء الالات والمعدات,Dammam,
,,Saudi Specialized Laboratories Company - Motabaqah,,motabaqah.com,aalqarni@motabaqah.com,0507370471,أخرى,Dammam,
,,الشركة السعوديه لخدمات السيارات والمعدات ( ساسكو ),,sasco.com.sa,hassann@sasco.com.sa,0504912262,,Dammam,
,,Al-Sharqiya Carton Manufacturing Factory - Esernbak,,easternpak.com,samer.antonios@easternpak.com,0567257437,صنع منتجات المطاط والبلاستك,Dammam,
,,Arabian Paper Products Company (APPCO),,oshco.com,ks.yakub@oshco.com,0504995501,صنع الورق ومنتجات الورق,Dammam,
,,Arabian Sealants Co. Ltd.,,arabianseals.com,halsheikh@arabianseals.com,0505864160,صنع الالات والمعدات غير المصنفة في موضع اخر,Dammam,
,,National Road Studs Factory,,hotmail.com,vip.cx9@hotmail.com,0553843393,صنع منتجات المعادن المشكلة، باستثناء الالات والمعدات,Dammam,
,,House of Engineering and Technical Services,,etscononcultants.com,aga@etscononcultants.com,0555805888,صنع منتجات المعادن المشكلة، باستثناء الالات والمعدات,Dammam,
,,Etihad Atheeb Telecom Company,,go.com.sa,f.almurshed@go.com.sa,0555207092,أخرى,Dammam,
,,شركة ارمسال الزامل الشرق الاوسط المحدودة,,zamilindustrial.com,ramzi@zamilindustrial.com,0555932328,صنع منتجات المعادن المشكلة، باستثناء الالات والمعدات,Dammam,
,,Al-Tayyar Commercial Center,,hotmail.com,al-tayar@hotmail.com,0568102000,أخرى,Dammam,
,,شركة المقصد الفندقية,,rezidorparkinn.com,saad.alsaleh@rezidorparkinn.com,0555997717,,Dammam,
,,"Saudi Arabia Nets Industry Co., Ltd.",,saudichainlinkfence.com.sa,info@saudichainlinkfence.com.sa,0505829550,صنع منتجات المعادن المشكلة، باستثناء الالات والمعدات,Dammam,
,,RPM Saudi Arabia Company,,stoncor-me.com,info.rpmksa@stoncor-me.com,0559655224,صنع المواد الكيميائية والمنتجات الكيميائية,Dammam,
,,Continental Can Corporation Saudi Arabia,,eur.crowncork.com,riyadh.alrojaib@eur.crowncork.com,0565587177,صنع منتجات المعادن المشكلة، باستثناء الالات والمعدات,Dammam,
,,Electrical Control Systems Factory Co.,,hawaepbf.com,oday@hawaepbf.com,0503820213,صنع المعدات الكهربائية,Dammam,
,,Colgate-Palmolive Arabia Factory Co.,,olayangroup.com,mh.alkadi@olayangroup.com,0505873040,أخرى,Dammam,
,,فرع شركة أولدرلي,,alderley.com,ashgar@alderley.com,0509428274,صنع الالات والمعدات غير المصنفة في موضع اخر,Dammam,
,,Baghlaf Al Zafer Factory for Processing Steel & Metals,,bazsteel.com,tarigmohd@bazsteel.com,0558440144,الصناعات التحويلية الأخرى,Dammam,
,,فرع شركة دربي الدولية للقهوه المحدودة,,derbycoffee.com,mhassan@derbycoffee.com,0593337077,,Dammam,
,,Farabi Dispensary,,faraby.net,ali.saffar@faraby.net,0504988273,,Dammam,
,,Salman Mohamed Hassan Al-Jashi,,salmangroup.com,hussain.alnasser@salmangroup.com,0553780822,أخرى,Dammam,
,,مصرف الإنماء,,alinma.com,aaghamdi@alinma.com,0563996689,,Dammam,
,,مصنع  شركة خدمات الإصلاح الميكانيكي المتخصصة,,zamilts.com,omar.bowshal@zamilts.com,0561173322,الصناعات التحويلية الأخرى,Dammam,
,,Al-Eatimad Al-Saudi Aluminium Factory,,yahoo.ca,haythm21@yahoo.ca,0502684944,صنع منتجات المعادن المشكلة، باستثناء الالات والمعدات,Dammam,
,,Al-Thabit Door Factory,,althabitdoors.com.sa,althabit@althabitdoors.com.sa,0541777111,صنع الالات والمعدات غير المصنفة في موضع اخر,Dammam,
,,Al-Joaib Plastic and Packing Factory,,joaib.com,khalifas@joaib.com,0535225511,صنع منتجات المطاط والبلاستك,Dammam,
,,مصنع الشركة السعودية لطلاء انابيب الاسلاك الكهربائية,,s3c.com.sa,bandar.al-hayeti@s3c.com.sa,0541520693,صنع المواد الكيميائية والمنتجات الكيميائية,Dammam,
,,Al-Shamrani Metal Industries Factory,,hotmail.com,bamosa2001@hotmail.com,0535521792,صنع منتجات المعادن المشكلة، باستثناء الالات والمعدات,Dammam,
,,Al Otaibi factory for the production of Exhaust,,osfco.com,osco@osfco.com,0505848905,صنع منتجات المعادن المشكلة، باستثناء الالات والمعدات,Dammam,
,,Al Faisal Fish Factory,,gmail.com,alfaisalfisheriescompany@gmail.com,0504633784,صناعة المنتجات الغذائية,Dammam,
,,Al-Hadiyan Factory for Plastic Products,,hadiyan.com,info@hadiyan.com,0555814974,صنع منتجات المطاط والبلاستك,Dammam,
,,Saber Factory for Aluminium and Patterned Glass,,hotmail.com,saber_grp@hotmail.com,0506027432,صنع منتجات المعادن اللافلزية الأخرى,Dammam,
,,مصنع شركة الشرق الاوسط الهندسية المحدودة,,al-tamimi.com,ashuaibi@al-tamimi.com,0565557788,,Dammam,
,,Hawa Factory for Electrical Distribution Boards,,hawaepbf.com,info@hawaepbf.com,0551172486,صنع المعدات الكهربائية,Dammam,
,,مصنع شركة علي عبدالله التميمي لصناعة فلاتر الهواء,,tco.com.sa,aalwazzan@tco.com.sa,0507040044,,Dammam,
,,Al-Sharqiya Morris Factory for Cranes,,zamilts.com,omar.bowshal@zamilts.com,0561173322,صنع الالات والمعدات غير المصنفة في موضع اخر,Dammam,
,,Technical Sealants Company Limited,,technicalseal.com.sa,s.alhadrami@technicalseal.com.sa,0535137513,صنع منتجات المطاط والبلاستك,Dammam,
,,Saber Factory for Aluminium and Patterned Glass,,hotmail.com,saber_grp@hotmail.com,0506027432,صنع منتجات المعادن اللافلزية الأخرى,Dammam,
,,Tara Toothbrush Factory,,hotmail.com,adamzayani@hotmail.com,0550931951,صنع منتجات المطاط والبلاستك,Dammam,
,,مصنع فرع شركة مجموعة البنوي لصناعة التغليف المحدودة,,tigind.com,szahrani@tigind.com,0563506250,,Dammam,
,,Negm El-Zamil Factory for Foods,,yahoo.com,najimzamil@yahoo.com,0505828532,صناعة المنتجات الغذائية,Dammam,
,,Zamil Higher Institute for Industrial Training,,zamilindustrial.com,mohamed@zamilindustrial.com,0557200795,صنع منتجات المعادن المشكلة، باستثناء الالات والمعدات,Dammam,
,,Ragaa Abdullah Mussallam Al-Herz,,salmangroup.com,hussain.alnasser@salmangroup.com,0503822962,أخرى,Dammam,
,,Remal Al-Samal Est. for Projects,,gmail.com,abusarah2000@gmail.com,0505822000,صنع منتجات المعادن المشكلة، باستثناء الالات والمعدات,Dammam,
,,castolin eutectic saudi company,,moushegah.com,moushegah@moushegah.com,0505809474,,Dammam,
,,Saudi Formica Sheets Company,,rakco.com.sa,hr@rakco.com.sa,0505800544,صنع الورق ومنتجات الورق,Dammam,
,,Saudi Co. for Foam Plates Industries,,saudipack.com.sa,spak@saudipack.com.sa,0564141477,صنع منتجات المطاط والبلاستك,Dammam,
,,National Company for Sulphur Products,,rawabi.com.sa,idaili@rawabi.com.sa,0505259898,صنع المواد الكيميائية والمنتجات الكيميائية,Dammam,
,,Global Pharmaceutical Laboratory,,gmail.com,kalrefaey@gmail.com,0505815166,صنع المنتجات الصيدلانية,Dammam,
,,Saudi International Industrial Petrochemical Factory for Chemicals,,yahoo.com,satic-mail@yahoo.com,0504800882,صنع المواد الكيميائية والمنتجات الكيميائية,Dammam,
,,المصنع العصري للمنتجات الغذائية,,yahoo.com,ali-alshowiki@yahoo.com,0597802244,صناعة المنتجات الغذائية,Dammam,
,,المصنع الوطني لفتحات وفلاتر التكييف المركزي,,refhouse.com,akh@refhouse.com,0505217750,صنع منتجات المعادن المشكلة، باستثناء الالات والمعدات,Dammam,
,,سعد علي العيسى للصمامات الصناعية,,saadalessa.com,m.ellaz@saadalessa.com,0597474404,صنع الالات والمعدات غير المصنفة في موضع اخر,Dammam,
,,شركـة ركـن القصــيم للتجارة والمقاولات,,hotmail.com,hamtto999@hotmail.com,0504200833,صناعة المنتجات الغذائية,Dammam,
,,شركة  خدمات تقنية حماية البيئة للتجارة والمقاولات,,hotmail.com,abuyasser01@hotmail.com,0505865513,صنع المواد الكيميائية والمنتجات الكيميائية,Dammam,
,,شركة اجواء سنام المحدودة,,hotmail.com,sanam.u@hotmail.com,0530943939,صنع منتجات المعادن اللافلزية الأخرى,Dammam,
,,شركة أسامة أحمد زيني للمقاولات,,ozest.com,mikdad.mohilladean@ozest.com,0504813697,,Dammam,
,,شركة أضواء الفريد للصناعة,,gmail.com,ehabalaama@gmail.com,0505866352,الصناعات التحويلية الأخرى,Dammam,
,,شركة الاعمدة الاوروبية السعودية المحدودة,,europoles.com,saad.serghini@europoles.com,00966537933839,صنع منتجات المعادن اللافلزية الأخرى,Dammam,
,,Al-Baroun Al-Arab Co. for Industrial Works,,hotmail.com,eng.aha89@hotmail.com,0505803810,صنع منتجات المعادن المشكلة، باستثناء الالات والمعدات,Dammam,
,,شركة الحفر والانتاج لكيميائيات البترول,,al-jazeerapaints.com,asulaiman@al-jazeerapaints.com,0555100939,صنع المواد الكيميائية والمنتجات الكيميائية,Dammam,
,,Electronic and Electrical Industries Corporation,,arabianqudra.com,a.albedaie@arabianqudra.com,0507704720,صنع المعدات الكهربائية,Dammam,
,,شركة الغيث للتورديات وخدمات حقول النفط المحدودة,,alghaith.co.ae,pro@alghaith.co.ae,0503986662,,Dammam,
,,شركة اينرأويل أوفشور دريلينج السعودية,,eneroiloffshore.com,saudi@eneroiloffshore.com,0591194548,صنع الالات والمعدات غير المصنفة في موضع اخر,Dammam,
,,شركة بي آند آر الخليج,,kfbgroup.com.sa,abdullah.alkhenaifer@kfbgroup.com.sa,0505424951,صنع المعدات الكهربائية,Dammam,
,,شركة تقنية الكسوة الصناعية,,cladtek.com,najeeb.alali@cladtek.com,0507978795,صنع الالات والمعدات غير المصنفة في موضع اخر,Dammam,
,,Toray Membrane Middle East Factory,,toray-tmme.com,mohammed.quwaie@toray-tmme.com,0506814420,صنع الالات والمعدات غير المصنفة في موضع اخر,Dammam,
,,Saudi 3M Co. Factory for Technology and Industry,,mmm.com,saalziyady@mmm.com,0503564122,الصناعات التحويلية الأخرى,Dammam,
,,"Joda Medical Sciences  Co., Ltd.",,qms.com.sa,m.ayesh@qms.com.sa,0541113618,صنع المواد الكيميائية والمنتجات الكيميائية,Dammam,
,,GFC Arab Co. Ltd.,,gmail.com,aobad.ge@gmail.com,0569888833,صنع الالات والمعدات غير المصنفة في موضع اخر,Dammam,
,,Services & Piping Techniques  Company,,pipetechs.com,alrashid@pipetechs.com,0509000794,صنع الحواسيب والمنتجات الإلكترونية والبصرية,Dammam,
,,شركة روابي للنفط والغاز,,rawabiholding.com,jafar.alyousef@rawabiholding.com,0500027049,,Dammam,
,,شركة روابي يونايتد سيفتي سرفيسز المحدودة,,rawabiholding.com,jafar.alyousef@rawabiholding.com,0500027049,,Dammam,
,,شركة سند الاكياس التجارية,,arsh.sa,as@arsh.sa,0555889889,صنع المنسوجات,Dammam,
,,شركة صانع العصيرات التجارية,,signaturejf.com,ahmed.khamees@signaturejf.com,0549933147,صنع المشروبات,Dammam,
,,شركة عبدالله ابراهيم محمد السبيعي - أيمز القابضة,,gmail.com,mshallali@gmail.com,0505848535,,Dammam,
,,شركة فهد عبدالعزيز الخالدي وشريكة,,fkgcco.com,admin@fkgcco.com,00966555815399,صنع الالات والمعدات غير المصنفة في موضع اخر,Dammam,
,,"Qirtas Gulf Paper Industry Co., Ltd.",,alojaimi.com,badran.albadran@alojaimi.com,0566662604,صنع الورق ومنتجات الورق,Dammam,
,,شركة كسب العالمية لخدمات الطاقة,,kasabint.com,info@kasabint.com,0505881452,صنع الملبوسات,Dammam,
,,Medad Chemicals Company Limited,,midadholdings.com,sleemur@midadholdings.com,0503888406,صنع المواد الكيميائية والمنتجات الكيميائية,Dammam,
,,Mozhela Factories for Detergents Inc.,,hotmail.com,abo_rakan2020@hotmail.com,0503086666,صنع المواد الكيميائية والمنتجات الكيميائية,Dammam,
,,Adaa Al-Maden Factory Company for Chemicals,,gmail.com,binhamim2@gmail.com,0558882928,صنع المواد الكيميائية والمنتجات الكيميائية,Dammam,
,,شركة مصنع الاتحاد للمكثفات,,unioncoil.com.sa,info@unioncoil.com.sa,0505814762,صنع الالات والمعدات غير المصنفة في موضع اخر,Dammam,
,,شركة مصنع الانابيب المدعمة السعودي للصناعة (شركة شخص واحد),,apc-saudi.com,m.alakkad@apc-saudi.com,0505312923,صنع منتجات المطاط والبلاستك,Dammam,
,,شركة مصنع الثريا أضاءة المستقبل للصناعة,,hotmail.com,talatkayen@hotmail.com,0505813200,صنع المعدات الكهربائية,Dammam,
,,Sema Industrial Co. Factory for Polystyrene,,alrashed.com,ahmed.abusaleh@alrashed.com,0500009333,صنع منتجات المطاط والبلاستك,Dammam,
,,Aman Al-Sharqiya Factory Co. Ltd.,,escofactory.com,mohsmed.adel@escofactory.com,0550560775,صنع الالات والمعدات غير المصنفة في موضع اخر,Dammam,
,,Al-Shabak Al-Madani Filters Factory,,dynamicoiltools.com,jarallah.alyami@dynamicoiltools.com,0565859320,صنع منتجات المعادن المشكلة، باستثناء الالات والمعدات,Dammam,
,,Saudi Arabia Medal Company Limited for Cables,,alg.com.sa,ibrahim.alabdullatif@alg.com.sa,0500460046,الصناعات التحويلية الأخرى,Dammam,
,,شركة ويسترنجيكو العربية السعودية المحدودة,,slb.com,mhamim@slb.com,0558882928,صنع الالات والمعدات غير المصنفة في موضع اخر,Dammam,
,,فرع شركة الحضارة للصناعات الخشبية,,hadarawood.com,m.alashi@hadarawood.com,0505875893,صنع الخشب ومنتجات الخشب والفلين، باستثناء الاثاث؛ صنع اصناف من القش ومواد الضفر,Dammam,
,,فرع شركة بليس اناند امريكا ال ال سي,,blissanandusa.com,ksa@blissanandusa.com,0592246877,صنع المعدات الكهربائية,Dammam,
,,فرع شركة حمية التغذية التجارية,,hotmail.com,mohd-alz@hotmail.com,0562915444,صناعة المنتجات الغذائية,Dammam,
,,مصنع  شركة الاستثمار الخليجية للأغذية,,gmail.com,nader.galal312@gmail.com,00966535122111,صناعة المنتجات الغذائية,Dammam,
,,مصنع  شركة الأماكن الخليجية للغازات الصناعية,,aicco.com.sa,abed.khader@aicco.com.sa,0593255805,صنع فحم الكوك والمنتجات النفطية المكررة,Dammam,
,,مصنع  شركة الترا للخدمات الصناعية للفلاتر,,ucsme.com,hosam.aziz@ucsme.com,0541907440,صنع منتجات المعادن المشكلة، باستثناء الالات والمعدات,Dammam,
,,مصنع  شركة ان او في العربية السعودية المحدودة,,nov.com,ahmed.alshayeb@nov.com,00966555226105,الصناعات التحويلية الأخرى,Dammam,
,,مصنع  شركة حلول طلاء الأنابيب المحدودة,,q3group.com,yasser.alqahtani@q3group.com,0554922822,الصناعات التحويلية الأخرى,Dammam,
,,مصنع  عبدالله عيد الرشيدي للمنتجات الحديدية,,hotmail.com,kteel_areem@hotmail.com,0569077797,صنع منتجات المعادن المشكلة، باستثناء الالات والمعدات,Dammam,
,,مصنع  مسفر زابن القحطاني لصناعات الفايبرجلاس,,mzqcontracting.com,m.qahtani@mzqcontracting.com,0505804274,صنع المواد الكيميائية والمنتجات الكيميائية,Dammam,
,,Ahmed Abdulkarim Al-Nasr Factory for Industrial Equipment Spare Parts,,outlook.sa,naseralshmary@outlook.sa,0504987683,صنع منتجات المعادن المشكلة، باستثناء الالات والمعدات,Dammam,
,,مصنع ارتقاء الشرقية  للمنتجات البلاستيكية,,hotmail.com,bagashi06@hotmail.com,0548055555,الصناعات التحويلية الأخرى,Dammam,
,,Arkan Al-Owla Factory for Iron Industries,,gmail.com,khalid6060alyami@gmail.com,0504496060,صنع منتجات المعادن المشكلة، باستثناء الالات والمعدات,Dammam,
,,مصنع ازدهار الطاقة للمنتجات المعدنية,,woodserv.com,mehdi.youssef@woodserv.com,0543289970,صنع منتجات المعادن المشكلة، باستثناء الالات والمعدات,Dammam,
,,Aswaq Al-Zahra Factory for the Production of Adhesive Tapes,,hotmail.com,sss_55_@hotmail.com,0505856268,صنع منتجات المطاط والبلاستك,Dammam,
,,مصنع أكياس الحديث للمنتجات البلاستيكية,,gmail.com,modplast83@gmail.com,0550919338,صنع منتجات المطاط والبلاستك,Dammam,
,,Al-Ofoq Factory for Plastic Ropes,,gmail.com,broker.ahmed@gmail.com,00966582868886,صنع منتجات المطاط والبلاستك,Dammam,
,,Al Babtain Tower and Steel structural Factory,,al-babtain.com.sa,kaha-yami@al-babtain.com.sa,0503887101,صنع منتجات المعادن المشكلة، باستثناء الالات والمعدات,Dammam,
,,Al-Teknia Al-Senaaia Middle East Factory for Cartons,,hotmail.com,ahmadkfupm@hotmail.com,0505801475,صنع الورق ومنتجات الورق,Dammam,
,,مصنع الحياة المتطورة للكيماويات,,alhayatdev.com,abed@alhayatdev.com,0593905011,,Dammam,
,,Al-Khadari Factory for Iron Machinery,,alkhodari.com,mustafa.obaidan@alkhodari.com,0502408659,صنع منتجات المعادن المشكلة، باستثناء الالات والمعدات,Dammam,
,,Al-Khaleej Al-Janobi Factory for Industries and Technologies,,southbay.sa.com,ali@southbay.sa.com,0546757755,صنع المعدات الكهربائية,Dammam,
,,Al-Saeed Modern Factory for Manufacturing Electrical Panels and Distribution Sub-Stations,,abunawas.com,khaldon@abunawas.com,0555800366,صنع الحواسيب والمنتجات الإلكترونية والبصرية,Dammam,
,,Al Sharq Wool Factory,,hotmail.com,alsharqfac@hotmail.com,0505236703,صنع المنسوجات,Dammam,
,,Al-Sharqiya aluminum extrusion Factory,,ete-group.com,a.idrees@ete-group.com,0506624203,صنع منتجات المعادن المشكلة، باستثناء الالات والمعدات,Dammam,
,,Saudi Aerosols Manufacturing Co. Factory,,sidco.com.as,gvr@sidco.com.as,0555850680,صنع المواد الكيميائية والمنتجات الكيميائية,Dammam,
,,Saudi Factory for Manufacturing Polyethylene  Tanks and Containers,,alhussaini.com,ahmed@alhussaini.com,0505801900,صنع منتجات المطاط والبلاستك,Dammam,
,,مصنع الشركة الشرقية لصناعة اللوحات الكهربائية,,bladzahran.com,ahmed@bladzahran.com,0555817986,صنع المعدات الكهربائية,Dammam,
,,Renewable Energy Factory for Biofuels,,outlook.sa,alasemy2013@outlook.sa,0555558896,صنع المواد الكيميائية والمنتجات الكيميائية,Dammam,
,,مصنع الطباعة الاولي لصناعة الورق,,me.com,amr.khamis@me.com,0506856165,صنع الورق ومنتجات الورق,Dammam,
,,Al-Agela Factory for the Production Barite Stone,,hotmail.com,abcd3878@hotmail.com,0509982920,صنع المواد الكيميائية والمنتجات الكيميائية,Dammam,
,,مصنع الفا للصناعات الخشبية,,gmail.com,saudshallali@gmail.com,0504807717,صنع الاثاث,Dammam,
,,Four Seasons Meat and Fish Factory,,hotmail.com,zaak900@hotmail.com,0505844771,صناعة المنتجات الغذائية,Dammam,
,,مصنع المطاط المتقدم للمنتجات المطاطية,,hotmail.com,majed6656@hotmail.com,0558286088,صنع منتجات المطاط والبلاستك,Dammam,
,,مصنع أيجاز الخبر للغازات,,gmail.com,manaimigas@gmail.com,0551805511,الصناعات التحويلية الأخرى,Dammam,
,,Balhamer Factory for Aluminium Extrusion Profiles,,alubex.com,info@alubex.com,0543043333,صنع الفلزات القاعدية,Dammam,
,,Gulf Plastic Factory for Plastic Industries,,yahoo.com,tanajib1@yahoo.com,0504900851,صنع منتجات المطاط والبلاستك,Dammam,
,,Bawabat Al-Galeed Factory for Metal Pipes and Wiring,,ice-gate.com,nayaf@ice-gate.com,0564466555,صنع منتجات المعادن المشكلة، باستثناء الالات والمعدات,Dammam,
,,Gulf Tala Factory for Medical Products,,hotmail.com,talafactory@hotmail.com,0553738136,صنع المنتجات الصيدلانية,Dammam,
,,Omar Ibrahim Al-Jabri Cork Factory,,gmail.com,aljabri26@gmail.com,0503851505,صنع منتجات المطاط والبلاستك,Dammam,
,,Helol Al-Taka Al-Zahabia factory for Electrical Distribution Boards,,akh-sa.com,amin_ismaeil@akh-sa.com,0541814242,صنع المعدات الكهربائية,Dammam,
,,Zad & Rawafed Factory for Ice Cream,,hotmail.com,edreesmm@hotmail.com,0503821501,صناعة المنتجات الغذائية,Dammam,
,,Saja Global Factory for Advanced Industries,,gmail.com,saja.intel@gmail.com,0505868699,صنع منتجات المطاط والبلاستك,Dammam,
,,مصنع سعد علي العيسى للصناعات الحديدية,,alessatc.com,sherif@alessatc.com,0557371344,صنع منتجات المعادن المشكلة، باستثناء الالات والمعدات,Dammam,
,,Saad Mohamed Al-Olayan Factory for Pressure and Temperature Measuring Devices,,saadalyan.com,mazin@saadalyan.com,0558101555,صنع المعدات الكهربائية,Dammam,
,,مصنع سعيد محمد المعلم للمواد الكميائية,,yahoo.com,moallim219@yahoo.com,0505863910,صنع المواد الكيميائية والمنتجات الكيميائية,Dammam,
,,Mohamed Saad Mohamed Al-Ghurery  and Brothers Co. Factory,,gmail.com,alghurery@gmail.com,0508880236,صنع المنتجات الصيدلانية,Dammam,
,,مصنع شركة  التنمية القطرية للصناعات المعدنية,,qatarinternational.com.sa,gm@qatarinternational.com.sa,0504804186,صنع منتجات المعادن المشكلة، باستثناء الالات والمعدات,Dammam,
,,مصنع شركة  القافلة المتحدة  للالات,,hotmail.com,m.a.o.g@hotmail.com,0504841154,صنع الالات والمعدات غير المصنفة في موضع اخر,Dammam,
,,مصنع شركة  دلتا كوربريشن,,gmail.com,faris.ivm@gmail.com,00966566226991,صنع منتجات المعادن المشكلة، باستثناء الالات والمعدات,Dammam,
,,مصنع شركة  فوستالباين توبولارز البسام المحدودة,,albassamgroups.com,a.mohsen@albassamgroups.com,0555005589,صنع منتجات المعادن المشكلة، باستثناء الالات والمعدات,Dammam,
,,Abdullah Al Hamoud Al Shuwayer Sons  Co. Factory for Trading and Contracting / Electrical System Devices Branch,,shuwayer.com,f.alhamed@shuwayer.com,0504757649,صنع المعدات الكهربائية,Dammam,
,,مصنع شركة أبناء عبدالله حمود الشويعر للصناعات المعدنية الثقيلة,,shuwayer.com,e.alsulimani@shuwayer.com,0599990679,صنع منتجات المعادن المشكلة، باستثناء الالات والمعدات,Dammam,
,,مصنع شركة أس كي أم للتكييف,,aljubairi.com,amm@aljubairi.com,0566346664,صنع منتجات المعادن المشكلة، باستثناء الالات والمعدات,Dammam,
,,مصنع شركة الأحمال الكهربائية,,gmail.com,eloubid@gmail.com,0502125253,صنع المعدات الكهربائية,Dammam,
,,مصنع شركة التجارة المتكاملة للمياه المعبأه,,sadeemwater.com,m@sadeemwater.com,0504442853,صنع المشروبات,Dammam,
,,Saudi National Iron Co. Factory,,alhussaini.com,ahmed@alhussaini.com,0505801900,صنع منتجات المعادن المشكلة، باستثناء الالات والمعدات,Dammam,
,,مصنع شركة الخليج لهندسة نقل الطاقة,,kfbgroup.com.sa,abdullah.alkhenaifer@kfbgroup.com.sa,0505424951,صنع المعدات الكهربائية,Dammam,
,,مصنع شركة العالم الفنيةللخدمات الصناعية,,maj-consulting.com,sherif@maj-consulting.com,0566605766,صنع منتجات المعادن المشكلة، باستثناء الالات والمعدات,Dammam,
,,Arabian Power Electronics Company (APEC),,apec.sa.com,jacob.thomas@apec.sa.com,0583053335,صنع المعدات الكهربائية,Dammam,
,,Chemical Quantities Company Factory,,kameyat.com,ceo@kameyat.com,0553171007,صنع المواد الكيميائية والمنتجات الكيميائية,Dammam,
,,مصنع شركة المختبر الخليجي لفحص المعدات الكهربائية,,gccelab.com,finance@gccelab.com,0541639182,صنع الالات والمعدات غير المصنفة في موضع اخر,Dammam,
,,Al-Markhiya Metal Products Factory,,qatarinternational.com.sa,gm@qatarinternational.com.sa,0506813944,صنع منتجات المعادن المشكلة، باستثناء الالات والمعدات,Dammam,
,,مصنع شركة المنافع للكيماويات,,gmail.com,othman.alzahrani@gmail.com,0503821784,صنع المواد الكيميائية والمنتجات الكيميائية,Dammam,
,,مصنع شركة اليمامة للصناعات الحديدية و الكهروميكانيكية,,gmail.com,saudshallali@gmail.com,0504807717,صنع منتجات المعادن المشكلة، باستثناء الالات والمعدات,Dammam,
,,Energy Projects Supplies Co. Ltd. Factory,,enpro.com.sa,osamah@enpro.com.sa,0541829966,صنع منتجات المعادن المشكلة، باستثناء الالات والمعدات,Dammam,
,,Prisma Metal Industry Co. Ltd. Factory,,prismaksa.com,amir@prismaksa.com,0544995072,صنع منتجات المعادن المشكلة، باستثناء الالات والمعدات,Dammam,
,,مصنع شركة بريص العالمية للاستثمارات البترولية,,alaliahco.com,hajeresj@alaliahco.com,00966559311181,الصناعات التحويلية الأخرى,Dammam,
,,Arabian Industial Metal Packaging Co. Factory,,hotmail.com,aswss@hotmail.com,0504941884,صنع منتجات المعادن المشكلة، باستثناء الالات والمعدات,Dammam,
,,Tamteen Co. Factory for Electrical Panels,,hotmail.com,talal_fayez@hotmail.com,0555553855,صنع المعدات الكهربائية,Dammam,
,,Cement Services Co. Factory for Transport and Bulk Materials Handling  Systems,,cmc.com.sa,alialqahtani@cmc.com.sa,0505871836,صنع الالات والمعدات غير المصنفة في موضع اخر,Dammam,
,,United International Daya Plastic Co.,,alsahoounited.com,mohammed.osman@alsahoounited.com,0500820082,صنع منتجات المطاط والبلاستك,Dammam,
,,Sabta Co. Factory for Iron Works,,septaholding.com,info@septaholding.com,0505803529,صنع منتجات المعادن المشكلة، باستثناء الالات والمعدات,Dammam,
,,Saba International Co. Factory for Light Houses,,sabain.net,saleh@sabain.net,0505904161,صنع منتجات المعادن المشكلة، باستثناء الالات والمعدات,Dammam,
,,"Flexitalic Middle East Co., Ltd. Factory",,outlook.sa,flexitalice2015@outlook.sa,0505813118,صنع الالات والمعدات غير المصنفة في موضع اخر,Dammam,
,,مصنع شركة كتاليست العربية السعودية,,hotmail.com,saa149@hotmail.com,00966566666630,صنع المواد الكيميائية والمنتجات الكيميائية,Dammam,
,,Medad Chemicals Company Limited Factory,,midadholdings.com,sleemur@midadholdings.com,0503888406,صنع المواد الكيميائية والمنتجات الكيميائية,Dammam,
,,مصنع صلب الجزيرة للخرسانة مسبقة الصب,,sulbaljazeera.com,aomar@sulbaljazeera.com,0555518215,صنع منتجات المعادن اللافلزية الأخرى,Dammam,
,,Ventilation Industries Factory,,globalenergy.com.sa,thamer.hathal@globalenergy.com.sa,0507222224,صنع منتجات المعادن المشكلة، باستثناء الالات والمعدات,Dammam,
,,مصنع عالم زروع للتصنيع,,yahoo.com,jicabdullah@yahoo.com,0566865010,الصناعات التحويلية الأخرى,Dammam,
,,Abdullah Abdul Wahab Al-Barrak Factory for Plastic Products,,abis.com.sa,farid@abis.com.sa,0500074937,صنع منتجات المطاط والبلاستك,Dammam,
,,Abdul Latif Saleh Al Hamad Factory for Rebars,,yahoo.com,dossary2001@yahoo.com,0544470506,صنع منتجات المعادن اللافلزية الأخرى,Dammam,
,,Abdullah Omar Al-Aboudi Factory for Aluminum and Wooden Products,,aac-solutions.com,mostafaibrahim@aac-solutions.com,0552226903,صنع الخشب ومنتجات الخشب والفلين، باستثناء الاثاث؛ صنع اصناف من القش ومواد الضفر,Dammam,
,,مصنع عبدالله محمد الخفره للادوات والمستلزمات الطبيه,,yahoo.com,akramnaji600@yahoo.com,0506959999,الصناعات التحويلية الأخرى,Dammam,
,,مصنع عبدالله محمد الخفره للمنتجات الورقية,,yahoo.com,akramnaji600@yahoo.com,0506959999,صنع الورق ومنتجات الورق,Dammam,
,,Abdullah Nasser Al-Khafrah Factory for Polystyrene,,mail.net.sa,alkhafrah@mail.net.sa,0507899998,صنع منتجات المطاط والبلاستك,Dammam,
,,مصنع عصام محمد خيري قباني للبلاستيك والعوازل,,namat.com,dammam@namat.com,0507765166,صنع منتجات المطاط والبلاستك,Dammam,
,,مصنع عوازل صحاري للمنتجات الاسفلتية,,gmail.com,mp0505804410@gmail.com,0505804410,صنع فحم الكوك والمنتجات النفطية المكررة,Dammam,
,,مصنع عيد حسين عبد الله القحطاني  لقطع غيار المضخات,,po-ksa.com,sales2@po-ksa.com,0505807961,صنع منتجات المعادن اللافلزية الأخرى,Dammam,
,,مصنع فرع  شركة البابطين لحلول الطاقة المتجددة,,al-babtain.com.sa,kaha-yami@al-babtain.com.sa,0503887101,صنع المعدات الكهربائية,Dammam,
,,مصنع فرع شركة ريادة الخليج للمنتجات المعدنية,,gulfriyadah.com,abdallah.shehri@gulfriyadah.com,0505812567,صنع منتجات المعادن المشكلة، باستثناء الالات والمعدات,Dammam,
,,Qeyasat Al-Taka Factory for Chemicals,,gmail.com,ablaji779@gmail.com,0555605227,الصناعات التحويلية الأخرى,Dammam,
,,Al-Sharqia Cables Factory,,ashcables.com,mohawis@ashcables.com,00966556542261,صنع المعدات الكهربائية,Dammam,
,,مصنع محمد فهد القحطاني لقطع الغيار الصناعية,,gmail.com,isscoksa@gmail.com,0505810405,الصناعات التحويلية الأخرى,Dammam,
,,مصنع مختارات كميل لكبائن المصاعد وأبوابها,,komealst.com,jafar@komealst.com,0548490808,صنع الالات والمعدات غير المصنفة في موضع اخر,Dammam,
,,Maromix Factory for Furniture,,armasksa.com,mzaki@armasksa.com,0550032105,صنع الاثاث,Dammam,
,,مصنع مساعد عبدالله النفيسي لانتاج وصناعة المقطورات,,outlook.com,nafisi.trolley@outlook.com,0552316750,صنع منتجات المعادن المشكلة، باستثناء الالات والمعدات,Dammam,
,,مصنع مطور الصناعة للصناعات المعدنية,,escofactory.com,mohamed.adel@escofactory.com,0502100666,صنع منتجات المعادن المشكلة، باستثناء الالات والمعدات,Dammam,
,,Green Drilling Chemicals Factory for Chemical Products,,enaizigroup.com,info@enaizigroup.com,0500096767,صنع المواد الكيميائية والمنتجات الكيميائية,Dammam,
,,مصنع مكامن التوريد لتدوير المعادن,,gmail.com,abdulaziz45@gmail.com,0554141508,صنع الفلزات القاعدية,Dammam,
,,Al-Aqeer Gypsum Factory,,outlook.sa,fahadalagamey@outlook.sa,0556559622,صنع منتجات المطاط والبلاستك,Dammam,
,,مصنع نقاء الخليج للكيماويات,,gmail.com,reda.gawez@gmail.com,0503965386,صنع المواد الكيميائية والمنتجات الكيميائية,Dammam,
,,Saeed Mubarak Al-Hajri Factory for Industrial Gases,,yahoo.com,s90009s@yahoo.com,0504944456,صنع المواد الكيميائية والمنتجات الكيميائية,Dammam,
,,Hadeel El-Gauf Factory for Food Products,,yahoo.com,anwar.altaleb@yahoo.com,0557996999,صناعة المنتجات الغذائية,Dammam,
,,Wolouf Factory for Light Steel Industries,,live.com,a_alarrak@live.com,0505463799,صنع منتجات المعادن المشكلة، باستثناء الالات والمعدات,Dammam,
,,مؤسسة أبعاد الروم للمواد الغذائية,,gmail.com,aldulaijan.a@gmail.com,0503888406,صناعة المنتجات الغذائية,Dammam,
,,Jana Food Trading Est.,,gmail.com,jfy6666@gmail.com,0548177771,صناعة المنتجات الغذائية,Dammam,
,,مؤسسة طاقة المجرات,,energya-int.com,wam@energya-int.com,0555512853,صنع الحواسيب والمنتجات الإلكترونية والبصرية,Dammam,
,,مؤسسة وليد خالد السماعيل التجارية,,gmail.com,alsemail99@gmail.com,0508968000,صنع منتجات المطاط والبلاستك,Dammam,
,,Gulf Cryo Industrial Gases Company Ltd.,,gulfcryo.com,gcsaudi@gulfcryo.com,0550223158,,Dammam,
,,.مصنع الشركة السعودية للصناعات الميكانيكية,,smi.com.sa,shadi@smi.com.sa,0506411928,صنع الفلزات القاعدية,Dammam,
,,Abdullah Abdulaziz Al-Rajhi Rubber Factory,,alrajhicorp.com,rubber@alrajhicorp.com,0501062503,صنع منتجات المطاط والبلاستك,Dammam,
,,إبارا السعودية للمضخات المحدودة - Ebara Pumps Saudi Arabia,,ebara.com,kobayashi.ryusuke@ebara.com,0565719888,,Dammam,
,,إتقان الهندسية للصناعة,,alrashed.com,ahmed.abusaleh@alrashed.com,0561110252,الصناعات التحويلية الأخرى,Dammam,
,,الجمعية الخيرية للطعام ( إطعام ),,saudifoodbank.com,info@saudifoodbank.com,0508012144,,Dammam,
,,Al Rashed Fasteners and Fabrication Services Factory,,alrashedsreel.com,mohamek.noor@alrashedsreel.com,0504839146,صنع منتجات المعادن المشكلة، باستثناء الالات والمعدات,Dammam,
,,UAE Company for Metal Industries,,hotmail.com,kpria6-6@hotmail.com,0505390570,صنع منتجات المعادن المشكلة، باستثناء الالات والمعدات,Dammam,
,,Gulf Salt Co.,,gulfsalt.com,sultan@gulfsalt.com,0555581168,صناعة المنتجات الغذائية,Dammam,
,,Saudi German Company for Nonwoven Products,,sgn.com.sa,mamageed@sgn.com.sa,0506472591,صنع المنسوجات,Dammam,
,,الشركة السعودية العالمية للتجارة المحدودة,,sitcopharma.com,s.madi@sitcopharma.com,0505443102,,Dammam,
,,Saudi New Zealand Milk Products Company (SNZMP),,fonterra.com,saleh.alomari@fonterra.com,0505813787,صناعة المنتجات الغذائية,Dammam,
,,Saudi Recycling Co. for Paper & Waste,,saudipaper.com,hashem.elther@saudipaper.com,0533116700,صنع الورق ومنتجات الورق,Dammam,
,,Saudi Steel Pipe Company (SSP),,sspipe.com,abdi@sspipe.com,0505809884,صنع الفلزات القاعدية,Dammam,
,,Saudi Paper Converting Company,,saudipaper.com,hassan@saudipaper.com,0555568815,صنع الورق ومنتجات الورق,Dammam,
,,Saudi Metal Coating Co.,,sacco-smc.com,mahmavd@sacco-smc.com,0554911184,صنع منتجات المعادن المشكلة، باستثناء الالات والمعدات,Dammam,
,,Saudi Packaging & Metals Co.,,samcorebars.com,admin@samcorebars.com,0505881171,,Dammam,
,,Saudi Paper Manufacturing Co.,,saudipaper.com,haris.ali@saudipaper.com,0566237777,صنع الورق ومنتجات الورق,Dammam,
,,Saudi Company for Manufacturing Shipping Platforms,,hotmail.com,email@hotmail.com,0505483533,صنع منتجات المطاط والبلاستك,Dammam,
,,Saudi Leather Industries Co. Ltd.,,slicshoes.com,admin@slicshoes.com,0505823057,أخرى,Dammam,
,,Saudi Light Food Co. Ltd.,,hotmail.com,emil@hotmail.com,0503873734,صناعة المنتجات الغذائية,Dammam,
,,Saudi Concrete Products Co. Ltd. (SACEP),,h.com,hdjh@h.com,0503258937,صنع منتجات المعادن اللافلزية الأخرى,Dammam,
,,Saudi Rubber Products Co.,,saudirubber.com,ceo@saudirubber.com,0556978595,صنع منتجات المطاط والبلاستك,Dammam,
,,Saudi Arabian Metal Fabrication  Co.,,safami.com.sa,safamisales@safami.com.sa,0505857920,صنع منتجات المعادن المشكلة، باستثناء الالات والمعدات,Dammam,
,,Saudi Arabian Ductile Iron Pipes Co. - SADIP,,amiantit.com,thamers@amiantit.com,0505828750,صنع منتجات المعادن اللافلزية الأخرى,Dammam,
,,Arabian Company for Equipment Industries and Drilling Rigs,,halliburton.com,steve-porter@halliburton.com,0554448471,صنع المعدات الكهربائية,Dammam,
,,"Arab Spinning, Textile and Blankets Company",,yahoo.com,a-stbcoo@yahoo.com,0504239265,صنع المنسوجات,Dammam,
,,Arabian Transformers Co.,,gmail.com,hr.arabiantransformers@gmail.com,0545417337,صنع المعدات الكهربائية,Dammam,
,,United Arab Can Manufacturing Company (UAC),,rexamuac.com,khalid.saleem@rexamuac.com,0508566655,صنع منتجات المطاط والبلاستك,Dammam,
,,Advanced Manufacturing for Metal & Glass Co.,,amg-metal.com,alu@amg-metal.com,0506824746,الصناعات التحويلية الأخرى,Dammam,
,,Al-Namozagya Co. for Precast Concrete systems,,saudi.net.sa,ipc@saudi.net.sa,0505824936,صنع منتجات المعادن اللافلزية الأخرى,Dammam,
,,National Steel Co. Ltd.  - Watani,,altuwairqi.com,admin_general_services@altuwairqi.com,0500916136,صنع منتجات المعادن المشكلة، باستثناء الالات والمعدات,Dammam,
,,National Company for Fire and Safety Equipment,,nafisco.com,info@nafisco.com,0505843869,صنع الالات والمعدات غير المصنفة في موضع اخر,Dammam,
,,"Axles, Foundries & Spare Parts Factory",,maadaniyah.com,a.danaf@maadaniyah.com,0553066639,صنع منتجات المعادن المشكلة، باستثناء الالات والمعدات,Dammam,
,,Technical Center for Non-Destructive Testing,,hotmail.com,msalsuhaim@hotmail.com,0506833767,الصناعات التحويلية الأخرى,Dammam,
,,Technical Center for Non-Destructive Testing,,hotmail.com,msalsuhaim@hotmail.com,0506833767,الصناعات التحويلية الأخرى,Dammam,
,,Saudi Modern Factory,,hotmail.com,mshal_h911@hotmail.com,0504802783,أخرى,Dammam,
,,Saudi Metal Galvanization Factory,,shuwayer.com,f.alhamed@shuwayer.com,0504757649,صنع الفلزات القاعدية,Dammam,
,,Saudi Factory for Seamless Steel Pipes,,vallourec.com,abdullah.alamoudi@vallourec.com,0564640987,صنع الفلزات القاعدية,Dammam,
,,Saudi Factory For Beds & Mattresses,,gmail.com,relaxsbm@gmail.com,0503865241,صنع المنسوجات,Dammam,
,,Saudi Belts Factory,,saudibelts.com,luaay@saudibelts.com,0505915642,صنع منتجات المطاط والبلاستك,Dammam,
,,Saudi Factory for Ventilation Fans,,rehouse.com,abdullah@rehouse.com,0557650880,صنع الالات والمعدات غير المصنفة في موضع اخر,Dammam,
,,Al-Marefa Distinguished Factory for Air Channels,,rehouse.com,abdullah@rehouse.com,0557650880,,Dammam,
,,Arab Iron Works Factory,,asfsteel.com,accounts3@asfsteel.com,0544832188,صنع منتجات المعادن اللافلزية الأخرى,Dammam,
,,United Factory for Medical Reagents,,udignost.com,mike@udignost.com,0549301301,صنع المنتجات الصيدلانية,Dammam,
,,المصنع الوطني الحديث للكيماويات,,mn-chem.com,info@mn-chem.com,0505709084,,Dammam,
,,National Rubber Spare Parts Factory,,yhfdossary.com,info@yhfdossary.com,0555804359,صنع منتجات المطاط والبلاستك,Dammam,
,,"National Factory for Plastic bottles, sheets and supplies",,gmail.com,alhayatfactory22@gmail.com,0504494826,الصناعات التحويلية الأخرى,Dammam,
,,National Factory for Processing and Treating Minerals,,delmon.com,hassankamil@delmon.com,0554533304,صنع منتجات المعادن المشكلة، باستثناء الالات والمعدات,Dammam,
,,Modern Printing Presses,,yahoo.com,mppkhobar@yahoo.com,0504981650,الطباعة,Dammam,
,,المكتب التعاوني للدعوة و الارشاد وتوعية الجاليات بالظهران,,gmail.com,abaasem@gmail.com,0568889313,,Dammam,
,,المؤسسة  العامة للتدريب التقني والمهني,,tvtc.gov.sa,halkhalde@tvtc.gov.sa,0555112075,,Dammam,
,,المؤسسة العربية للتجارة والملاحة والاعمال البترولية,,sigmaksa.com,aetpsd@sigmaksa.com,0508333370,,Dammam,
,,National Establishment  for Agricultural and Industrial Sulphur,,awalnet.net.sa,neais@awalnet.net.sa,0502491350,أخرى,Dammam,
,,الوسائط الذهبية للخدمات الاعلامية,,gmedia.me,ibrahim@gmedia.me,0505825558,الصناعات التحويلية الأخرى,Dammam,
,,ام اتش اي لأنظمة الطاقة العربية السعودية,,mhps.com,adel_juraid@mhps.com,0535554363,,Dammam,
,,Samir Saeed Al-Akhras for Plastics Products,,yahoo.com,ss_al_akhras@yahoo.com,0505946132,صنع منتجات المطاط والبلاستك,Dammam,
,,شــركة التصنيع و خدمات الطاقــه,,hotmail.com,her168@hotmail.com,0565028173,,Dammam,
,,Zamil Alpla Plastics Middle East Co. Ltd.,,zamilplastic.com,saad.alessa@zamilplastic.com,0504835955,صنع منتجات المطاط والبلاستك,Dammam,
,,Abahsain Specialized Industrial Co.Ltd,,abahsain.net,abnew@abahsain.net,0505821061,صنع المواد الكيميائية والمنتجات الكيميائية,Dammam,
,,Almana Medical Polyclinic,,almanahospital.com.sa,khalid.alnogoumi@almanahospital.com.sa,0504815301,صنع منتجات المعادن المشكلة، باستثناء الالات والمعدات,Dammam,
,,Ibreez Real Estate Company,,saudi-call.com,ibrahim@saudi-call.com,0505800755,أخرى,Dammam,
,,شركة أجار العقارية,,sumou.com.sa,k.kaid@sumou.com.sa,0503440485,,Dammam,
,,Diab Factory for Plastics,,gmail.com,ar.diab2@gmail.com,0505806938,صنع منتجات المطاط والبلاستك,Dammam,
,,شركة أران للاعمال التجارية المحدودة,,hotmail.com,asiryan350@hotmail.com,0556485244,,Dammam,
,,ARNON Plastic Industries Co. Factory,,arnon.com.sa,nawaf@arnon.com.sa,0503339894,صنع منتجات المطاط والبلاستك,Dammam,
,,Saudi Azbel Co. Ltd.,,sa.azbil.com,a.alsubaie.4g@sa.azbil.com,0568958331,صنع منتجات المطاط والبلاستك,Dammam,
,,S & T Gulf Co. Ltd.,,hisnt.com,jsna@hisnt.com,0553546140,صنع منتجات المطاط والبلاستك,Dammam,
,,شركة إسماعيل علي أبوداود التجارية المحدودة,,abudawood.com,radwanabubaker@abudawood.com,0560684444,,Dammam,
,,شركة اف ام سي تكنولوجيز السعودية المحدودة,,me.com,a.haleem@me.com,0555882219,صنع الفلزات القاعدية,Dammam,
,,Fahd Albiby & Partner Co. for Foodstuff Packing,,gmil.com,albiabico1374@gmil.com,0505219704,صناعة المنتجات الغذائية,Dammam,
,,Al-Asbaj International Saudi Arabia Co. Ltd.,,akzonobel.com,nafe.aldarwish@akzonobel.com,0500125081,صنع المواد الكيميائية والمنتجات الكيميائية,Dammam,
,,شركة اكسوفا العربية السعودية المحدودة,,exova.com,jamal.sharawi@exova.com,0541076050,صنع الورق ومنتجات الورق,Dammam,
,,شركة اكسينس المحفزه العربية المحدودة,,axensarabia.com,mohammed.alhassar@axensarabia.com,0534518084,,Dammam,
,,شركة أكواكيمي العربية السعودية,,aquachemie.com,subrato@aquachemie.com,0555900767,,Dammam,
,,شركة الإتصالات المتكاملة المحدودة,,itc.sa,a.alzamil@itc.sa,0567631718,,Dammam,
,,شركة الاتصالات المتنقلة السعودية,,sa.zain.com,abdullah.yemani@sa.zain.com,0592438535,,Dammam,
,,Al Ittefaq Steel Factory,,altuwairqi.com,admin_general_services@altuwairqi.com,0500916136,صنع منتجات المعادن المشكلة، باستثناء الالات والمعدات,Dammam,
,,Azman Steel Galvanization Co.,,age.ae,mohdghamdi@age.ae,0536751149,صنع منتجات المعادن اللافلزية الأخرى,Dammam,
,,Synthetic Fiber Co. Ltd.,,alyaf.com,admin@alyaf.com,0547462484,صنع منتجات المطاط والبلاستك,Dammam,
,,National Lighting Company,,nlc-sa.com,ezzat@nlc-sa.com,0500532214,صنع المعدات الكهربائية,Dammam,
,,Plastic Cards Co.,,unicardsa.com,info@unicardsa.com,0506492064,صنع منتجات المطاط والبلاستك,Dammam,
,,Al-Bilad Fire Fighting Systems Co. Ltd.,,aol.com,kamdboustany@aol.com,0504804906,الصناعات التحويلية الأخرى,Dammam,
,,شركة البندرية الدولية المحدودة,,bandariyah.com,ali@bandariyah.com,0554814440,,Dammam,
,,Abdulaziz Bin Nasser Abdulaziz Al-Sareia Investment Company,,bandariyah.com,info@bandariyah.com,0554814440,صنع منتجات المطاط والبلاستك,Dammam,
,,Al Baida Gulf Real Estate Co.,,wpl-ksa.com,amz.alsubaie@wpl-ksa.com,0555198027,,Dammam,
,,Sponge Iron Factory,,altuwairqi.com,ali.altarouti@altuwairqi.com,0555138577,صنع منتجات المعادن اللافلزية الأخرى,Dammam,
,,Al-Hadara Wood Industries Co.,,hadarawood.com,director@hadarawood.com,0505840389,صنع الخشب ومنتجات الخشب والفلين، باستثناء الاثاث؛ صنع اصناف من القش ومواد الضفر,Dammam,
,,Al-Kharif Petroleum Co. for Submersible Electric Pumps,,alkhorayef.com,aalqhtani@alkhorayef.com,0504219566,صنع الالات والمعدات غير المصنفة في موضع اخر,Dammam,
,,Al-Khalaf Holding Co.,,alkhalafadv.com,mohammed@alkhalafadv.com,0504547777,الصناعات التحويلية الأخرى,Dammam,
,,Tents and awnings Co. Ltd.,,alabuo.co,taco@alabuo.co,0505271692,صنع المنسوجات,Dammam,
,,Al-Theyab Marketing Co. Ltd.,,zajil.net,altheyabm@zajil.net,0512121212,,Dammam,
,,Rashed El-Abedlrahman Al-Rashed Co. Factory for Tightening Concrete Pre-Voltage Wires,,alrashed.com,ahmed.abusaleh@alrashed.com,0598479293,صنع منتجات المعادن المشكلة، باستثناء الالات والمعدات,Dammam,
,,شركة الزامل الب لا الشرق الاوسط للبلاستيك المحدودة,,zamilplastic.com,saad.alessa@zamilplastic.com,0504835955,,Dammam,
,,Zamil Towers & Galvanizing Co.,,zamilindustrial.com,ramzi@zamilindustrial.com,0545214521,صنع منتجات المعادن المشكلة، باستثناء الالات والمعدات,Dammam,
,,Zamil Structural Steel Company  (ZSSC),,h.com,hdjh@h.com,0545214521,صنع منتجات المعادن المشكلة، باستثناء الالات والمعدات,Dammam,
,,Middle East Battery Company (MEBCO),,jci.com,ali.alawdah@jci.com,0550557490,صنع المعدات الكهربائية,Dammam,
,,شركة الصناعات الالكترونية والكهربائية,,abunayyangroup.com,omar-fayyadh@abunayyangroup.com,0553444575,,Dammam,
,,Food Industries Company,,unitedgroup.com.sa,contact@unitedgroup.com.sa,0555803847,صناعة المنتجات الغذائية,Dammam,
,,Al-Tuwairqi Energy Corporation,,altuwairqi.com,admin_general_services@altuwairqi.com,0500916136,أخرى,Dammam,
,,Al-Asri Electrical Equipment & Transformers Factory,,asry.com.sa,mohamed@asry.com.sa,0500098368,صنع المعدات الكهربائية,Dammam,
,,Steel and alloys Co. Ltd.,,alqaryan.com,farraj@alqaryan.com,0505808432,صنع منتجات المعادن المشكلة، باستثناء الالات والمعدات,Dammam,
,,Al-Faisal Steel Industries Factory,,altuwairqi.com,admin_general_services@altuwairqi.com,0500916136,صنع منتجات المعادن اللافلزية الأخرى,Dammam,
,,Al Kanafany Original Konafa Co.,,yahoo.com,kanafanysweets@yahoo.com,0552231441,صناعة المنتجات الغذائية,Dammam,
,,Future Ceramic & Porcelain Company,,futureceramic.com,info@futureceramic.com,0555160133,صنع منتجات المعادن اللافلزية الأخرى,Dammam,
,,Modern Factory for Electrical Appliances Co.,,eamfco.com,rafat@eamfco.com,0500768194,صنع المعدات الكهربائية,Dammam,
,,Saudi Arabian Metal Products Factory Co.,,afmaco.co,nady@afmaco.co,0500919640,صنع الالات والمعدات غير المصنفة في موضع اخر,Dammam,
,,Arabian Refractories Factory CO.,,harariyat.com,usama@harariyat.com,0542629926,أخرى,Dammam,
,,National Plastic Ropes Factory,,hotmail.com,naparco@hotmail.com,0533049290,صنع منتجات المطاط والبلاستك,Dammam,
,,Modern Wood Manufactures Company,,modern-wp.com,ahmad@modern-wp.com,0505820162,صنع الخشب ومنتجات الخشب والفلين، باستثناء الاثاث؛ صنع اصناف من القش ومواد الضفر,Dammam,
,,Technical Rubber Co. Ltd.,,hotmail.com,naif808@hotmail.com,0502282745,صنع منتجات المطاط والبلاستك,Dammam,
,,Bituminous Products Co. Ltd. (BITUMAT),,bitumat.com,bader@bitumat.com,0591711117,صنع منتجات المطاط والبلاستك,Dammam,
,,Three-dimensional Enterprises co. Ltd.,,yme.com.sa,info@yme.com.sa,0505821977,صنع منتجات المعادن المشكلة، باستثناء الالات والمعدات,Dammam,
,,Al-Maharat Professional Industrial Co.,,visatraining.com.sa,info@visatraining.com.sa,0505808841,صنع منتجات المعادن المشكلة، باستثناء الالات والمعدات,Dammam,
,,شركة النجوم المتحدة للنقل للمقاولات,,hotmail.com,amalmazro@hotmail.com,٠٥٠٥٤١٤٧٠٧,,Dammam,
,,Saudi Storage and Supply Company,,himmah.com,abuosbeh@himmah.com,0505757868,,Dammam,
,,Oasis Sykes Co.,,oasissykes.com,mohammed@oasissykes.com,0504817535,صنع الالات والمعدات غير المصنفة في موضع اخر,Dammam,
,,NAPCO Company for Composite Packaging Plastics  (NAPCO Compact),,napcogroup.com,nalshumary@napcogroup.com,0555874887,صنع منتجات المطاط والبلاستك,Dammam,
,,Al-Wahd Car Body Manufacturing Co.,,shamrany.com,sig@shamrany.com,0507949950,أخرى,Dammam,
,,Al- Yamama Steel Industries Co. Ltd.,,yamsteel.com,faisal@yamsteel.com,0509997667,صنع منتجات المعادن المشكلة، باستثناء الالات والمعدات,Dammam,
,,Emerson Climate Technologies Arabia Ltd Co.,,emerson.com,mohammad.aljarad@emerson.com,0564207076,الصناعات التحويلية الأخرى,Dammam,
,,شركة ان او في العربية السعودية للتجارة,,nov.com,ahmed.alshayeb@nov.com,0540270330,,Dammam,
,,Gulf Power Distribution Systems Co.,,gpds.com.sa,mohammed.alkhalil@gpds.com.sa,0543050552,صنع المعدات الكهربائية,Dammam,
,,شركة انفنسز العربية السعودية المحدودة,,schneider-electric.com,latifah.almulhm@schneider-electric.com,0545026653,,Dammam,
,,ITT Saudi Co.,,itt.com,emeric.laposi@itt.com,0508515700,صنع منتجات المطاط والبلاستك,Dammam,
,,شركة أي كيه السعودية للتصنيع,,ik-worldwide.com,yousu.al-sultan@ik-worldwide.com,0541747771,,Dammam,
,,شركة أية أية إس سيل العربية السعودية,,aesseal.com.sa,info@aesseal.com.sa,0545010507,صنع الالات والمعدات غير المصنفة في موضع اخر,Dammam,
,,Isuzu Motors Saudi Arabia Co. Ltd.,,yahoo.com,rashudi@yahoo.com,0537139077,صنع المركبات ذات المحركات والمركبات المقطورة ونصف المقطورة,Dammam,
,,Baxter Co. Ltd. (BCL),,baxtar.com,mohammed_khalil@baxtar.com,0500379495,صنع منتجات المطاط والبلاستك,Dammam,
,,Bainehal Arab Food Co. Ltd.,,pafl.com.sa,alaa@pafl.com.sa,0506633550,صناعة المنتجات الغذائية,Dammam,
,,Blast Powell Arab Co. Ltd.,,gmail.com,palarabia@gmail.com,0556123446,صنع منتجات المطاط والبلاستك,Dammam,
,,Arabian Point Eight Power Co.,,al-rushaid.com,rafea@al-rushaid.com,0506865787,الصناعات التحويلية الأخرى,Dammam,
,,Arabian Point Eight Power Co.,,al-rushaid.com,rafea@al-rushaid.com,0506865787,صنع المعدات الكهربائية,Dammam,
,,Perma Pipe Saudi Arabia Co.,,permapipe.com.ae,accountsppsa@permapipe.com.ae,0557808120,أخرى,Dammam,
,,Bischof + Klein Middle East Co.,,bk-paekafing.com.sa,talfakhoury@bk-paekafing.com.sa,0565936867,صنع منتجات المطاط والبلاستك,Dammam,
,,Tbalsa Arabia Company,,h.com,hdjh@h.com,0544420819,الصناعات التحويلية الأخرى,Dammam,
,,Tabuk Pharmaceuticals Manufacturing Company,,tpmc.com.sa,almohizea@tpmc.com.sa,0543220330,صنع المنتجات الصيدلانية,Dammam,
,,Tabuk Pharmaceuticals Manufacturing Company,,tpmc.com.sa,almohizea@tpmc.com.sa,0543220330,صنع المنتجات الصيدلانية,Dammam,
,,Tadamun Al-Hema Co.,,himmah.com,abdulaziz@himmah.com,0505754717,أخرى,Dammam,
,,شركة تقنيات زيت وغاز المحدودة,,gotech.com.sa,info@gotech.com.sa,00966533044334,صنع الالات والمعدات غير المصنفة في موضع اخر,Dammam,
,,Engineering Nets Technology Co.,,g-tex.net,info@g-tex.net,0508847773,صنع منتجات المعادن المشكلة، باستثناء الالات والمعدات,Dammam,
,,Tenhat Mining Co. Ltd.,,tunlatmiimg.com,factory@tunlatmiimg.com,0504980181,أخرى,Dammam,
,,Tenaris Saudi Arabia Co. Ltd.,,tenaris.com,yabdullah@tenaris.com,0500839558,صنع منتجات المطاط والبلاستك,Dammam,
,,شركة جالبيرتي السعودية لصناعات الفلنجات المحدودة,,dynamicenergysa.com,basel@dynamicenergysa.com,0505805654,,Dammam,
,,Group Five Pipe Saudi Co. (G5PS),,g5s.com,hossam@g5s.com,0552550263,صنع منتجات المعادن المشكلة، باستثناء الالات والمعدات,Dammam,
,,Global Steel Dust Gulf Co.,,globalsteeldust.com,m.alhumaid@globalsteeldust.com,0542816276,صنع منتجات المعادن اللافلزية الأخرى,Dammam,
,,Jinan Real Estate Company,,jenan.com.sa,i.gumiah@jenan.com.sa,0546266831,,Dammam,
,,شركة جنرال الكتريك العربية السعودية,,ge.com,fahad.zamami@ge.com,0550881717,,Dammam,
,,Jotun Powder Coatings Saudi Arabia Company,,jotun.com,mohammed.alshammari@jotun.com,0558680802,صنع المواد الكيميائية والمنتجات الكيميائية,Dammam,
,,"John Crane Saudi Arabia Co., Ltd.",,johncrane.com,amjad.alqaqaa@johncrane.com,0506064694,صنع الالات والمعدات غير المصنفة في موضع اخر,Dammam,
,,شركة جي في ون ميدل ايست السعودية,,gv-one.com,admin@gv-one.com,0548488999,غير محدد,Dammam,
,,Hasan Mansour Al-Yami & Partner Company for Iron and Aluminum Products,,permapipe.com.ae,accountsppsa@permapipe.com.ae,0505804008,صنع منتجات المعادن اللافلزية الأخرى,Dammam,
,,Logistics Solutions Company,,lss.com.sa,naif@lss.com.sa,0504823053,,Dammam,
,,Khaled Saad Eddin Sweets Factory,,saadeddin.com,nezar@saadeddin.com,0593211335,أخرى,Dammam,
,,Balhamer Roller & Brush Factory,,kadco.org,indust_acc@kadco.org,0505802812,أخرى,Dammam,
,,Rashed El-Abedlrahman Al-Rashed & Sons Co. for the Manufacture of Iron Products,,alrashed.com,ahmed.abusaleh@alrashed.com,0505818174,صنع الفلزات القاعدية,Dammam,
,,Rashed El-Abedlrahman Al-Rashed & Sons Co. for Wooden Products,,alrashed.com,ahmed.abusaleh@alrashed.com,0505919658,صنع منتجات المعادن المشكلة، باستثناء الالات والمعدات,Dammam,
,,Redayat Co. Ltd. for Protective Coating,,rezayat.com.sa,adminrpcl@rezayat.com.sa,0503848425,صنع منتجات المعادن المشكلة، باستثناء الالات والمعدات,Dammam,
,,Metal Corner Co. Ltd. for Steel Trading,,hotmail.com,netaiscorner@hotmail.com,0563972221,صنع الالات والمعدات غير المصنفة في موضع اخر,Dammam,
,,Remal Company for Electricity,,remalelectric.com,info@remalelectric.com,0554993100,صنع المعدات الكهربائية,Dammam,
,,Rawabi Hi-Tech Company Limited,,rawabiholding.com,jafar.alyousef@rawabiholding.com,0500027049,,Dammam,
,,Zahran Company for Maintenance and Operation,,hotmail.com,www@hotmail.com,0504985801,أخرى,Dammam,
,,شركة زيكو ميدل ايست المحدودة,,zeeco.com,mohammed_aziz@zeeco.com,0556661893,,Dammam,
,,Sassap Co. Ltd. for Molds and Spare Parts,,sasi.com.sa,harb@sasi.com.sa,0503895451,صنع الالات والمعدات غير المصنفة في موضع اخر,Dammam,
,,Graphco Saudi Company,,awalnet.net.sa,graphco@awalnet.net.sa,0506830526,صنع منتجات المعادن المشكلة، باستثناء الالات والمعدات,Dammam,
,,Salman Mohamed Hassan Al-Jashi Co. for Printing & Packaging,,salmangroup.com,fathi@salmangroup.com,0542318029,صنع الورق ومنتجات الورق,Dammam,
,,Suleiman Saleh Al-Rashid Company for Food Industries,,awalnet.net.sa,sldammam@awalnet.net.sa,0503633309,صناعة المنتجات الغذائية,Dammam,
,,Ceaser Saudi Arabia Company,,futureceramic.com,f.aleid@futureceramic.com,0555160133,صنع منتجات المعادن المشكلة، باستثناء الالات والمعدات,Dammam,
,,"Siemens Co., Ltd. Factory",,siemens.com,shadi.aldaoud@siemens.com,0548812498,صنع المعدات الكهربائية,Dammam,
,,شركة شبكة صحارى المحدودة,,sahara.com,hr@sahara.com,0504807469,,Dammam,
,,Schlumbergear Middle East Company,,yhoo.com,abco@yhoo.com,0509618437,أخرى,Dammam,
,,"Titanium Industries and Steel Co., Ltd.",,tsmarabia.com,aahoti@tsmarabia.com,0503889847,صنع منتجات المعادن المشكلة، باستثناء الالات والمعدات,Dammam,
,,Talal Sulaiman Al-Ghunaim Real Estate Company,,alghunaim-holding.com,gghunaim@alghunaim-holding.com,0505812005,أخرى,Dammam,
,,Alam Al-Muntazah Factory for Food Industries,,muntazah.com,ali.alawami@muntazah.com,0543480202,أخرى,Dammam,
,,Abr Al-Khaleej Co. Ltd. for Manufacturing Valves,,pghco.com,f.alhajri@pghco.com,0554446252,صنع الالات والمعدات غير المصنفة في موضع اخر,Dammam,
,,Abr Al-Khaleej Co. for Environmental Solutions,,pghco.com,munim@pghco.com,0554446252,صنع منتجات المعادن المشكلة، باستثناء الالات والمعدات,Dammam,
,,Al-Usaimi Iron and Steel Factory,,gmail.com,almorshidi@gmail.com,0553194445,صنع المشروبات,Dammam,
,,Al-Usaimi Iron and Steel Factory,,gmail.com,almorshidi@gmail.com,0505868896,صنع منتجات المعادن المشكلة، باستثناء الالات والمعدات,Dammam,
,,شركة علي العبدالله التميمي للتجارة والمقاولات,,enerco.com.sa,alsanea@enerco.com.sa,0509998445,,Dammam,
,,Foras Company for Investment and Real Estate Development,,forus.com.sa,info@forus.com.sa,0505452874,,Dammam,
,,Abahsain Cope Saudi Arabia Ltd Co.,,flowserve.com,hal-musalli@flowserve.com,0544800644,صنع منتجات المعادن اللافلزية الأخرى,Dammam,
,,شركة فندق توليب ان الرمال,,hdg.sa,ceo@hdg.sa,00966504914593,,Dammam,
,,"Veolia Water Solutions and Technologies Manufacturing Co., Ltd.",,veolia.com,moussa.elhayek@veolia.com,0504420813,صنع المشروبات,Dammam,
,,Qabas Albelad Factory for Manufacturing Metal Ropes,,gabasalbilad.com,saeed@gabasalbilad.com,0505819591,صنع الالات والمعدات غير المصنفة في موضع اخر,Dammam,
,,شركة قدرة العربية,,arabianqudra.com,osamah-alhowaimel@arabianqudra.com,0505238951,,Dammam,
,,Kubota Saudi Arabia Company,,kubota.com.sa,yahssaie@kubota.com.sa,0505900371,صنع المواد الكيميائية والمنتجات الكيميائية,Dammam,
,,Korbrua Arabia Company for Manufacturing Ground Electrodes,,hotmail.com,amintami@hotmail.com,0505819763,أخرى,Dammam,
,,شركة مجموعة خالد فهد البعيز القابضة,,kfbgroup.com.sa,abdullah.alkhenaifer@kfbgroup.com.sa,0505424951,,Dammam,
,,شركة مجموعة دار اليوسفية القابضة,,yousefia.com,fahad@yousefia.com,0555473555,,Dammam,
,,Mahmoud Abdel Alim & Partners Co. Ltd. for Refreshments and Juices,,smjaleel.com,assif@smjaleel.com,0565125966,صنع المشروبات,Dammam,
,,Saudi Power Transformer Company,,sptc.com.sa,nooh@sptc.com.sa,0500669811,صنع المعدات الكهربائية,Dammam,
,,Gulf Development Corporation for Fire-fighting and Fire Extinguishing,,gmail.com,firedirect@gmail.com,0548880808,أخرى,Dammam,
,,General Technical & Safety Training Centre,,gtsc.biz,halharbi@gtsc.biz,0553822825,أخرى,Dammam,
,,شركة مشاريع الصالحية المحدودة,,rezidorparkinn.com,saad.alsaleh@rezidorparkinn.com,0555997717,,Dammam,
,,Al-Iman Factory,,h.com,hdjh@h.com,0553822127,أخرى,Dammam,
,,Ahmed Saeed Afifi & Partner Aluminium Factory Company,,gmail.com,alhayatfactory22@gmail.com,0538614149,صنع منتجات المعادن المشكلة، باستثناء الالات والمعدات,Dammam,
,,Gadf Factory for Castings and Ductiles,,afifi.com.sa,a.afifi@afifi.com.sa,0555855526,صنع الخشب ومنتجات الخشب والفلين، باستثناء الاثاث؛ صنع اصناف من القش ومواد الضفر,Dammam,
,,Asamco Aluminium Systems Factory,,gmail.com,alnaesr600@gmail.com,0500110284,صنع منتجات المعادن المشكلة، باستثناء الالات والمعدات,Dammam,
,,Azman Steel Co.,,age.ae,chacko@age.ae,0536751149,صنع منتجات المعادن المشكلة، باستثناء الالات والمعدات,Dammam,
,,Modern Woodworks Factory,,mww.com.sa,lnfo@mww.com.sa,0568033143,صنع الخشب ومنتجات الخشب والفلين، باستثناء الاثاث؛ صنع اصناف من القش ومواد الضفر,Dammam,
,,Al-Hayat Carpet Factory,,alhayatcarpet.net,info@alhayatcarpet.net,0531216456,صنع المنسوجات,Dammam,
,,Gulf Metal Galvanizing Factory,,gulfgalv.com,info@gulfgalv.com,0508127129,صنع منتجات المعادن المشكلة، باستثناء الالات والمعدات,Dammam,
,,Al Rasheed Aluminium Kitchens Factory Co.,,rakco.com.sa,kitchens@rakco.com.sa,0505823161,صنع الاثاث,Dammam,
,,Al-Rimal Al-Sharqia Factory Co.,,alrimalgrc.com,sales@alrimalgrc.com,0504684002,أخرى,Dammam,
,,Dakhil Allah Hasen Al-Ewafi Aluminium Factory,,rafia.com.sa,info@rafia.com.sa,0505889930,صنع منتجات المعادن المشكلة، باستثناء الالات والمعدات,Dammam,
,,Al Ghamdi Wood Industries Factory,,ghamdiwoods.com,info@ghamdiwoods.com,0505849840,صنع الخشب ومنتجات الخشب والفلين، باستثناء الاثاث؛ صنع اصناف من القش ومواد الضفر,Dammam,
,,Al Yashmac Readymade Garments Factory,,hotmail.com,bin_samhan@hotmail.com,0505461918,صنع الملبوسات,Dammam,
,,Anjad Plastic Industries Factory Co.,,banjer.com.sa,al.alobeidi@banjer.com.sa,0502410393,صنع منتجات المطاط والبلاستك,Dammam,
,,Batook Chewing Gum Co.,,gmail.com,batook.sa@gmail.com,0543660700,صناعة المنتجات الغذائية,Dammam,
,,Khaled and Ali Ahmed Balhomor Factory for Metal Coating,,kabco.org,indust_acc@kabco.org,0504151029,صنع الالات والمعدات غير المصنفة في موضع اخر,Dammam,
,,Bostani Chocolate & Gifts Factory Co.,,bostani.ch,admin@bostani.ch,0504802177,صناعة المنتجات الغذائية,Dammam,
,,Jadawell Water Factory,,jadawell.com,info@jadawell.com,0505858068,صنع المشروبات,Dammam,
,,Hasan Mansour Al-Yami & Partner Company for Wooden Furniture,,hotmail.com,m.h.u122@hotmail.com,0505804008,صنع الاثاث,Dammam,
,,Sara Saudi Arabia Factory for Plastic Film,,alhamadco.com,nh@alhamadco.com,0505862965,صنع منتجات المطاط والبلاستك,Dammam,
,,Dar Al-Halawiyat  Factory Co.,,yahoo.com,sweethousebl@yahoo.com,0541072965,صناعة المنتجات الغذائية,Dammam,
,,Electric Water Heaters Factory Co.,,aldossarystores.com,asmin@aldossarystores.com,0545215269,صنع المعدات الكهربائية,Dammam,
,,Tomohat Al-Jazeera Ambitions Factory Co. for Iron & Metal Industries,,gmail.com,mjmidmm@gmail.com,0505814390,صنع منتجات المعادن اللافلزية الأخرى,Dammam,
,,Fonoun Al-Rasheed Aluminum Extrusions Co.,,rakco.com.sa,fonoun@rakco.com.sa,0505823161,صنع منتجات المعادن اللافلزية الأخرى,Dammam,
,,Gulf Steel Factory Co. for Machine Spare Parts,,gsf.ne.com,nghabayen@gsf.ne.com,0506835715,صنع الالات والمعدات غير المصنفة في موضع اخر,Dammam,
,,Crestwood Factory Co. for Wood Works,,aujan.com.sa,century@aujan.com.sa,0550821668,صنع الخشب ومنتجات الخشب والفلين، باستثناء الاثاث؛ صنع اصناف من القش ومواد الضفر,Dammam,
,,Morgan Factory for Fiberglass Products,,hotmail.com,hussam.ms@hotmail.com,0502885403,صنع منتجات المطاط والبلاستك,Dammam,
,,شركة مصنع ملحقات الكابلات السعودي,,arcangroup.com,akhathami@arcangroup.com,0593625007,,Dammam,
,,"Veterinary Medicine Products Factory Co., Ltd.",,montajat.boz,info@montajat.boz,0505820676,صنع المنتجات الصيدلانية,Dammam,
,,Al-Sharqiya Platforms Factory,,yahoo.com,kareemhail@yahoo.com,0502888444,,Dammam,
,,Springs Water Compnay Limited,,nestle-waters.com.sa,mubarak.aleid@nestle-waters.com.sa,0505860412,صنع المشروبات,Dammam,
,,Nabhaa Factory for Industrial Rubber Products,,nabharubber.com,ibrahim@nabharubber.com,0503813122,صنع منتجات المطاط والبلاستك,Dammam,
,,"Safety and Fire Equipment Co., Ltd.",,saseeq.com,talaal@saseeq.com,0500844650,صنع الالات والمعدات غير المصنفة في موضع اخر,Dammam,
,,شركة مياه روى المحدودة,,hotmail.com,rm797@hotmail.com,0551397776,,Dammam,
,,شركة ميتالوك انجنيرنج السعودية,,metalok.com.sa,sufyan.al-jafary@metalok.com.sa,0505910137,,Dammam,
,,شركة ميدال للكابلات السعودية العربية المحدودة,,alg.com.sa,ibrahim.alabdullatif@alg.com.sa,0500460046,,Dammam,
,,شركة نيوكوت العربية,,hotmail.com,sa.09@hotmail.com,0542112077,,Dammam,
,,Hut International Company for Transfer and Deportation,,kadiholding.com,ykadi@kadiholding.com,0505804003,,Dammam,
,,Weir Arabian Metals Company,,amco.com.sa,dkm@amco.com.sa,0540638210,الصناعات التحويلية الأخرى,Dammam,
,,Welspun Middle East Pipes Company Limited,,welspun.com,ahmed_alarifi@welspun.com,0515258440,صنع منتجات المعادن المشكلة، باستثناء الالات والمعدات,Dammam,
,,Saudi Buzwair Industrial Gases Co. Ltd.,,hotmail.com,emil@hotmail.com,0504415596,الصناعات التحويلية الأخرى,Dammam,
,,شركه صمامات العربيه العالميه للصناعه,,utesco.com,mail@utesco.com,0558887111,,Dammam,
,,Arabian Fiberglass Insulation Co. (AFICO),,zamilindustrial.com,ramzi@zamilindustrial.com,0555932328,الصناعات التحويلية الأخرى,Dammam,
,,فرع شركة السعياني المحدودة,,alsiyani.com,mansour@alsiyani.com,0500100066,,Dammam,
,,فرع شركة المصنع الحديث للصناعات الحديدية المحدودة,,psgsa.com.sa,nader.j@psgsa.com.sa,0501214108,صنع منتجات المعادن المشكلة، باستثناء الالات والمعدات,Dammam,
,,"Branch of BRC Saudi Arabia Industrial Co., Ltd.",,brc.com.sa,salman.alqateefi@brc.com.sa,0547336885,صنع الفلزات القاعدية,Dammam,
,,فرع شركة صحراء الخليج للكيماويات,,gdc-sa.com,aalkhial@gdc-sa.com,0549338877,,Dammam,
,,Branch of Cooper Industries Middle East Company LLC,,cooperindustries.com,saif.algharibeh@cooperindustries.com,0500612641,الصناعات التحويلية الأخرى,Dammam,
,,"Branch of Makhabez Al-Hatab Co., Ltd.",,woodenbakery-ksa.com,info@woodenbakery-ksa.com,0569599992,صناعة المنتجات الغذائية,Dammam,
,,فرع شركة هاوا فالفيز العربية,,gmail.com,aweidam1@gmail.com,0552310000,,Dammam,
,,Clarinettes Ali Al-Abdallah Al-Tamimi,,clariant-tamimi.com,info@clariant-tamimi.com,0555868283,صنع المواد الكيميائية والمنتجات الكيميائية,Dammam,
,,World Quality Fiberglass Factory,,hotmail.com,faleh_alhajri1@hotmail.com,0555811007,صنع منتجات المطاط والبلاستك,Dammam,
,,مجموعة الأنظمة الصناعية,,naizak.com,abdobm@naizak.com,0507030256,,Dammam,
,,Industrial Systems Group,,naizak.com,abdobm@naizak.com,0507030256,صنع المواد الكيميائية والمنتجات الكيميائية,Dammam,
,,Howraa Cosmetics Factory,,naizak.com,abdobm@naizak.com,0507030256,,Dammam,
,,Mohamed Habbas Al-Mutairi Factory for Furniture and Curtains,,thegallery.com.sa,info@thegallery.com.sa,0505820083,صنع الاثاث,Dammam,
,,Fiberglass Pipe Factory Co. Ltd.,,amiantit.com,thamers@amiantit.com,0505828750,صنع منتجات المعادن اللافلزية الأخرى,Dammam,
,,مصنع  شركة سما للتقنيات المحدودة,,samaa-tech.com,mohamed.alsaif@samaa-tech.com,0539008237,,Dammam,
,,مصنع  شركة عناصر الجهد الصناعية,,hotmail.com,ahmed_k_ot@hotmail.com,00966503177743,صنع منتجات المعادن المشكلة، باستثناء الالات والمعدات,Dammam,
,,Al-Safwa Modern Printing Presses Factory,,gmail.com,abraqpress@gmail.com,0550555551,أخرى,Dammam,
,,Bo Won Lee Factory for Steel Constructions and Industries,,alg.com.sa,ibrahim.alabdullatif@alg.com.sa,0500460046,صنع منتجات المعادن المشكلة، باستثناء الالات والمعدات,Dammam,
,,Air Circulation Factory for Ventilation,,hotmail.com,saleh_4000@hotmail.com,0503894948,صنع منتجات المعادن المشكلة، باستثناء الالات والمعدات,Dammam,
,,ARKAZ Factory for Engineering Industries,,tiseng.com,a.razek@tiseng.com,0556088088,صنع منتجات المعادن المشكلة، باستثناء الالات والمعدات,Dammam,
,,مصنع اس اس اي بي السعودية,,ssab.com,hussain.fareed@ssab.com,0541889606,,Dammam,
,,Al-Masalah Air Conditioners Factory,,skmaircon.com,hussain.sawad@skmaircon.com,00966504839598,الصناعات التحويلية الأخرى,Dammam,
,,مصنع اسامكو لانظمة الالمنيوم,,asamco-sa.com,abdullah@asamco-sa.com,0541115268,صنع منتجات المعادن المشكلة، باستثناء الالات والمعدات,Dammam,
,,Asbak Factory for Building Materials,,hotmail.com,s_biuwi@hotmail.com,0549152625,صنع منتجات المعادن اللافلزية الأخرى,Dammam,
,,Aswar  Factory for the Production of Nets,,hotmail.com,mhgd-2006@hotmail.com,0505804127,صنع منتجات المعادن المشكلة، باستثناء الالات والمعدات,Dammam,
,,Asdaf Shadan Kitchens Factory,,permapipe.com.ae,accountsppsa@permapipe.com.ae,0598123178,صنع منتجات المعادن المشكلة، باستثناء الالات والمعدات,Dammam,
,,Adwaa Al-Rawafed Factory for Electric Industries,,daco-ksa.com,mohammed@daco-ksa.com,0566290999,صنع المعدات الكهربائية,Dammam,
,,Akram Khair Bader & Partner Factory for the Production of Packaging Pens,,aspco.com.sa,akb@aspco.com.sa,0505810922,صنع منتجات المطاط والبلاستك,Dammam,
,,L & T Saudi Electric Factory,,yahoo.com,jamil1255@yahoo.com,0561189965,صنع المعدات الكهربائية,Dammam,
,,Concrete Buildings Factory,,alabniah.com.sa,hrd@alabniah.com.sa,0555056709,صنع منتجات المعادن اللافلزية الأخرى,Dammam,
,,Sealant Parts Factory,,hotmail.com,fathyali@hotmail.com,0504844073,أخرى,Dammam,
,,مصنع الاجزاء المانعة للتسرب,,alimanmhd.com,fathy@alimanmhd.com,0559115577,,Dammam,
,,The Hungry Bunny Factory for Meat Processing,,hungrybunny.com.sa,m.sobhy@hungrybunny.com.sa,0545843481,أخرى,Dammam,
,,Alassad Steel Factory,,gmail.com,fouadjubran@gmail.com,0505814290,صنع منتجات المعادن اللافلزية الأخرى,Dammam,
,,Traffic Lights Factory,,trafficsignalfactory.com,info@trafficsignalfactory.com,0505814719,صنع منتجات المعادن المشكلة، باستثناء الالات والمعدات,Dammam,
,,International Food Factory,,hotmail.com,fahad118@hotmail.com,0569355484,صناعة المنتجات الغذائية,Dammam,
,,Al- Ofoq Al-Ali Factory for Propagandas and Advertisments,,highsky.com.sa,info@highsky.com.sa,0559966066,الطباعة,Dammam,
,,Al-Andalus Aluminium Extrusion & Forming Factory,,h.com,hdjh@h.com,0506289223,صنع منتجات المعادن المشكلة، باستثناء الالات والمعدات,Dammam,
,,Al-Baha Factory for Air-Conditioning Units,,albaha.com,abdullah.zahrani@albaha.com,0508420207,الصناعات التحويلية الأخرى,Dammam,
,,Modern Plastic Factory,,yahoo.com,lotfy_rashwan@yahoo.com,0505804081,صنع منتجات المطاط والبلاستك,Dammam,
,,مصنع البلاستيك المثالي للانابيب,,biico.sa,gm@biico.sa,0541033339,صنع منتجات المطاط والبلاستك,Dammam,
,,Al-Banger Factory for Plastics,,aldossary-group.com,ojamal@aldossary-group.com,0558224480,صنع منتجات المطاط والبلاستك,Dammam,
,,Saudi Peatmoss & Vermiculite Plant,,ousaimi.com.sa,timber@ousaimi.com.sa,0506982445,صنع منتجات المطاط والبلاستك,Dammam,
,,Paper Supplies and Plastic Bags Factory,,sidco.com.as,gvr@sidco.com.as,0555850680,صنع منتجات المطاط والبلاستك,Dammam,
,,Al-Teknia Al-Alia for Pressure Vessels and Heat Exchangers,,hietchksa.com,m.abahussain@hietchksa.com,0508888870,صنع منتجات المعادن المشكلة، باستثناء الالات والمعدات,Dammam,
,,Al-Telal Saudi Factory for Metal Industries,,hotmil.com,akram_sadi@hotmil.com,0504841215,صنع منتجات المعادن المشكلة، باستثناء الالات والمعدات,Dammam,
,,Al-Jazi Bint Hazzaa Al-Raweesh Factory for plastic industries,,hotmail.com,g_factory2002@hotmail.com,0505851800,صنع منتجات المطاط والبلاستك,Dammam,
,,Al-Jabal Factory for Tahini and Tahini Halva,,aljabalfactory.com,info@aljabalfactory.com,0540570000,صناعة المنتجات الغذائية,Dammam,
,,Al-Jubail Factory for Pastries and Sweets,,hotmail.com,sultan.911@hotmail.com,0541118855,صناعة المنتجات الغذائية,Dammam,
,,Al-Jadid Global Factory for Plastic & Metal Recycling,,yahoo.com,arbab666@yahoo.com,0509250000,صنع منتجات المطاط والبلاستك,Dammam,
,,Al-Jazira Factory for Rebar Coating,,jazeera-steel.com,alshamali@jazeera-steel.com,0505448645,صنع منتجات المعادن اللافلزية الأخرى,Dammam,
,,Al-Joaib Factory for Wooden and Metal Furniture,,joaib.com,info@joaib.com,0500080008,صنع الاثاث,Dammam,
,,Al-Joaib Plastic and Rubber Factory,,joaib.com,khalifas@joaib.com,0505817366,صنع منتجات المطاط والبلاستك,Dammam,
,,Al-Jamal Al-Sharqi Factory for Cosmetics,,sahara.com.sa,fttcgroap@sahara.com.sa,0504974525,صنع المواد الكيميائية والمنتجات الكيميائية,Dammam,
,,Al-Hirafi Al-Maher Factory for Wood Industries,,hotmail.com,artisana1@hotmail.com,0503878219,صنع الخشب ومنتجات الخشب والفلين، باستثناء الاثاث؛ صنع اصناف من القش ومواد الضفر,Dammam,
,,Al-Hasamahia Fiberglass Factory,,hotmail.com,hussam.ms@hotmail.com,0502885403,صنع منتجات المطاط والبلاستك,Dammam,
,,Fahd Bin Ibrahim Al-Damegh Factory for Industrial Solutions,,addameghgroup.com,fahad@addameghgroup.com,0505821271,الصناعات التحويلية الأخرى,Dammam,
,,Al-Hamd Factory for Aluminium Foil,,alhamadco.com,nh@alhamadco.com,0505862965,صنع منتجات المعادن المشكلة، باستثناء الالات والمعدات,Dammam,
,,Al Huwail Factory for Tire Retreading,,alhowail.com,dcme-howail@alhowail.com,0505221636,صنع منتجات المطاط والبلاستك,Dammam,
,,Al-Khalidiya Factory for Plastic Processing,,gmail.com,alkhaledia2016@gmail.com,0508658441,صنع منتجات المطاط والبلاستك,Dammam,
,,Saudi Plastic Hoses Factory,,gmail.com,ahbtest@gmail.com,0505811634,صنع منتجات المطاط والبلاستك,Dammam,
,,Al-Kharif Factory for Re-engineering and Spare Parts Production,,alkhorayef.com,aalghtani@alkhorayef.com,0555339743,صنع الالات والمعدات غير المصنفة في موضع اخر,Dammam,
,,Abdulaziz Mohamed Al-Dabiban Tanks Factory,,gulftechnicalco.com,hassan@gulftechnicalco.com,0506831618,صنع المركبات ذات المحركات والمركبات المقطورة ونصف المقطورة,Dammam,
,,Gulf Industrial Valves Factory,,hotmail.com,jkjm@hotmail.com,0503819526,صنع الالات والمعدات غير المصنفة في موضع اخر,Dammam,
,,Gulf Gasket Factory,,zajil.net,ggf-sales@zajil.net,0505806302,صنع المواد الكيميائية والمنتجات الكيميائية,Dammam,
,,Gulf Automobiles Factory,,gmail.com,alhajeri5@gmail.com,0565588885,صنع معدات النقل الاخرى,Dammam,
,,Al-Khair Plastic Factory,,sahara.com,alkhair@sahara.com,0505851154,صنع منتجات المطاط والبلاستك,Dammam,
,,Al-Dabal Scaffolding Factory,,sqbdabal.com,adnan@sqbdabal.com,0500077621,صنع منتجات المعادن المشكلة، باستثناء الالات والمعدات,Dammam,
,,Al Dehaim Factory for Photo Frames and Decor,,yahoo.com,dohaim@yahoo.com,0503848084,صنع منتجات المطاط والبلاستك,Dammam,
,,Al-Deqa Factory for the Manufacture of Flanges and Pipe Fittings,,alsuwaidi.com.sa,pff_accounts3@alsuwaidi.com.sa,0560548015,صنع منتجات المعادن المشكلة، باستثناء الالات والمعدات,Dammam,
,,"Dammam Wire Mesh, Coating & Wires Factory",,gmail.com,dwmfnn@gmail.com,0599023988,صنع الفلزات القاعدية,Dammam,
,,Al Dossary Macaroni Factory,,hotmail.com,aldossary2012@hotmail.com,0505812834,أخرى,Dammam,
,,Al Razi Pharma Industry Factory,,alrazi-pharma.com,fadel.alalio@alrazi-pharma.com,0504818147,صنع المنتجات الصيدلانية,Dammam,
,,Al Rida Carton Packaging Factory,,gmail.com,redapress@gmail.com,0590931001,صنع الورق ومنتجات الورق,Dammam,
,,Al Rumaih Furniture Manufacturing Factory,,cyberia.net.sa,afm-furn@cyberia.net.sa,0598448876,صنع الاثاث,Dammam,
,,Al-Rouf Electrical Accessories Factory,,h.com,hdjh@h.com,0505820197,صنع المعدات الكهربائية,Dammam,
,,Zamil Central Air Conditioners Factory,,zamilindustrial.com,ramzi@zamilindustrial.com,0555932328,صنع الالات والمعدات غير المصنفة في موضع اخر,Dammam,
,,Black Arrow Factory for Kitchens,,yahoo.com,hsameh67@yahoo.com,0546033932,,Dammam,
,,Black Arrow Factory for Detergents,,yahoo.com,hsameh67@yahoo.com,0504990730,صنع المواد الكيميائية والمنتجات الكيميائية,Dammam,
,,Guf Market Factory for Steel Industries,,modon.gov.sa,mkhalaf@modon.gov.sa,0544417777,صنع منتجات المعادن المشكلة، باستثناء الالات والمعدات,Dammam,
,,Al Shubrumyah Aerosol Factory,,shabakah.net.sa,safaeros@shabakah.net.sa,0502480162,صنع منتجات المعادن المشكلة، باستثناء الالات والمعدات,Dammam,
,,Middle East Industrial Gas Factory,,hotmail.com,emil@hotmail.com,0505893981,صنع المواد الكيميائية والمنتجات الكيميائية,Dammam,
,,Middle East Cable Holders and Accessories Factory,,mcss.com.sa,info@mcss.com.sa,0505805188,أخرى,Dammam,
,,Al-Sharqiya Cement Products Factory,,hotmail.com,alkhaled_999@hotmail.com,0592559969,الصناعات التحويلية الأخرى,Dammam,
,,مصنع الشركة السعودية لسحب الألمنيوم,,gmail.com,dr.mohd.nasser@gmail.com,0530111222,,Dammam,
,,Saudi Dairy and Foodstuff Company (SADAFCO),,sadafco.com,talal.alnounou@sadafco.com,0505615159,صناعة المنتجات الغذائية,Dammam,
,,مصنع الشركة العربية للصناعات التحويلية,,saaicc.com,hr@saaicc.com,0556331545,صنع الورق ومنتجات الورق,Dammam,
,,Al-Shamrani Trading & Industry Co. Factory,,shamrany.com,sig@shamrany.com,0507949950,صنع منتجات المعادن المشكلة، باستثناء الالات والمعدات,Dammam,
,,Industrial Valves Factory,,ivm-ombsaudi.com,malik@ivm-ombsaudi.com,0564441433,صنع الالات والمعدات غير المصنفة في موضع اخر,Dammam,
,,Industrial Valves Factory,,ivm-ombsaudi.com,info@ivm-ombsaudi.com,0506040512,صنع منتجات المعادن المشكلة، باستثناء الالات والمعدات,Dammam,
,,Al-Samaani Factory for Car Bodies and Prefabricated Homes,,hotmail.com,aosamani@hotmail.com,0555573339,صنع المركبات ذات المحركات والمركبات المقطورة ونصف المقطورة,Dammam,
,,Children's Steel Toys Factory,,yahoo.com,pgfksa@yahoo.com,0560723063,صنع منتجات المعادن المشكلة، باستثناء الالات والمعدات,Dammam,
,,Al-Alamia Electrical Products Factory,,altuwairgi.com,said.almoallem@altuwairgi.com,0500263077,صنع المعدات الكهربائية,Dammam,
,,Universal Halon Treatment Factory,,miic.com.sa,mashan@miic.com.sa,0530919484,صنع المواد الكيميائية والمنتجات الكيميائية,Dammam,
,,مصنع العالية للإضافات الكيميائية,,yhoo.com,abco@yhoo.com,0504836246,صنع المواد الكيميائية والمنتجات الكيميائية,Dammam,
,,Al Abbas Carton Factory,,alabbasgrp.com,info.carton@alabbasgrp.com,0505811620,صنع منتجات المطاط والبلاستك,Dammam,
,,Al Ajab Metal Galvanizing and Coating Factory,,al-ajab.com,info@al-ajab.com,0500504685,صنع الالات والمعدات غير المصنفة في موضع اخر,Dammam,
,,Aujan Factory for  Rani and Femto Refreshments,,aujan.com.sa,habibm.alhabib@aujan.com.sa,0583000412,صنع المشروبات,Dammam,
,,Al Fozan Steel Industries Company,,alfozansteel.com,khalid_turki@alfozansteel.com,0505861882,صنع منتجات المعادن اللافلزية الأخرى,Dammam,
,,Al Fozan Wood Products Company,,bawanwood.com,bawan@bawanwood.com,0504814830,أخرى,Dammam,
,,National Fiberglass Factories - Branch of Ibrahim Al-Muhaidib Commercial Company,,yahoo.com,tamerkhatab@yahoo.com,0545200133,صنع منتجات المطاط والبلاستك,Dammam,
,,Al-Qasr Mattresses and Bedspreads Factory,,hotmail.com,abahosain@hotmail.com,0505818423,صنع المنسوجات,Dammam,
,,Metal Partitions Factory for Metal Products,,mprofiles.net,info@mprofiles.net,0557779088,صنع منتجات المعادن المشكلة، باستثناء الالات والمعدات,Dammam,
,,Mohammed Obaid Jumaa Al Kaabi Factory for Ironware Manufacturing & Coating,,kaabisteel.com,gm@kaabisteel.com,0508127129,صنع منتجات المعادن اللافلزية الأخرى,Dammam,
,,Al-Lamaa Wooden and Metal Furniture Factory,,allamaa.com,masfer@allamaa.com,0590804020,صنع الاثاث,Dammam,
,,مصنع المبادئ الفنية للصناعات المعدنية,,gmail.com,aljohi.salem@gmail.com,0503890868,صنع منتجات المعادن المشكلة، باستثناء الالات والمعدات,Dammam,
,,Saudi Company for Prefabricated Buildings,,gmail.com,hassain8@gmail.com,0504989887,صنع منتجات المعادن المشكلة، باستثناء الالات والمعدات,Dammam,
,,Al-Majdouie Steel Industries Factory,,almajdouie.com,msi@almajdouie.com,0504994368,صنع منتجات المعادن اللافلزية الأخرى,Dammam,
,,Al-Magul Factory for Oxidized Asphalt and Insulation Material,,hotmail.com,mafco_acc@hotmail.com,0505868986,صنع منتجات المطاط والبلاستك,Dammam,
,,National Rubber Factory & Derivatives,,alhowail.com,tm@alhowail.com,0599840804,صنع منتجات المطاط والبلاستك,Dammam,
,,Al Matroud Factory For Food Powders,,almatrood.com.sa,ndp@almatrood.com.sa,0504818443,صناعة المنتجات الغذائية,Dammam,
,,Industrial Construction Factory (INCO),,inco-sa.com,inco@inco-sa.com,0500056687,صنع الخشب ومنتجات الخشب والفلين، باستثناء الاثاث؛ صنع اصناف من القش ومواد الضفر,Dammam,
,,Al-Manaraten Factory Insulated Concrete Blocks and Prefabricated Concrete Parts,,almanarakain.com,alshaab@almanarakain.com,0549103121,صنع منتجات المعادن اللافلزية الأخرى,Dammam,
,,Modern Detergents Factory,,hotmail.com,emil@hotmail.com,0505804081,صنع المواد الكيميائية والمنتجات الكيميائية,Dammam,
,,Al-Mona Cans Industry Factory,,hotmail.com,r.hm.321@hotmail.com,0506868617,صنع منتجات المطاط والبلاستك,Dammam,
,,Al-Mohandeson Al-Saudion Factory for Metal Development,,raqtan.com,malek@raqtan.com,0568511111,صنع منتجات المعادن المشكلة، باستثناء الالات والمعدات,Dammam,
,,مصنع المهندسون السعوديون لتطوير المعادن,,raqtan.com,muthanna@raqtan.com,0504949628,,Dammam,
,,Saudi Abrasives Factory,,humaideist.com,jollylonappan@humaideist.com,0505813319,أخرى,Dammam,
,,مصنع المؤسسة العربية لتشكيل الحديد والانابيب,,aet-psd.com,khalid@aet-psd.com,0508333370,,Dammam,
,,Al-Moahala Plastics Factory,,hotmail.com,magdy_samaha@hotmail.com,0505812943,صنع منتجات المطاط والبلاستك,Dammam,
,,Al Nour Sun & Medical Lenses Factory,,alnooroptician.com,info@alnooroptician.com,0504810902,صنع المنتجات الصيدلانية,Dammam,
,,Al-Hilal Modern Plastic Factory,,yahoo.com,a.g10777@yahoo.com,0505822737,صنع منتجات المطاط والبلاستك,Dammam,
,,Al-Yarmouk Al-Sharqiya Factory for the production of Electrical Distribution Panels and Transfer Stations,,hotmail.com,m_a_shami@hotmail.com,0505848452,صنع الخشب ومنتجات الخشب والفلين، باستثناء الاثاث؛ صنع اصناف من القش ومواد الضفر,Dammam,
,,Al-Yarmouk Al-Sharqiya Wooden Platforms Factory,,hotmail.com,m_a_shami@hotmail.com,0555848452,,Dammam,
,,Aman and Hemaya Factory for the manufacture of explosion and fire resistant electric materials,,spfsa.net,sales@spfsa.net,0508409572,صنع المعدات الكهربائية,Dammam,
,,Aman and Hemaya Factory for the manufacture of explosion and fire resistant electric materials,,ivm-ombsaudi.com,basil@ivm-ombsaudi.com,0556687756,صنع المعدات الكهربائية,Dammam,
,,Amwaj Al-Seef Factory for Shades Manufacturing,,hotmail.com,muath70@hotmail.com,0505908251,صنع منتجات المعادن المشكلة، باستثناء الالات والمعدات,Dammam,
,,Orange Zeb Kamar Factory for Wool Yarn,,hotmail.com,azgamar@hotmail.com,0503862526,صنع المنسوجات,Dammam,
,,Balhamer Factory For Granite Powder,,kabco.org,indust_acc@kabco.org,0568899242,صنع منتجات المعادن اللافلزية الأخرى,Dammam,
,,Balhamer Factory for Wood Paint,,kabco.sa,gm@kabco.sa,0544058850,الصناعات التحويلية الأخرى,Dammam,
,,Bedon Esm Factory for Garment Industry,,mahgroup.com,muhd@mahgroup.com,0505882295,صنع الملبوسات,Dammam,
,,مصنع بروق الخليج للمنتجات الحديدية,,jadarafactory.com,mkhalil@jadarafactory.com,0538339806,,Dammam,
,,Bina Advanced Concrete Products  Factory,,yosefia.com,fahad@yosefia.com,0505414355,صنع منتجات المعادن المشكلة، باستثناء الالات والمعدات,Dammam,
,,Bawabat Al-Masmak Factory for Metal and Wood Industries,,hotmail.com,aae6002@hotmail.com,0558500005,أخرى,Dammam,
,,Gulf Polyurethane Factory,,nassag.com,othman@nassag.com,0505864888,صنع منتجات المطاط والبلاستك,Dammam,
,,Al-Sharqiya Foods Factory,,yahoo.com,salmeflah@yahoo.com,0504991566,صنع المشروبات,Dammam,
,,Taj Factory for International Insulators,,hotmail.com,mhgd-2006@hotmail.com,0554668661,صنع المواد الكيميائية والمنتجات الكيميائية,Dammam,
,,Sama Supplies Aluminum Factory,,samaaluminum.com,m.halim@samaaluminum.com,0504814905,,Dammam,
,,Torath Belady Factory for Paints and Pastes,,yahoo.com,nadeer300@yahoo.com,0555900045,صنع المواد الكيميائية والمنتجات الكيميائية,Dammam,
,,Terous Factory for Industrial Services,,yahoo.com,hafeed_workshop2@yahoo.com,0505824365,صنع الالات والمعدات غير المصنفة في موضع اخر,Dammam,
,,Tafaseel Al-Gawda Factory for Plastics,,h.com,hdjh@h.com,0564928250,صنع منتجات المطاط والبلاستك,Dammam,
,,Al-Jazirah Technology Furniture Factory,,hotmail.com,9m@hotmail.com,0501113111,صنع الاثاث,Dammam,
,,Abrasive Technology Factory,,ati-gulf.com,jafar.gr@ati-gulf.com,0555929601,صنع المواد الكيميائية والمنتجات الكيميائية,Dammam,
,,Insulation Materials Technology Factory,,techno-proof.com,khan@techno-proof.com,0548820253,صنع منتجات المطاط والبلاستك,Dammam,
,,"Tamam Factory for Plastics, Moulds and Metal Forming",,tamamplastic.com,aao@tamamplastic.com,0505906777,صنع منتجات المعادن المشكلة، باستثناء الالات والمعدات,Dammam,
,,Tamdeed Factory for Pipes and its Equipment,,tamdidpipes.com,f.khan@tamdidpipes.com,0500714144,صنع منتجات المعادن المشكلة، باستثناء الالات والمعدات,Dammam,
,,Tamdeed Factory for Pipes and its Equipment,,tamdidpipes.com,f.khan@tamdidpipes.com,0500714144,صنع منتجات المعادن المشكلة، باستثناء الالات والمعدات,Dammam,
,,Jal Factory for Energy Services,,jalinternational.com.sa,jal@jalinternational.com.sa,0505804668,صنع المعدات الكهربائية,Dammam,
,,Gebal Najran Factory for Metal Products,,gbn-group.com,suliman@gbn-group.com,0556992262,صنع منتجات المعادن المشكلة، باستثناء الالات والمعدات,Dammam,
,,Jiad Factory for Pressure Vessels and Iron Hangers,,geyad.com,info@geyad.com,0555800692,صنع منتجات المعادن اللافلزية الأخرى,Dammam,
,,Al-Takamul Modern Contracting Co.,,gpf.ltd,a.bassyouni@gpf.ltd,0540091326,,Dammam,
,,Solutions Factory for Tires Production,,hotmail.com,jkjm@hotmail.com,0505800755,صنع منتجات المطاط والبلاستك,Dammam,
,,Khaled Industrial Marble Factory,,hotmail.com,jsdoulab@hotmail.com,0505807779,صنع منتجات المعادن اللافلزية الأخرى,Dammam,
,,Khalid and Nawwaf Al-Hamad Factory for Plastic Products,,alhamadco.com,nh@alhamadco.com,0505862965,صنع منتجات المطاط والبلاستك,Dammam,
,,Khalid and Nawwaf Al-Hamad Factory for Paper Products,,alhamadco.com,kh@alhamadco.com,0505862965,صنع الورق ومنتجات الورق,Dammam,
,,Al-Thalaga International Company,,universalcsc.com,mohamed@universalcsc.com,0557996999,,Dammam,
,,New Delta Food Factory,,hotmail.com,deltaback@hotmail.com,0505811620,صناعة المنتجات الغذائية,Dammam,
,,مصنع رضا لصناعة معدات الأطفاء,,redafire.com,abdulkareem.aljaroodi@redafire.com,0508901688,صنع المركبات ذات المحركات والمركبات المقطورة ونصف المقطورة,Dammam,
,,Remal Telecom Factory,,remalelectric.com,info@remalelectric.com,0556601192,صنع منتجات المعادن المشكلة، باستثناء الالات والمعدات,Dammam,
,,Ramsey Glass Factory,,ramzial.com,ramzi@ramzial.com,0507249940,صنع منتجات المعادن المشكلة، باستثناء الالات والمعدات,Dammam,
,,Rebeon Chemicals Factory,,hotmail.com,sss_505@hotmail.com,0505856268,صنع المواد الكيميائية والمنتجات الكيميائية,Dammam,
,,Zakhraf International Factory for Wooden Furniture,,hotmail.com,n_m_d_2012@hotmail.com,0562155366,صنع الخشب ومنتجات الخشب والفلين، باستثناء الاثاث؛ صنع اصناف من القش ومواد الضفر,Dammam,
,,Salem Balhamr Plastic Factory,,salembalhamer.com,harb@salembalhamer.com,0505803252,صنع منتجات المطاط والبلاستك,Dammam,
,,مصنع سبع نجوم لجلفنة وطلاء المعادن,,7starindustry.com,maqsood@7starindustry.com,0505821867,صنع منتجات المعادن المشكلة، باستثناء الالات والمعدات,Dammam,
,,Al-Sharqia Heaters Factory,,hotmail.com,abuaseen1955@hotmail.com,0558010482,صنع المعدات الكهربائية,Dammam,
,,Sultan Salman Ibn Hethlain Factory for Elevators,,gmail.com,alyamisalem@gmail.com,0556792020,صنع الالات والمعدات غير المصنفة في موضع اخر,Dammam,
,,Salman Johar Al-Johar Iron Rolling Factory,,gmail.com,rakanaljohar1@gmail.com,0544222927,صنع منتجات المعادن اللافلزية الأخرى,Dammam,
,,Salman Johar Al-Johar Scrap Melting Factory,,gmail.com,rakanaljohar1@gmail.com,0544222927,صنع منتجات المعادن المشكلة، باستثناء الالات والمعدات,Dammam,
,,Salman Johar Al-Johar Sponge Iron Factory,,gmail.com,rakanaljohar1@gmail.com,0544222927,صنع منتجات المعادن اللافلزية الأخرى,Dammam,
,,Salman Johar Al-Johar Metal Alloys Factory,,gmail.com,rakanaljohar1@gmail.com,0544222927,صنع منتجات المعادن المشكلة، باستثناء الالات والمعدات,Dammam,
,,Sohoum Factory for Iron Rolling,,zajil.net,aaaa@zajil.net,0505859737,صنع منتجات المعادن المشكلة، باستثناء الالات والمعدات,Dammam,
,,مصنع سواري المشرق للصناعة,,gmail.com,khateramk@gmail.com,0505902719,صنع المواد الكيميائية والمنتجات الكيميائية,Dammam,
,,Riyadh Ceramics Factory,,hotmail.com,e3feeni7@hotmail.com,0555419494,الصناعات التحويلية الأخرى,Dammam,
,,Riyadh Ceramics Factory,,gmail.com,est@gmail.com,0502917717,الصناعات التحويلية الأخرى,Dammam,
,,Sodium Silicate Factory,,adwanchem.com,yahya@adwanchem.com,0504138169,صنع المواد الكيميائية والمنتجات الكيميائية,Dammam,
,,Itqan Partners Factory for Iron Products and Galvanization,,gmail.com,dwmfnn@gmail.com,0599023988,صنع منتجات المعادن المشكلة، باستثناء الالات والمعدات,Dammam,
,,مصنع شركة  ضوى العالمية للبيوت الحديديه وتقصيه الزجاج,,live.com,otaco@live.com,0558481789,,Dammam,
,,مصنع شركة  فورم العربية المحدودة,,f-e-t.com,metab.abdullah@f-e-t.com,0555057216,صنع منتجات المعادن المشكلة، باستثناء الالات والمعدات,Dammam,
,,RDC Arabia Driling Inc. Factory,,rowancompanies.com,alials@rowancompanies.com,0554540199,صنع الالات والمعدات غير المصنفة في موضع اخر,Dammam,
,,مصنع شركة أكرم خير بدر وشريكه لافلام التغليف,,aspco.com.sa,raheem@aspco.com.sa,0540790481,صنع منتجات المطاط والبلاستك,Dammam,
,,Al Hussaini Walihai Co. Factory for Insulation Panels,,huyabir.com,mohammad.rasmi@huyabir.com,0564242666,صنع منتجات المطاط والبلاستك,Dammam,
,,Rowad International Geosynthetics Co. Factory,,rowadplastic.com,m.alzamil@rowadplastic.com,0541337441,الصناعات التحويلية الأخرى,Dammam,
,,Al-Sharqiya United  Co. Factory for Valves,,yhoo.com,abco@yhoo.com,0505151559,صنع منتجات المعادن المشكلة، باستثناء الالات والمعدات,Dammam,
,,Golden Chip Company Factory (GCCF),,goldenchip.com.sa,khaled.tawab@goldenchip.com.sa,0505806692,أخرى,Dammam,
,,مصنع شركة الصرح المثالي للسلامه,,alsarhalmethali.com,gov-ksa@alsarhalmethali.com,0500774778,صنع الالات والمعدات غير المصنفة في موضع اخر,Dammam,
,,Safar Mishaan Nahi Al-Otaibi,,gmail.com,roqicard@gmail.com,0506844194,صنع منتجات المعادن اللافلزية الأخرى,Dammam,
,,مصنع شركة انظمه الطاقة الشمسية الوطنية,,national-solar.net,ghanme.almeahthel@national-solar.net,0507979509,صنع المعدات الكهربائية,Dammam,
,,مصنع شركة أولدرلي م م ح,,alderley.com,yasser.qari@alderley.com,0543185241,صنع الحواسيب والمنتجات الإلكترونية والبصرية,Dammam,
,,مصنع شركة ايه بي بي للصناعات الكهربائية (صواني كابلات),,sa.abb.com,mohammed.merdah@sa.abb.com,0505217109,صنع المعدات الكهربائية,Dammam,
,,Advanced Plastic Components Technologies Co. Factory for Polyethylene,,sealtech.com,fathi@sealtech.com,0562844755,صنع منتجات المطاط والبلاستك,Dammam,
,,Building Materials Industries Technology Company Factory,,tecon.co,akateef.swated@tecon.co,0505414355,صنع منتجات المعادن اللافلزية الأخرى,Dammam,
,,TIECO,,teco-me.com,wael.hamri@teco-me.com,0506841324,صنع المعدات الكهربائية,Dammam,
,,"Jisr Al-Khaleej Industries and Iron Works co., Ltd. Factory",,rubeaan.com,gmoffice2@rubeaan.com,0503688193,الصناعات التحويلية الأخرى,Dammam,
,,"GE Oil & Gas Pressure Control Middle East Co., Ltd. Factory",,ge.com,hamad.alzoebi@ge.com,0501922279,صنع المواد الكيميائية والمنتجات الكيميائية,Dammam,
,,Smart Energy Services Chemical Co. Factory,,i-energy.com,w.batarfi@i-energy.com,0505800244,صنع منتجات المعادن المشكلة، باستثناء الالات والمعدات,Dammam,
,,Khair Al-Mammlaka  Co. Factory for Electro Mechanical Industries,,salmangroup.com,hussain.alnasser@salmangroup.com,0556001188,صنع الالات والمعدات غير المصنفة في موضع اخر,Dammam,
,,"Trading & Development Co. Factory For Machinery, Equipemt and Chemicals Ltd. - REDA",,redachem.com,sameer.alraya@redachem.com,0532228823,صنع المواد الكيميائية والمنتجات الكيميائية,Dammam,
,,Al-Tagbeer Global Factory Co.,,gmail.com,laekali@gmail.com,0597810203,صنع منتجات المعادن المشكلة، باستثناء الالات والمعدات,Dammam,
,,Ali Hassan Al-Saud & Sons Co. Factory for Industrial Marble and Granite,,gmail.com,ascabdl@gmail.com,0505807067,صنع منتجات المعادن اللافلزية الأخرى,Dammam,
,,Ali and Reda Mohamed Al Ferdan Co. Factory for Boats Production,,yhoo.com,abco@yhoo.com,0504986211,صنع المركبات ذات المحركات والمركبات المقطورة ونصف المقطورة,Dammam,
,,Omar Saleh Shamlan Glass Factory,,shmlan.com.sa,omar@shmlan.com.sa,0505823434,صنع منتجات المعادن اللافلزية الأخرى,Dammam,
,,Gas Al-Sharq Company Factory,,eastgas.com.sa,alhedaithy@eastgas.com.sa,0553036280,صنع المواد الكيميائية والمنتجات الكيميائية,Dammam,
,,مصنع شركة فاريل العربية,,varelintl.com,massiri@varelintl.com,0556811588,,Dammam,
,,Fluorite Co. Factory for Valves,,gmail.com,khalid.aleidi@gmail.com,0505809625,صنع الالات والمعدات غير المصنفة في موضع اخر,Dammam,
,,Fluorite Co. Factory for Valves,,gmail.com,khalid.aleidi@gmail.com,0505809625,صنع الالات والمعدات غير المصنفة في موضع اخر,Dammam,
,,مصنع شركة فلوسيرف أباحسين فلوكنترول المحدودة,,flowserve.com,salaqahtani@flowserve.com,0555899849,الصناعات التحويلية الأخرى,Dammam,
,,Saudi Vetonit Co. Ltd. Factory For Construction Materials,,saudivetonit.com,a.alyami@saudivetonit.com,0568877778,صنع منتجات المعادن اللافلزية الأخرى,Dammam,
,,Nago Factory for Metal Formation,,abdulla-fouad.com,mustafa.wesaaibie@abdulla-fouad.com,0506923470,صنع منتجات المعادن اللافلزية الأخرى,Dammam,
,,Ahmed Gharam Allah Al-Ghamdi & Bros. Co. Factory for Paper Products,,hotmail.com,ss_113@hotmail.com,0546666443,صنع الورق ومنتجات الورق,Dammam,
,,Ahmed Gharam Allah Al-Ghamdi & Bros Co. Factory for Paper Products,,aggcom.net,alghannamga@aggcom.net,0555816099,صنع الورق ومنتجات الورق,Dammam,
,,Mohamed Salman Almehnaa  & Bros Co. Factory for Food Products,,yahoo.com,a.g10777@yahoo.com,0562688880,صناعة المنتجات الغذائية,Dammam,
,,Al-Qabbani Commercial Center Factory for Sweets,,cyberia.net.sa,mnk@cyberia.net.sa,0505460521,صنع منتجات المعادن المشكلة، باستثناء الالات والمعدات,Dammam,
,,Middle East Sources Factory for Polyethylene Wax,,5dholding.com,radhi@5dholding.com,0550044792,صنع المواد الكيميائية والمنتجات الكيميائية,Dammam,
,,Building Components Company,,zamilindustrial.com,ramzi@zamilindustrial.com,0555737813,صنع منتجات المعادن اللافلزية الأخرى,Dammam,
,,Nassim Al-Tibat Factory for Ice Cream,,hotmail.com,tamerobaya@hotmail.com,0541072965,صناعة المنتجات الغذائية,Dammam,
,,Waha Saudi Factory for Plastic Products,,hotmail.com,jkjm@hotmail.com,0553885549,صنع منتجات المطاط والبلاستك,Dammam,
,,مصنع شركة وطن للغازات الصناعية والطبية,,wimgc.com,mohy@wimgc.com,0559365001,صنع المواد الكيميائية والمنتجات الكيميائية,Dammam,
,,Walid Saleh El-Hamed  & Partners Co. for Meat,,yahoo.com,waleedsalhamed@yahoo.com,0503855703,صناعة المنتجات الغذائية,Dammam,
,,مصنع شركه أعمال الصمامات المتقدمة للمنتجات الكيميائية,,dynamicenergysa.com,basel@dynamicenergysa.com,0505805654,,Dammam,
,,Sahara Factory for Architecture Works,,hotmail.com,aymanbdair@hotmail.com,0553885514,صنع منتجات المعادن المشكلة، باستثناء الالات والمعدات,Dammam,
,,Saudi  Thermal Industries Factory,,sri.com.sa,jamil.alami@sri.com.sa,0540578104,الصناعات التحويلية الأخرى,Dammam,
,,Defaf Amiantit Factory,,amiantit.com,thamers@amiantit.com,0505828750,صنع المواد الكيميائية والمنتجات الكيميائية,Dammam,
,,Takat Al-Sharq Saudi Factory,,hotmail.com,mohammedalraqqah@hotmail.com,0557930091,صنع المعدات الكهربائية,Dammam,
,,Talabyat Factory for Metals Surface  Treatment,,permapipe.com.ae,accountsppsa@permapipe.com.ae,0505804111,صنع منتجات المعادن المشكلة، باستثناء الالات والمعدات,Dammam,
,,Telfah Ateeq Al-Shleikhi Factory for Metal Works,,gmail.com,alshelikhicomplex@gmail.com,0505871788,صنع منتجات المعادن المشكلة، باستثناء الالات والمعدات,Dammam,
,,Abdulaziz Ahmad Al-Fawzan Factory for electrical products,,aaalfozan.com,jamal_barakat@aaalfozan.com,0506819976,صنع منتجات المعادن المشكلة، باستثناء الالات والمعدات,Dammam,
,,Abdulaziz Abdullah Al-Rajhi Factory for Metal Industries,,nesma.net.sa,alrajhisteel@nesma.net.sa,0501062503,صنع منتجات المعادن المشكلة، باستثناء الالات والمعدات,Dammam,
,,Abdullah Ibrahim Al-Nafea  Factory for Ready-made Garments,,hotmail.com,alnafea1@hotmail.com,0502178943,صنع الملبوسات,Dammam,
,,Abdullah Ali Al Saif Factory for Cement Products,,binsaif.sa,binsaif@binsaif.sa,0548811188,صنع منتجات المعادن اللافلزية الأخرى,Dammam,
,,Abdullah Mohamed Al-Nemr Factory for Iron Recycling and Forming,,gmail.com,alnemerss@gmail.com,0558885605,صنع منتجات المعادن اللافلزية الأخرى,Dammam,
,,Abr Al-Kahraba  Factory for Electric Boards,,yahoo.com,aym_you2000@yahoo.com,0502302473,صنع المعدات الكهربائية,Dammam,
,,Essam Mohamed Kabbani Factory for Insulators,,ikkgroup.com,nabeel.alhian@ikkgroup.com,0507765166,صنع منتجات المطاط والبلاستك,Dammam,
,,Ali Salem Al-Khaldi Factory for the Manufacture of Buildings Facades,,yahoo.com,eslam0121554318@yahoo.com,0500500815,أخرى,Dammam,
,,Omar Abdul Karim Al-Amoudi Factory for Food and Meat Industry,,yahoo.com,oaa_500@yahoo.com,0551577773,صناعة المنتجات الغذائية,Dammam,
,,"Ghali Maadi Al-Sebeaei Factory for Marble, Granite and Stone",,saf.com,ghali@saf.com,0555999911,صنع منتجات المعادن اللافلزية الأخرى,Dammam,
,,Ghalia Factory for Food Industries,,yahoo.com,al_asmaryimam@yahoo.com,0504912086,صناعة المنتجات الغذائية,Dammam,
,,Ghazaa Al-Mustahlek Factory for Food Products Packing,,aggcom.net,alghannamga@aggcom.net,0555816099,صناعة المنتجات الغذائية,Dammam,
,,Ghassan Mohamed Al-Majid Factory for Industrial Sponge,,uf.com.sa,ghmm@uf.com.sa,0555872155,صنع منتجات المطاط والبلاستك,Dammam,
,,FAPCO Plastic Factory,,salembalhamer.com,harbi@salembalhamer.com,0505803252,صنع منتجات المطاط والبلاستك,Dammam,
,,Fonoun Factory for Fiberglass Products,,technogroupme.com,saeed@technogroupme.com,0501887721,صنع منتجات المعادن اللافلزية الأخرى,Dammam,
,,Fonoun Factory for Metal Products,,technogroupme.com,saeed@technogroupme.com,0501887721,صنع منتجات المعادن المشكلة، باستثناء الالات والمعدات,Dammam,
,,Dammam Dome Plastic Factory,,domeplast.net,dome@domeplast.net,0505840722,صنع منتجات المطاط والبلاستك,Dammam,
,,Al-Olayan Aluminum Kitchen Palace Factory,,alolayankitchens.com,mohamad@alolayankitchens.com,0505818439,صنع منتجات المعادن المشكلة، باستثناء الالات والمعدات,Dammam,
,,Mermat Factory for Aluminium,,almirmah.com,admin@almirmah.com,00966555040246,صنع منتجات المعادن المشكلة، باستثناء الالات والمعدات,Dammam,
,,Jader Ayed Al-Fahad Factory for Bentonite,,oilfield.com.sa,oilfield@oilfield.com.sa,0505322229,صنع المواد الكيميائية والمنتجات الكيميائية,Dammam,
,,Laqlaq Snacks Factory,,permapipe.com.ae,accountsppsa@permapipe.com.ae,0555647616,صناعة المنتجات الغذائية,Dammam,
,,Louay Abdullah Al-Obaid Plastic Factory,,hotmail.com,losa1962@hotmail.com,0503821334,صنع منتجات المطاط والبلاستك,Dammam,
,,Lian Al-Sharqiya Food Factory,,hotmail.com,azizaza@hotmail.com,0566225555,صناعة المنتجات الغذائية,Dammam,
,,Mohamed Hussein El-Arini Factory for Marble and Granite,,gmail.com,mhaor2011@gmail.com,0504850688,الصناعات التحويلية الأخرى,Dammam,
,,Mohamed Abdul Rahman Ibn Ziyad Factory for Salt Cubes and Forage Products / Dammam Branch,,hotmail.com,binziad_vet@hotmail.com,0556996544,صناعة المنتجات الغذائية,Dammam,
,,Mohamed Abdullah Al-Aly Al-Bassam Factory for  Cast Iron,,albassamcorp.com,mb@albassamcorp.com,0505947394,صنع منتجات المعادن المشكلة، باستثناء الالات والمعدات,Dammam,
,,Mohamad Azzam Barghouth Factory for Ceramic Products,,gmail.com,ultralight.est@gmail.com,0558831711,صنع منتجات المعادن اللافلزية الأخرى,Dammam,
,,Mohamed Naji Al-Haggag Factory for Chemicals Products,,gmail.com,hagagfactory@gmail.com,0555142609,صنع المواد الكيميائية والمنتجات الكيميائية,Dammam,
,,Mahmoud Abdullah Factory for the Iron Production,,mahmoudsteel.com,abd@mahmoudsteel.com,0544488809,صنع منتجات المعادن اللافلزية الأخرى,Dammam,
,,Mourouj Al-Jazeera Factory for Iron Works,,mjesteel.com,info@mjesteel.com,0555859889,أخرى,Dammam,
,,Baby Items & Metal Products Factory,,mffgroup.com,shadman@mffgroup.com,0554044788,صنع منتجات المعادن المشكلة، باستثناء الالات والمعدات,Dammam,
,,Motlak Mataab Elshabaan Factory for Plastics,,hotmail.com,mutlaq2011@hotmail.com,0550000523,صنع منتجات المطاط والبلاستك,Dammam,
,,Mamdouh Aziz Al-Hwail Factory for Plastic & Paper Industries,,alhowil.com,plastic@alhowil.com,0505206595,صنع منتجات المطاط والبلاستك,Dammam,
,,Mamdouh Aziz Al-Hwail Factory for Timber,,alhowail.com,dcme@alhowail.com,0505815031,صنع الخشب ومنتجات الخشب والفلين، باستثناء الاثاث؛ صنع اصناف من القش ومواد الضفر,Dammam,
,,Mamdouh Aziz Al-Hwail Factory for Aluminium & Glass,,alhowail.com,dcme-howail@alhowail.com,0551666685,صنع منتجات المعادن المشكلة، باستثناء الالات والمعدات,Dammam,
,,مصنع منار الخليج للانابيب,,yahoo.com,hsameh67@yahoo.com,0504990730,صنع منتجات المطاط والبلاستك,Dammam,
,,Mannar Al-Khaleej Factory for Plastic Industries,,yahoo.com,hsameh67@yahoo.com,0531503030,صنع منتجات المطاط والبلاستك,Dammam,
,,Hit Industry Foundation for Bending and Forming Rebars,,eheet.com,nezar@eheet.com,0505820182,صنع منتجات المعادن اللافلزية الأخرى,Dammam,
,,Al-Sail Water Factory,,yahoo.com,saudiequib@yahoo.com,0555861000,صنع المشروبات,Dammam,
,,Nasser Saeed Al Hajri Factory for Metal Formation,,h.com,hdjh@h.com,0501901516,صنع منتجات المعادن المشكلة، باستثناء الالات والمعدات,Dammam,
,,Negm Factory for Steel,,gmail.com,md4ssf@gmail.com,0555051090,صنع منتجات المعادن المشكلة، باستثناء الالات والمعدات,Dammam,
,,Negmat Al-Maaden Factory,,yousefia.com,fahad@yousefia.com,0555473555,صنع منتجات المعادن المشكلة، باستثناء الالات والمعدات,Dammam,
,,Nasib Abdulla Al Bassam Factory for Iron Structures and Reservoirs,,hotmail.com,naseeb_factory@hotmail.com,0505812995,صنع منتجات المعادن اللافلزية الأخرى,Dammam,
,,Nawaret El-Jezira Factory for Ferrous crafts and Aluminium,,hotmail.com,abunora@hotmail.com,0505846600,صنع منتجات المعادن المشكلة، باستثناء الالات والمعدات,Dammam,
,,"Noor El-Mostakbal Factory for Sweets, Pastries and Food Products",,noorest.com,br@noorest.com,0555856089,صناعة المنتجات الغذائية,Dammam,
,,Noor Factory for Cardboard & Packaging,,salmangroup.com,noor.administration@salmangroup.com,0505880226,أخرى,Dammam,
,,Hashim Mohamed El-Hashim Factory,,hotmail.com,naif808@hotmail.com,0502282745,صنع منتجات المطاط والبلاستك,Dammam,
,,Hit Factory for the Production of Nets and Metal Sections,,eheet.com,nezar@eheet.com,0505820182,صنع منتجات المعادن المشكلة، باستثناء الالات والمعدات,Dammam,
,,Hit Factory for the Production of kitchens & PVC Plates,,hotmail.com,shauy.7@hotmail.com,0505820182,صنع منتجات المعادن المشكلة، باستثناء الالات والمعدات,Dammam,
,,Hit Plastic Factory,,gmail.com,husam.alzamel@gmail.com,0505808052,صنع منتجات المطاط والبلاستك,Dammam,
,,Wacey Factory for Steel Industries,,wasi.com.sa,medhath@wasi.com.sa,0500504685,صنع منتجات المعادن المشكلة، باستثناء الالات والمعدات,Dammam,
,,Wabara Factory for Industrial Yarns,,alhayatcarpet.net,info@alhayatcarpet.net,0531216456,صنع المنسوجات,Dammam,
,,Yacoub Factory for Ice Production,,hotmail.com,leglat_food@hotmail.com,0500611609,صناعة المنتجات الغذائية,Dammam,
,,Yacoub Yusuf Alnegedi Factory for Glass,,nujaidiglass.com,hussain@nujaidiglass.com,0504822450,صنع منتجات المعادن اللافلزية الأخرى,Dammam,
,,مطعم البخيت حسن الراشدي لتقديم الوجبات,,outlook.sa,f12307@outlook.sa,0550693757,,Dammam,
,,Kenz  Real Estate Development Office,,hotmail.com,emil@hotmail.com,0505810677,أخرى,Dammam,
,,"Regional Center Foundation for Calibration, Conformity and Quality",,rccq.sa,mohammed@rccq.sa,0505802285,,Dammam,
,,Al-Mona Establishment for Tahini Halva Production,,hotmail.com,r.hm.321@hotmail.com,0504999918,صناعة المنتجات الغذائية,Dammam,
,,Al-Hedmol Trading Establishment,,hotmail.com,emil@hotmail.com,0500422200,أخرى,Dammam,
,,Gulf Union Establishment for Trading and Contracting,,gmail.com,yasali33@gmail.com,0555507810,أخرى,Dammam,
,,Tad Logistics Services Establishment,,tad.ae,kab@tad.ae,0544704444,,Dammam,
,,Daifullah Saeed Al-Shahrani Contracting Est.,,hotmail.com,emil@hotmail.com,0505823058,أخرى,Dammam,
,,Abdel Basset Al-Hilal Est. for Maintenance and Contracting,,hotmail.com,lehilal@hotmail.com,0553889962,أخرى,Dammam,
,,Amd Al-Benaa Trading Est.,,amadest.com,mishary@amadest.com,0505808878,صنع منتجات المعادن اللافلزية الأخرى,Dammam,
,,Eissa Amir Al-Manhali Trading Est.,,gmail.com,almnhhali@gmail.com,0559291668,أخرى,Dammam,
,,مؤسسة فارس الشرقية للمقاولات,,hotmail.com,emil@hotmail.com,0505803371,,Dammam,
,,Fajr Al-Ibtikar Contrating Est.,,hotmail.com,emil@hotmail.com,0555367536,أخرى,Dammam,
,,Madi Trading Services Est.,,hotmail.com,kshabib@hotmail.com,0504815860,صنع منتجات المطاط والبلاستك,Dammam,
,,مؤسسة محمد سليمان النهدي,,gmail.com,amsn1600@gmail.com,0505857897,,Dammam,
,,Mohamed Soliman Al-Nahdi Est. (Car  Workshop),,permapipe.com.ae,accountsppsa@permapipe.com.ae,0505857897,أخرى,Dammam,
,,Mohamed Moussa Al-Saleh Real Estate Foundation,,gmail.com,alsaleh@gmail.com,0505813415,,Dammam,
,,Nawaf Sultan Al-Duwaysh General Contracting Establishment,,hotmail.com,aseere2009@hotmail.com,0504498300,صنع منتجات المعادن المشكلة، باستثناء الالات والمعدات,Dammam,
,,Wedoug Al-Sharq Trading Est.,,hotmail.com,emil@hotmail.com,0501796949,أخرى,Dammam,
,,Saudi Inspection and Testing Company (SAITCO),,gmail.com,ahmad.barrak@gmail.com,0506101010,الصناعات التحويلية الأخرى,Riyadh,
,,شركة الاتصالات المتنقلة السعودية - زين,,sa.zain.com,info@sa.zain.com,0592440918,أخرى,Riyadh,
,,Inara Co. Ltd.,,hotmail.com,t_99_99@hotmail.com,0508898301,صنع منتجات المعادن المشكلة، باستثناء الالات والمعدات,Riyadh,
,,Al Anwar Factory Co.,,alanwar.com.sa,info@alanwar.com.sa,0562820666,صنع الفلزات القاعدية,Riyadh,
,,مصانع الشرق للبلاستيك,,alsharqplastic.com.sa,ibrahim@alsharqplastic.com.sa,0505466832,صنع منتجات المطاط والبلاستك,Riyadh,
,,Riyadh Metal Products Factory,,hotmail.com,faisal.alandas@hotmail.com,0505247869,صنع منتجات المعادن المشكلة، باستثناء الالات والمعدات,Riyadh,
,,شركة ماسك للخدمات اللوجستية,,masiclogistics.com,mohammed.alzahrani@masiclogistics.com,0540743434,,Riyadh,
,,شركة نسمة البستان للتجارة,,hotmail.com,b.s.m22@hotmail.com,0548401010,صناعة المنتجات الغذائية,Riyadh,
,,شركة نوافذ 2000,,ambusaidi-me.com,saeed@ambusaidi-me.com,0545111154,صنع منتجات المطاط والبلاستك,Riyadh,
,,فرع شركة ام اس فارما,,mspharma.com,hasan.jibreel@mspharma.com,00966569104208,صنع المنتجات الصيدلانية,Riyadh,
,,مصنع شركة روينا للحلويات,,rowena.com.sa,khaled@rowena.com.sa,0500077127,صناعة المنتجات الغذائية,Riyadh,
,,مصنع صدى الازدهار لمستحضرات التجميل,,gmail.com,sultan05@gmail.com,0500560205,صنع المواد الكيميائية والمنتجات الكيميائية,Riyadh,
,,مصنع غاده سعد فهد بن كليب للمنتجات الغذائية,,windowslive.com,ghada-mm@windowslive.com,0562165556,الصناعات التحويلية الأخرى,Riyadh,
,,مصنع قصر التوابل الغذائي,,hotmail.com,p.spices@hotmail.com,0502990666,صناعة المنتجات الغذائية,Riyadh,
,,Arabian Fiberglass Products Company - Alsanadik,,aliaf.com,info@aliaf.com,0505488825,صنع منتجات المعادن اللافلزية الأخرى,Riyadh,
,,Saudi Company for Manufacturing American Furniture,,carpets.com,jaber@carpets.com,0535556014,صنع الاثاث,Riyadh,
,,Maid Blankets Factory,,saudiblantex.com,info@saudiblantex.com,0551655112,صنع الملبوسات,Riyadh,
,,Saudi Arabia Basic Industries Corporation - SABIC,,sabic.com,almarzougia@sabic.com,0550405593,صنع المواد الكيميائية والمنتجات الكيميائية,Riyadh,
,,Arabian Medical Products Manufacturing Company - ENAYAH,,enayah.com,info@enayah.com,0505761797,صنع المنسوجات,Riyadh,
,,الشركة العربية للخدمات الزراعية ( اراسكو ),,arasco.com,a.niwaisry@arasco.com,0505477351,,Riyadh,
,,Arabian Plastic Compounds Company - APC,,apc-spf.com.sa,ricom@apc-spf.com.sa,0590000109,صنع المواد الكيميائية والمنتجات الكيميائية,Riyadh,
,,United Wood Products Co. (UWP),,uwpco.com,info@uwpco.com,0505414691,صنع الخشب ومنتجات الخشب والفلين، باستثناء الاثاث؛ صنع اصناف من القش ومواد الضفر,Riyadh,
,,United Wood Products Co. (UWP),,uwpco.com,info@uwpco.com,0505414691,صنع الاثاث,Riyadh,
,,الشركة المتحدة للوقود,,unitedfuel.com,buobaid@unitedfuel.com,0558412345,,Riyadh,
,,Al-Namozagya Co. Ltd. for Technological Solutions,,its.sa,mahmoud.shaban@its.sa,0505309098,صنع المعدات الكهربائية,Riyadh,
,,National Company For Galvanizing and Steel Poles Limited,,galvanco.com,info@galvanco.com,0555458842,صنع منتجات المعادن المشكلة، باستثناء الالات والمعدات,Riyadh,
,,National Lead Smelting Company,,rasass.com.sa,ab.alfifi@rasass.com.sa,0505454501,أخرى,Riyadh,
,,National Spinning Co.,,carpets.com,jaber@carpets.com,0505757403,صنع المنسوجات,Riyadh,
,,Saudi Factory for Wires and Mesh Fencing Poles,,unitedwires.com.sa,a.karim@unitedwires.com.sa,0505453127,أخرى,Riyadh,
,,National Factory for Audio Recording Tapes,,yahoo.com,nagdiat2005@yahoo.com,0507088700,الطباعة,Riyadh,
,,"Al-Watan Saudi Factory for Jewelry Boxes, Furniture and Decoration",,ncf.com.sa,ismael@ncf.com.sa,0505188674,صنع منتجات المعادن المشكلة، باستثناء الالات والمعدات,Riyadh,
,,National Factory for Polished Stones,,gmail.com,riadfilo1@gmail.com,0504411527,صنع منتجات المعادن اللافلزية الأخرى,Riyadh,
,,National Factory for Ceramic roads,,hotmail.com,nrceramic@hotmail.com,0505443601,صنع منتجات المعادن اللافلزية الأخرى,Riyadh,
,,National Factory for Condensers,,hotmail.com,ban-ban@hotmail.com,0502990099,صنع منتجات المعادن المشكلة، باستثناء الالات والمعدات,Riyadh,
,,المكتب التعاوني للدعوة والإرشاد بالمدينة الصناعية بالرياض,,icic.org.sa,ibrahim@icic.org.sa,0534951000,,Riyadh,
,,"Cooperative Office for Call, Guidance and Awareness of Expatriates",,jawap.com,mhsk4982228@jawap.com,0504497118,أخرى,Riyadh,
,,General Organization for Technical Education and Vocational Training,,tvtc.gov.sa,b.almansi@tvtc.gov.sa,0504480973,أخرى,Riyadh,
,,Rachel & D. Massari Saudi Arabia,,rdm.com,ksa@rdm.com,0560074742,صنع منتجات المعادن المشكلة، باستثناء الالات والمعدات,Riyadh,
,,Al Karim Abdullah Al Muneef Sons Holding Company,,hotmail.com,mahmooud.asklany@hotmail.com,0555554070,صنع منتجات المعادن اللافلزية الأخرى,Riyadh,
,,Mohamed Ali Saad Eldin Factory for Sweets & Pastries,,saadeddin.com,ali@saadeddin.com,0505451427,أخرى,Riyadh,
,,شركة إدارة الطاقة الدقيقة الصناعية (شركة شخص واحد),,fuadalfadhli.com,faris@fuadalfadhli.com,0505216343,صنع الحواسيب والمنتجات الإلكترونية والبصرية,Riyadh,
,,ADFA Blankets Company,,carpets.com,jaber@carpets.com,0505757403,صنع المنسوجات,Riyadh,
,,شركة أركان الرياضية,,arkansport.com.sa,info@arkansport.com.sa,0505421850,,Riyadh,
,,Atlas Files Company,,atlasfilescompany.com,farah@atlasfilescompany.com,0504175119,أخرى,Riyadh,
,,شركة الانشاء للمراكز التجارية والنوادي الرياضية,,hotmail.com,osama-com@hotmail.com,0505580555,,Riyadh,
,,Al-Jawdah Factory for Plastic Pipes,,aljawdahgroup.com,info@aljawdahgroup.com,0504222751,صنع منتجات المطاط والبلاستك,Riyadh,
,,شركة الحوطي ستانجر المحدودة مختبرات وفحص مواد المستقلة,,alhotystanger.com,mohammad.alodah@alhotystanger.com,050625206,,Riyadh,
,,Al-Diyar Factory for Residential Complexes,,addiyar.com.sa,nalmassari@addiyar.com.sa,0551934020,أخرى,Riyadh,
,,Al Rabie Saudi Foods Co. Factory,,alrabie.com,grm@alrabie.com,0504401639,صناعة المنتجات الغذائية,Riyadh,
,,شركة الرومانسيه المحدوده,,alromansiah.com,officemanager@alromansiah.com,0555400575,,Riyadh,
,,Riyadh Global Co. for McDonald's Foods,,riyadhfoods.com,gmrf@riyadhfoods.com,0505212544,صناعة المنتجات الغذائية,Riyadh,
,,Al-Sas Al-Saudi Metal Recycling Company,,hotmail.com,makrym@hotmail.com,0507493893,صنع منتجات المعادن المشكلة، باستثناء الالات والمعدات,Riyadh,
,,Al Shaheen Metal Industries Co.,,alshahin.com,ahmed@alshahin.com,0505456833,صنع الالات والمعدات غير المصنفة في موضع اخر,Riyadh,
,,Al-Abdullatif Industrial Investment Company,,carpets.com,jaber@carpets.com,0505757403,صنع المنسوجات,Riyadh,
,,شركة الفاخرة لصناعة الملابس,,hotmail.com,alkessaey4111111@hotmail.com,0504111113,صنع الملبوسات,Riyadh,
,,Al Kafaa Real Estate Co.,,munajem.com,ibrahim@munajem.com,0505463768,,Riyadh,
,,"Dar Al-Hemma Projects Co., Ltd.",,lujeen.com,aalawlaqi@lujeen.com,0505757868,,Riyadh,
,,Laser Company for Metal Industries,,hotmail.com,maher_maknas@hotmail.com,0500098415,صنع منتجات المعادن المشكلة، باستثناء الالات والمعدات,Riyadh,
,,شركة المخابز السعودية المحدودة,,saudibakeries.com.sa,k.alkhalaf@saudibakeries.com.sa,0504269765,,Riyadh,
,,Al-Ahli Leather Factory Company Ltd.,,al-allileather.com,sales@al-allileather.com,0508080100,صنع المنتجات الجلدية والمنتجات ذات الصلة,Riyadh,
,,Saudi Electronic Target Systems Factory (SETS),,sets-sa.com,sets@sets-sa.com,0505272937,صنع منتجات المعادن المشكلة، باستثناء الالات والمعدات,Riyadh,
,,International Sport Shoes Factory,,gmail.com,abuniba857@gmail.com,0509948116,صنع المنتجات الجلدية والمنتجات ذات الصلة,Riyadh,
,,International Metal Products Factory,,binjarallah.com,yasir@binjarallah.com,0554407290,صنع المركبات ذات المحركات والمركبات المقطورة ونصف المقطورة,Riyadh,
,,Adhesives Products Co. - Lawaseq,,lawaseq.com,gmsec@lawaseq.com,0505442263,صنع منتجات المطاط والبلاستك,Riyadh,
,,Eastern Textile Company,,carpets.com,jaber@carpets.com,0505757403,صنع المنسوجات,Riyadh,
,,Sanitary Paper Co. Ltd.,,nugulgroup.com,dawi@nugulgroup.com,0580008280,صنع الورق ومنتجات الورق,Riyadh,
,,AFF Saudi Arabia Co. Ltd.,,aafsaudi.com,jamaan.alzahrani@aafsaudi.com,0505877278,صنع منتجات المعادن المشكلة، باستثناء الالات والمعدات,Riyadh,
,,شركة بايارا العربية السعودية المحدودة,,bayara.ae,rlandri@bayara.ae,00966545946135,صناعة المنتجات الغذائية,Riyadh,
,,Saudi Fiberglass Co.,,pexindustrial.com,pex@pexindustrial.com,0509154876,الصناعات التحويلية الأخرى,Riyadh,
,,شركة ترانسميد ليمتد,,transmed.com,mohammad.nofal@transmed.com,0540347880,,Riyadh,
,,شركة تصنيع الأغذية الممتازة,,sfc-ksa.com,saber@sfc-ksa.com,0541445824,صناعة المنتجات الغذائية,Riyadh,
,,Filling and Packing Materials Manufacturing Co. - FIPCO,,fipco.com.sa,sms@fipco.com.sa,0564994747,الصناعات التحويلية الأخرى,Riyadh,
,,Touq Real Estate Co.,,mawten.com.sa,ceo@mawten.com.sa,0505466834,أخرى,Riyadh,
,,Tina Company,,gmail.com,hhbbhh@gmail.com,0505463246,أخرى,Riyadh,
,,Gareer Cold Stores Co. Ltd.,,gmail.com,adeljarir2@gmail.com,0505480706,,Riyadh,
,,شركة جان برجر,,janburger.com,n.alzupaidi@janburger.com,0563355663,صناعة المنتجات الغذائية,Riyadh,
,,Dania Food Company Limited,,arlafoods.com,moalt@arlafoods.com,0533999097,صناعة المنتجات الغذائية,Riyadh,
,,Al-Salamah Road Paint Factory,,raswaco.com,raswa@raswaco.com,0504149712,الصناعات التحويلية الأخرى,Riyadh,
,,Rowad Al-Tahwia Factory for Metal Industries,,live.com,salahalshamri@live.com,0530050099,صنع منتجات المعادن المشكلة، باستثناء الالات والمعدات,Riyadh,
,,Sulzer,,sulzer.com,fahad.subaie@sulzer.com,0500544001,صنع الالات والمعدات غير المصنفة في موضع اخر,Riyadh,
,,Abdullah Nasser Al-Odan Factory for Plastic and Molds,,al-odan.com,manager@al-odan.com,0505495994,صنع منتجات المطاط والبلاستك,Riyadh,
,,Al-Sharif Cardboard Packages Factory,,gmail.com,hasan.alshareef@gmail.com,0505488354,صنع الورق ومنتجات الورق,Riyadh,
,,Adwan Chemical Industries Company,,adwanchem.com,faisal@adwanchem.com,0505466329,صنع المواد الكيميائية والمنتجات الكيميائية,Riyadh,
,,Annan Housing Company,,ananiskan.com,arafat@ananiskan.com,0532179368,أخرى,Riyadh,
,,Pharmaa Company for Drugs & Pharmaceutical Products,,pharma.com.sa,wahaf@pharma.com.sa,0506981914,صنع المنتجات الصيدلانية,Riyadh,
,,Foam Trading Co. for Producing Industrial Timber,,hotmail.com,redaalfayez@hotmail.com,0505442498,أخرى,Riyadh,
,,Saudi Vetonit Company - Saveto,,saudivetonit.com,ramiishak@saudivetonit.com,0559522271,,Riyadh,
,,Lamaa Holding Company,,nestle-waters.com.sa,hodere.alharbi@nestle-waters.com.sa,0557017777,أخرى,Riyadh,
,,Metsco Company for Metal Constructions,,metscco.com,metscco@metscco.com,0559333335,صنع منتجات المعادن المشكلة، باستثناء الالات والمعدات,Riyadh,
,,شركة مجموعة الراجحي السعودية,,gmail.com,fardous.s@gmail.com,0501010007,,Riyadh,
,,"Elhatab Bakeries Co., Ltd.",,woodenbakery-ksa.com,info@woodenbakery-ksa.com,0502998183,صناعة المنتجات الغذائية,Riyadh,
,,شركة مصنع الافق للابواب و مواد الديكور,,yahoo.com,horizon_factory@yahoo.com,0505333787,صنع الاثاث,Riyadh,
,,Al-Amal Factory for School Notebooks and Accounting Records,,yahoo.com,alamalprinting@yahoo.com,0505371142,صنع الورق ومنتجات الورق,Riyadh,
,,Munif Saad Al-Rassam Factory for Fire Trucks,,yahoo.com,r_alrassam@yahoo.com,0560515151,صنع المركبات ذات المحركات والمركبات المقطورة ونصف المقطورة,Riyadh,
,,Saudi Factory for Polystyrene & Decoration,,hotmail.com,sfpd001@hotmail.com,0566111123,صنع منتجات المطاط والبلاستك,Riyadh,
,,"Al-Anaya Al-Wahida Factory Co. for Cosmetics, Detergents, Disinfectants and Medicines",,uni-care.com.sa,info@uni-care.com.sa,0503304333,صنع المواد الكيميائية والمنتجات الكيميائية,Riyadh,
,,Basic Materials Processing Factory,,ajyadgroup.com.sa,ajyadgroup@ajyadgroup.com.sa,0505577377,صنع المواد الكيميائية والمنتجات الكيميائية,Riyadh,
,,"Maan Hamad Al-Jasser & Partners Co., Ltd. for Iron Smelting",,yahoo.com,freh77@yahoo.com,0558711787,صنع منتجات المعادن اللافلزية الأخرى,Riyadh,
,,Middle East Electric Meter Factory Co.,,memf.com.sa,saber.masrahi@memf.com.sa,0555860836,صنع المعدات الكهربائية,Riyadh,
,,NAPCO Riyadh Consumable Products Company,,napcogroup.com,farhan.alaneizi@napcogroup.com,0504443352,صنع الورق ومنتجات الورق,Riyadh,
,,Naqel Company,,naqel.com.sa,b.alsmail@naqel.com.sa,0593392269,,Riyadh,
,,Najd Paints Factory,,hotmail.com,hamadalanezi@hotmail.com,0505469929,صناعة المنتجات الغذائية,Riyadh,
,,Henkel Arabia for Home and Personal Care Products Co.Ltd,,henkel.com,daifullah.alsalmi@henkel.com,0505266433,صنع المواد الكيميائية والمنتجات الكيميائية,Riyadh,
,,Unicharm Gulf Hygienic Industries Company,,gulfhygienic.com.sa,adel-harbi@gulfhygienic.com.sa,0555202393,صنع منتجات المطاط والبلاستك,Riyadh,
,,Nimr Abdul Majid & Partner Factory for Aluminium,,ashicoalum.com,info@ashicoalum.com,0544799276,صنع منتجات المعادن المشكلة، باستثناء الالات والمعدات,Riyadh,
,,Safia for Bottled Drinking Water,,safiawater.com,rb@safiawater.com,0505473143,صنع المشروبات,Riyadh,
,,Technical Castings Factory,,smi.com.sa,admin@smi.com.sa,0503432319,صنع الالات والمعدات غير المصنفة في موضع اخر,Riyadh,
,,فرع شركة الاهماج العربية,,iac.sa,abdulrahman@iac.sa,0561111989,صناعة المنتجات الغذائية,Riyadh,
,,فرع شركة المصنع الاهلي لطلاء المعادن,,alunafco.com,aluminum@alunafco.com,0555426885,صنع منتجات المعادن المشكلة، باستثناء الالات والمعدات,Riyadh,
,,فرع شركة المصنع الاهلي للمطابخ,,alunafco.com,aluminum@alunafco.com,0555426885,صنع الاثاث,Riyadh,
,,Branch of Khalil Abdul Wahab Sons & Partners Factory Co.   for Metallurgical Industries,,hotmail.com,rabi12@hotmail.com,0505624926,الصناعات التحويلية الأخرى,Riyadh,
,,فرع مصنع عكل للمنتجات الكهروميكانيكية,,akel.com.sa,khalidsuf@akel.com.sa,0553301251,صنع منتجات المعادن المشكلة، باستثناء الالات والمعدات,Riyadh,
,,Branch of Hedal Trading Est.,,000000000.com,00000@000000000.com,0505234835,,Riyadh,
,,Al-Jazira Factory for Engineering Industries,,gmail.com,aljazeraryd@gmail.com,0505804636,أخرى,Riyadh,
,,مصنع   العبيد للصناعات البلاستيكية,,alobaidgruop.com,hr@alobaidgruop.com,0554742126,صنع منتجات المطاط والبلاستك,Riyadh,
,,مصنع  الفروع السبعة لشكيل المعادن,,hotmail.com,branchs7@hotmail.com,0505209156,صنع منتجات المعادن المشكلة، باستثناء الالات والمعدات,Riyadh,
,,Abwnyan Pump Manufacturing Factory,,ksbarbia.com,ksbarabia-sic@ksbarbia.com,0553790002,أخرى,Riyadh,
,,Etihad Al-Maarifa Iron Factory,,kalliance.com,khaled@kalliance.com,0505285659,صنع منتجات المعادن المشكلة، باستثناء الالات والمعدات,Riyadh,
,,Estechtab Factory for Equipment and Machinery,,estechtab.com,talaat90@estechtab.com,0544013545,صنع الالات والمعدات غير المصنفة في موضع اخر,Riyadh,
,,Arab Sunshine Factory for Packaging and Printing,,hotmail.com,thesharq@hotmail.com,0502655555,الطباعة,Riyadh,
,,ALBA Factory for Steel Industries,,alamatfactory.com,hazem.abuaisha@alamatfactory.com,0505451348,صنع الالات والمعدات غير المصنفة في موضع اخر,Riyadh,
,,Al Babtain Home Appliances Factory,,abeico.com.sa,hrm@abeico.com.sa,0544902088,صنع المعدات الكهربائية,Riyadh,
,,مصنع البابطين للاعمدة والصواري المجلفنة وملحقاتها,,al-babtain.com.sa,kaha-yami@al-babtain.com.sa,0505273911,صنع منتجات المعادن المشكلة، باستثناء الالات والمعدات,Riyadh,
,,Al Baz Glass Furniture Factory,,albaz.sa,albaz@albaz.sa,0500552383,صنع منتجات المعادن اللافلزية الأخرى,Riyadh,
,,مصنع التواقة للمنتجات الغذائية,,janburger.com,n.alzupaidi@janburger.com,0563355663,الصناعات التحويلية الأخرى,Riyadh,
,,Al-Jawdah Ceramic Factory,,aljawdahgroup.com,info@aljawdahgroup.com,0504222751,الصناعات التحويلية الأخرى,Riyadh,
,,Al-Jawdah Factory for Electric Heaters,,aljawdahgroup.com,info@aljawdahgroup.com,0505454170,صنع المعدات الكهربائية,Riyadh,
,,Al-Khadeer Factory for Metal Industries,,alkhodair.com,info@alkhodair.com,0504465224,صنع الفلزات القاعدية,Riyadh,
,,Gulf Factory for Envelopes & Plastic Cards,,gepcom.com.sa,fayez@gepcom.com.sa,0506467603,الطباعة,Riyadh,
,,Gulf Poultry Equipment Factory,,alsahliholding.com,gulffactory@alsahliholding.com,0555025423,صنع منتجات المعادن المشكلة، باستثناء الالات والمعدات,Riyadh,
,,Al-Dar Factory for Household Appliances (Al-Babtain),,abeico.com.sa,abei@abeico.com.sa,0509020887,أخرى,Riyadh,
,,International Factory for Gelatinous Capsules Products - Softech Pharma,,tawafoqkh.com,abobaker@tawafoqkh.com,0505165925,صنع المواد الكيميائية والمنتجات الكيميائية,Riyadh,
,,Al-Rafid Steel Industries Factory,,alrafid.com,factory@alrafid.com,0506280465,صنع منتجات المعادن المشكلة، باستثناء الالات والمعدات,Riyadh,
,,مصنع الرسومات اللاصقة,,ymail.com,labelgraphics@ymail.com,0508054054,صنع منتجات المطاط والبلاستك,Riyadh,
,,Al-Romaizan Factory for Resistant Industrial Surfaces,,top-stone.com,bashmeel@top-stone.com,0505218681,صنع منتجات المعادن اللافلزية الأخرى,Riyadh,
,,Riyadh Modern Factory for Vessels Production,,wataniaind.com,alwaha@wataniaind.com,0504818829,أخرى,Riyadh,
,,Riydah Coolers & Heaters Factory,,hotmail.com,furat_factory@hotmail.com,0505239041,صنع المعدات الكهربائية,Riyadh,
,,Riydah Factory for Tie-down Wires,,unitedwires.com.sa,info@unitedwires.com.sa,0505453127,صنع منتجات المعادن المشكلة، باستثناء الالات والمعدات,Riyadh,
,,Riyadh Furniture Industries Factory,,athath.com,info@athath.com,0555024935,صنع الاثاث,Riyadh,
,,Riyadh Food Factory,,riyadhfoods.com,rff@riyadhfoods.com,0505205372,صناعة المنتجات الغذائية,Riyadh,
,,Riyadh Pasta and Vermicelli factory,,riyadhfood.com,rff@riyadhfood.com,0543385243,صناعة المنتجات الغذائية,Riyadh,
,,مصنع السعودية للخشب الصناعي,,hotmail.com,shahamadi637@hotmail.com,0553023024,صنع منتجات المطاط والبلاستك,Riyadh,
,,Middle East Factory For Metal Molds,,mem.com.sa,info@mem.com.sa,0505463246,صنع منتجات المطاط والبلاستك,Riyadh,
,,مصنع الشركة السعودية للمنتجات المتخصصة,,hotmail.com,aalrobaian@hotmail.com,00966555731171,,Riyadh,
,,Arabian Pipes Company,,arabian-pipes.com,info@arabian-pipes.com,0503478702,أخرى,Riyadh,
,,Advanced Electrical Company for Industry,,altoukhi.com,balawi@altoukhi.com,0569150578,صنع المعدات الكهربائية,Riyadh,
,,مصنع الشروق لمنتجات البلاستيك وانظمة التغليف,,abeico.com.sa,hrm@abeico.com.sa,0544902088,صنع منتجات المطاط والبلاستك,Riyadh,
,,Sun Packaging Factory,,shamsprintpack.com,info@shamsprintpack.com,0595933220,الطباعة,Riyadh,
,,Al Sabah Sweets Manufacturing Factory,,gmail.com,h.a.h.11223@gmail.com,0544388220,صناعة المنتجات الغذائية,Riyadh,
,,Al-Saqri Paper Products Factory,,yahoo.com,al_sagri@yahoo.com,0500525655,صنع الورق ومنتجات الورق,Riyadh,
,,Urban Wood Product Factory,,alomraniah.com,almudayfer_group@alomraniah.com,0563633989,الصناعات التحويلية الأخرى,Riyadh,
,,Al-Ghezaya  Pasta and Vermicelli Factory,,wafrah.com,ali_alaslem@wafrah.com,0538739026,صناعة المنتجات الغذائية,Riyadh,
,,Saudi Spinning & Weaving Factory,,rvf.sa,abdullah@rvf.sa,0553377774,صنع المنسوجات,Riyadh,
,,مصنع المدينة الرقمي للصناعات التحويلة,,almadina.com.sa,fahad.alotaiby@almadina.com.sa,0505429828,الصناعات التحويلية الأخرى,Riyadh,
,,مصنع المراجل البخارية وتشكيل الحديد,,alkaboiler.com,alkaboiler@alkaboiler.com,0505556062,صنع منتجات المعادن المشكلة، باستثناء الالات والمعدات,Riyadh,
,,Al-Momtaz Establishment for Printing and Binding,,al-momtaz.com,info@al-momtaz.com,0554553513,صنع الورق ومنتجات الورق,Riyadh,
,,Amjad Factory for Paper Products,,ltoop.com,jaber@ltoop.com,0553503596,صنع الورق ومنتجات الورق,Riyadh,
,,مصنع بيت الفستق لصناعات الغذائيه,,gmail.com,asnojaidi@gmail.com,0546777213,صناعة المنتجات الغذائية,Riyadh,
,,Perrin Water And Refreshments Factory,,gbc.sa,ali@gbc.sa,0504124919,صنع المشروبات,Riyadh,
,,Shashat Al-Qemama Factory for Electronic Boards,,randt.com.sa,rasheed@randt.com.sa,0501116206,صنع الحواسيب والمنتجات الإلكترونية والبصرية,Riyadh,
,,Gabriel Factory for Hangers and Metal Industries,,jibreelfactories.com,rami@jibreelfactories.com,0547044447,صنع الفلزات القاعدية,Riyadh,
,,Inks Modern Technology Factory,,gmail.com,a0009000@gmail.com,0554217544,الصناعات التحويلية الأخرى,Riyadh,
,,Baet Retal Trading and Installment Establishment,,ksaebay.com,info@ksaebay.com,0507965132,صنع المعدات الكهربائية,Riyadh,
,,Dar Al-Naaem Factory for Foodstuff Packaging,,hotmail.com,abo7ammad@hotmail.com,0562300007,صناعة المنتجات الغذائية,Riyadh,
,,مصنع ربيع التكييف,,rabie-ac.com,yassir@rabie-ac.com,0536484442,,Riyadh,
,,مصنع رقم الدولي للاشرطة اللاصقة,,raqam.net,khalid@raqam.net,0504172593,,Riyadh,
,,مصنع سلمان جوهر الجوهر لانتاج الاكسسوارات,,gmail.com,ibrahams@gmail.com,0558488855,صنع منتجات المعادن المشكلة، باستثناء الالات والمعدات,Riyadh,
,,Olayan Shelves and Metal Furniture Factory,,hotmail.com,alolayan_0000@hotmail.com,0500005191,صنع الالات والمعدات غير المصنفة في موضع اخر,Riyadh,
,,Sondos Al-Dibaja Factory for Ladies Textiles,,hotmail.com,tarfh@hotmail.com,0564446077,صنع المنسوجات,Riyadh,
,,Shaheen Factory for Swimming Pools Equipment,,bintaleb.com,ahmadbt@bintaleb.com,0504238522,صنع الالات والمعدات غير المصنفة في موضع اخر,Riyadh,
,,مصنع شركة  الدخيل للعود,,aldakheeloud.com,info@aldakheeloud.com,00966505422475,,Riyadh,
,,مصنع شركة أبناء ابراهيم عبد الرحمن المانع لمنتجات الألمنيوم والزجاج,,almanco.com,jamal@almanco.com,00966552022233,صنع منتجات المعادن المشكلة، باستثناء الالات والمعدات,Riyadh,
,,مصنع شركة اقاسيم لصناعة المواد الكيماوية والبلاستيكية,,agaseem.sa,sss@agaseem.sa,0533237111,صنع المواد الكيميائية والمنتجات الكيميائية,Riyadh,
,,مصنع شركة الجهوزية التامة للوحات والأثاث,,pronto-deco.com,taiseer.ashouri@pronto-deco.com,0551666187,,Riyadh,
,,Abdullah Abdel Mohsen Al-Tuwaijri Factory for the Manufacture of Refrigerators,,ncf.com.sa,turky@ncf.com.sa,0505188674,صنع المعدات الكهربائية,Riyadh,
,,مصنع شركة المرطبات العالمية للبلاستيك / الرياض,,gbc.sa,ali@gbc.sa,0504124919,صنع منتجات المطاط والبلاستك,Riyadh,
,,مصنع شركة المرطبات العالمية للمياه,,gbc.sa,ali@gbc.sa,0504124919,صنع المشروبات,Riyadh,
,,Bin Salman Factory For Plastic & Children Toys,,gmail.com,sbinsalman@gmail.com,0504421075,صنع منتجات المطاط والبلاستك,Riyadh,
,,مصنع شركة بوان الكهربائية,,utec.com.sa,bader.almuhaidib@utec.com.sa,0555597956,صنع منتجات المعادن المشكلة، باستثناء الالات والمعدات,Riyadh,
,,مصنع شركة بيت الحياة للطباعه والتغليف,,albayan.com.sa,khalid@albayan.com.sa,0500894051,صنع الورق ومنتجات الورق,Riyadh,
,,Qemmat Factory for Ice Cream Cups,,hotmail.com,suwailem.i@hotmail.com,0501100200,صناعة المنتجات الغذائية,Riyadh,
,,مصنع شركة مجموعة البركات المحدودة,,albarakatgroup.com,info@albarakatgroup.com,0505486104,صنع الحواسيب والمنتجات الإلكترونية والبصرية,Riyadh,
,,مصنع شركة محمد علي سعد الدين للحلويات و المعجنات,,saadeddin.com,ali@saadeddin.com,0505451427,صناعة المنتجات الغذائية,Riyadh,
,,Al-Abeed Plastic Industries Factory,,alobaidgroup.com,factory@alobaidgroup.com,0509777779,صنع منتجات المطاط والبلاستك,Riyadh,
,,Shaheya Factory for meat products and frozen vegetables,,shahia.com.sa,info@shahia.com.sa,0505418908,صناعة المنتجات الغذائية,Riyadh,
,,Rama  Chocolate and Golden Cake Sweets Factory,,hotmail.com,syrie_m@hotmail.com,0505485053,صناعة المنتجات الغذائية,Riyadh,
,,مصنع صلصات ماما للصناعات الغذائية,,herfy.com,emad@herfy.com,0505215364,صناعة المنتجات الغذائية,Riyadh,
,,Al Husaiki Garment Factory,,alhusaiki.net,info@alhusaiki.net,0562997767,صنع الملبوسات,Riyadh,
,,Gulf Palace Factory - Asadco for Fertilizers,,asdcofert.com,fert@asdcofert.com,0555628596,صنع منتجات المطاط والبلاستك,Riyadh,
,,Sudais Plastic Factory,,memf.com.sa,saber.masrahi@memf.com.sa,0555860836,صنع منتجات المطاط والبلاستك,Riyadh,
,,KSB Pumps Arabia Company,,ksbarabia.com,badr-alobaid@ksbarabia.com,0566061867,أخرى,Riyadh,
,,KSB Pumps Arabia Company,,ksbarabia.com,badr-alobaid@ksbarabia.com,0566061867,صنع الالات والمعدات غير المصنفة في موضع اخر,Riyadh,
,,Masal Factory for Wood & Metal Products,,masalfactory.com,wood@masalfactory.com,0505405390,صنع الخشب ومنتجات الخشب والفلين، باستثناء الاثاث؛ صنع اصناف من القش ومواد الضفر,Riyadh,
,,Factory of Al-Jeraisy Group for Cards Technology,,jerisy.com,eramadan@jerisy.com,0507839533,صنع منتجات المطاط والبلاستك,Riyadh,
,,Mohamed Salem Al-Ejaimi Factory for Electrical Boards and Transformer Stations,,alojaimifactory.com,mo_salem@alojaimifactory.com,0504959823,صنع المعدات الكهربائية,Riyadh,
,,Al-Rashid Umbrellas Factory,,yahoo.com,tentnology@yahoo.com,0555504443,صنع منتجات المعادن المشكلة، باستثناء الالات والمعدات,Riyadh,
,,Moatassim Mohamed Al-Daour Factory for Central Air conditioning & Metal Cabinets Supplies,,adf.com.sa,maher.rawashdeh@adf.com.sa,0564230372,صنع منتجات المعادن المشكلة، باستثناء الالات والمعدات,Riyadh,
,,Al-Shohan Establishment Factory for Aluminum Products,,yahoo.com,udfwoodwork@yahoo.com,0555408555,صنع منتجات المعادن المشكلة، باستثناء الالات والمعدات,Riyadh,
,,Wardet Al-Mashreq Factory for Foods,,wardatalmashreq.com,info@wardatalmashreq.com,0503299737,صناعة المنتجات الغذائية,Riyadh,
,,Wofour Factory for Aluminium Extrusion,,gmail.com,rakanaljohar1@gmail.com,0544222927,صنع منتجات المعادن المشكلة، باستثناء الالات والمعدات,Riyadh,
,,Yasser Factory for Iron Safes,,yaserfactory.com,mohamad@yaserfactory.com,0555481851,صنع منتجات المعادن المشكلة، باستثناء الالات والمعدات,Riyadh,
,,Perrin Factory for Biscuits and Auxiliary Foodstuff,,shokryest.com,hassan@shokryest.com,0505490577,صناعة المنتجات الغذائية,Riyadh,
,,Arab Publisher Presses,,hotmail.com,i_alansary@hotmail.com,0504133565,الطباعة,Riyadh,
,,Hadikat Modon Restaurants for Food Serving,,gmail.com,modongarden@gmail.com,0550363636,,Riyadh,
,,Institute of Abdullatif Industrial Investment Company,,carpets.com,jaber@carpets.com,0505757403,أخرى,Riyadh,
,,Al-Safir Laundries for Clothing,,hotmail.com,najeeb_sw@hotmail.com,0503453319,صنع الملبوسات,Riyadh,
,,مؤسسة أساهيب التجارية,,gmail.com,asaheeptrading@gmail.com,0504404450,صنع الحواسيب والمنتجات الإلكترونية والبصرية,Riyadh,
,,Al-Furaiji Construction Establishment,,yahoo.com,kald35@yahoo.com,0505479990,أخرى,Riyadh,
,,مؤسسة ريا فاروق الحسيني التجارية,,gmail.com,raya.husaini@gmail.com,0504117569,,Riyadh,
,,Shahd Sahara Trading Company,,shahad-ksa.com,shahad@shahad-ksa.com,0505469929,صنع منتجات المعادن المشكلة، باستثناء الالات والمعدات,Riyadh,
,,Abdullah Al-Aobthani Trading Est.,,hotmail.com,khaldoon55@hotmail.com,0505527680,أخرى,Riyadh,
,,Mohamed Abdullah Al-Faleh Trading Est.,,gmail.com,salahsalem.legal@gmail.com,0509444336,أخرى,Riyadh,
,,مؤسسة هداياكم للتجارة,,hdaia.com.sa,hdaia@hdaia.com.sa,0503332220,,Riyadh,
,,مصنع ارم للزيوت للمنتجات النفطية المكررة,,live.com,aalamer1@live.com,0507541147,صنع فحم الكوك والمنتجات النفطية المكررة,الزلفي,
,,مصنع تدوير النخيل للفحم والطبليات,,yahoo.com,sukaryadates@yahoo.com,0503460772,الصناعات التحويلية الأخرى,الزلفي,
,,Fad company Factory,,fad.com.sa,abdullah@fad.com.sa,0565975555,صنع منتجات المعادن اللافلزية الأخرى,الزلفي,
,,Maayir Petroleum Industries Co. Ltd.,,hotmail.com,ageel1413@hotmail.com,0555123084,صنع فحم الكوك والمنتجات النفطية المكررة,الزلفي,
,,مصنع قطرات للمياه,,qatarat.com.sa,info@qatarat.com.sa,0556300703,صنع المشروبات,الزلفي,
,,مصنع موبل للمنتجات البترولية,,hotmail.com,beil412@hotmail.com,0502204961,صنع فحم الكوك والمنتجات النفطية المكررة,الزلفي,
,,الشركة الدولية لتوزيع المياه,,tawzea.com,maldakhil@tawzea.com,0505877636,,Qassim,
,,The International Water Distribution Company (Tawzea),,tawzea.com,rgelaish@tawzea.com,0555039588,,Qassim,
,,زنجر للصناعة,,zinjer.com,saleh@zinjer.com,0504886324,,Qassim,
,,Saudi Wires & Nails Factory,,unitedwires.com.sa,info@unitedwires.com.sa,0505453127,صنع منتجات المعادن المشكلة، باستثناء الالات والمعدات,Qassim,
,,Al-Wasail Factory for Irrigation Systems,,al-wassel.com,aziz@al-wassel.com,0555141828,صنع منتجات المطاط والبلاستك,Qassim,
,,شركة الوطن العربية للصناعات الدوائية,,watanpharma.sa,saleh.alzomia@watanpharma.sa,0504284980,صنع المنتجات الصيدلانية,Qassim,
,,Qassim Factory for Polystrene Products,,yahoo.com,polypackalqassim@yahoo.com,0505149425,صنع منتجات المطاط والبلاستك,Qassim,
,,Qassim Factories for Metal and Wooden Furniture,,hotmail.com,albahoothfurn@hotmail.com,0555145050,صنع الاثاث,Qassim,
,,National Control Factory for Electrical Panels,,hotmail.com,ncp2factory@hotmail.com,0558279999,,Qassim,
,,Qassim Paper Products Factory,,qpack.com.sa,info@qpack.com.sa,0505409693,صنع الورق ومنتجات الورق,Qassim,
,,Al-Wosta Plastic Factory,,alwostaplas.com,info@alwostaplas.com,0505154444,صنع منتجات المطاط والبلاستك,Qassim,
,,مصنع جود القمة للمنتجات الورقية,,hotmail.com,a2-11@hotmail.com,0542833999,,Qassim,
,,Khabir Factory for Furniture and Medical Equipment,,al-wassd.com,salelhfahad@al-wassd.com,0501743758,,Qassim,
,,مصنع رحيق الغذاء للصناعات الغذائية,,gmail.com,afaq.algetha@gmail.com,0555177645,صناعة المنتجات الغذائية,Qassim,
,,مصنع رؤوم للزجاج,,gmail.com,raoomte@gmail.com,0505144092,,Qassim,
,,Qassim Industrial Foam and Plastic Shoes Factories,,hotmail.com,qassimfoam@hotmail.com,0505130870,صنع الاثاث,Qassim,
,,مصنع شركة خالد محمد الحميد وشركائه للمنتجات المعدنية,,khowailed.com,hr@khowailed.com,0553130010,صنع منتجات المعادن المشكلة، باستثناء الالات والمعدات,Qassim,
,,Lotfain Co. Factory for the Production of Diapers,,ltveen.com,saleh@ltveen.com,0554424381,صنع الورق ومنتجات الورق,Qassim,
,,مصنع شركة معايير النهضة لتشكيل عبوات الفويل,,hotmail.com,w.b.r3@hotmail.com,0542943334,الصناعات التحويلية الأخرى,Qassim,
,,مصنع عبد الاله محمد الطالب للدهانات والمذيبات والعلب المعدنية,,hotmail.com,mtco99@hotmail.com,0505151893,,Qassim,
,,Abdulaziz Ali Al-Tolaihy Factory for Iron Industries,,hotmail.com,saltolaihey@hotmail.com,0555139948,صنع منتجات المعادن المشكلة، باستثناء الالات والمعدات,Qassim,
,,مصنع نايف بن صالح العبرة لمنتجات القهوة,,gmail.com,naif.obrah@gmail.com,054927121,صناعة المنتجات الغذائية,Qassim,
,,مصنع نبع مياهنا للمياه,,hotmail.com,elfahhad@hotmail.com,0500006163,صنع المشروبات,Qassim,
,,مصنع ورق القصيم للمنتجات الورقية,,hotmail.com,a.b.harby@hotmail.com,0531928885,,Qassim,
,,شركة مصنع شعائل القصر للزجاج,,mashailalqasr.com,manager@mashailalqasr.com,0504447760,الصناعات التحويلية الأخرى,Qassim,
,,مصنع  ابراهيم صالح الرشودي للمنتجات البلاستكية,,yahoo.com,ibrs22@yahoo.com,0554016669,صنع منتجات المطاط والبلاستك,Qassim,
,,مصنع ابرهيم سليمان العثيم للتعبئه والتغليف,,gmail.com,i.alothaim@gmail.com,0552695999,صناعة المنتجات الغذائية,Qassim,
,,Al-Awani Al-Khaligiah Factory for Plastics,,gmail.com,hanifayez8@gmail.com,0540555672,صنع منتجات المطاط والبلاستك,Qassim,
,,Abdul Rahman Abdullah Al-Jasser Wipes Factory,,gmail.com,aljasircom@gmail.com,0555142565,صنع منتجات المطاط والبلاستك,Qassim,
,,مصنع الخيزران للمنتجات الورقية,,gmail.com,mazoon.a9@gmail.com,0550559993,صنع الورق ومنتجات الورق,Qassim,
,,مصنع الصناعات الاقليمية لانتاج البلاستيك,,hotmail.com,old.1@hotmail.com,0537481816,صنع منتجات المطاط والبلاستك,Qassim,
,,مصنع زاد الضيافة للصناعات الغذائية ومشتقات القهوة,,yahoo.com,zadalqassim2020@yahoo.com,0551170777,صناعة المنتجات الغذائية,Qassim,
,,مصنع شركة ثلاثمائة وستين لتصنيع المواد الغذائية,,gb-center.com,antonis@gb-center.com,0597386147,صناعة المنتجات الغذائية,Qassim,
,,مصنع شركة راف الخليج للتجارة والصناعة المحدودة,,hotmail.com,rafcoo-rafcoo@hotmail.com,0505133206,صنع منتجات المطاط والبلاستك,Qassim,
,,مصنع شركة زاوية البناء للمعدات الكهربائية,,outlook.com,majed.co@outlook.com,0542093221,صنع المعدات الكهربائية,Qassim,
,,مصنع شركة نقاء التدوير للمطاط,,hotmail.com,sami_mb@hotmail.com,0500155156,صنع منتجات المطاط والبلاستك,Qassim,
,,Wardet Al-Matabekh Factory for Aluminium,,gmail.com,apoamr140300@gmail.com,0505341116,صنع منتجات المعادن المشكلة، باستثناء الالات والمعدات,Qassim,
,,مصنع يانع للمنتجات الغذائية,,gmail.com,sajeralenezy@gmail.com,0505510159,صناعة المنتجات الغذائية,Qassim,
,,المصنع الصحن الساخن للمنتجات البلاستيكية,,gmail.com,hotplate103@gmail.com,0540001585,صنع منتجات المطاط والبلاستك,Medina,
,,شركة اتحاد اتصالات,,mobily.com.sa,a.sharaf@mobily.com.sa,0560322516,,Medina,
,,شركة اكسبو كارتون السعودية المحدودة,,hotmail.com,faleh333@hotmail.com,0566423000,صنع الورق ومنتجات الورق,Medina,
,,شركة الحسام التضامنية لأصحابها نبيل و خالد و محمد و مازن أبناء عبد العزيز خوقير,,edarahco.com,haroon@edarahco.com,0504505046,,Medina,
,,شركة ثلاجات عبدالله ابار واولاده,,abbarlogistics.com,abdullah.alzahrani@abbarlogistics.com,0555576547,,Medina,
,,شركة دواجن الوطنية ( ذات مسئولية محدودة),,al-watania.com,salsalmi@al-watania.com,0566990017,,Medina,
,,شركة سلاسل الامداد للخدمات اللوجستية,,balsharafgroup.com,haalkatheeri@balsharafgroup.com,0549106590,,Medina,
,,شركة سمسا للنقل السريع المحدودة,,gmail.com,electbill1@gmail.com,0504183016,,Medina,
,,شركة صديق فارسي القابضة,,dsf.com.sa,info@dsf.com.sa,0555300308,,Medina,
,,Tiba Company for Printing and Publishing / Medina Branch,,sppc.com.sa,fadi.alsaleh@sppc.com.sa,0543411902,صنع منتجات المطاط والبلاستك,Medina,
,,Mohamed Abdullah Sharbatly Company,,sharbatlyfruit.com,madinah@sharbatlyfruit.com,0506631849,,Medina,
,,شركة مصفوفة الاعمال التجارية القابضه,,ngm.com.sa,info@ngm.com.sa,0555224820,,Medina,
,,Advanced Pharmaceutical Factory Company,,hotmail.com,drananzeh@hotmail.com,0553007499,صنع المنتجات الصيدلانية,Medina,
,,Al Sawary Aluminum Company,,ifmi.com.sa,gm@ifmi.com.sa,0506677207,صنع منتجات المعادن اللافلزية الأخرى,Medina,
,,Yasser Abdullah Osailan Factory for  Healthy Bottled Water,,hotmail.com,yagolde@hotmail.com,0543524444,صناعة المنتجات الغذائية,Medina,
,,شركة مكتب الكمال للاستيراد المحدودة,,alkamal-sa.com,akio@alkamal-sa.com,0505624929,,Medina,
,,فرع شركة سيافا الدولية للصناعة,,yahoo.com,omer_hamdou@yahoo.com,0503141610,صناعة المنتجات الغذائية,Medina,
,,محور الامتياز للمنتجات الورقية,,gmial.com,bandr.rashed1@gmial.com,0558883983,صنع الورق ومنتجات الورق,Medina,
,,Nabil Abdul Qadir Khashoggi Factory for Aluminum Plates,,yahoo.com,cocobroast@yahoo.com,0505300212,صنع منتجات المعادن المشكلة، باستثناء الالات والمعدات,Medina,
,,مصنع  محمد دخيل الله الردادي للعوازل,,hotmail.com,makenfood@hotmail.com,0555305959,صنع منتجات المعادن اللافلزية الأخرى,Medina,
,,مصنع  مخبز رغيف طيبة الاتوماتيكية,,hotmail.com,amalalmadena@hotmail.com,0565553616,صناعة المنتجات الغذائية,Medina,
,,مصنع إبداع باك للمنتجات الورقية,,hotmail.com,majed.alharbi2010@hotmail.com,0505329440,صنع الورق ومنتجات الورق,Medina,
,,مصنع ابداع وطن للبلاستيك,,gmail.com,ebdaawatn@gmail.com,0547725122,صنع منتجات المطاط والبلاستك,Medina,
,,مصنع احمد سعيد الزهراني للحلويات,,gmail.com,zahranimd2@gmail.com,0553312788,صناعة المنتجات الغذائية,Medina,
,,Al-Eatimad Al-Amthal Metals Factory,,hotmail.com,alkhomri2010@hotmail.com,0556655563,صنع منتجات المعادن المشكلة، باستثناء الالات والمعدات,Medina,
,,مصنع البيئة العربية للمنتجات الورقية,,hotmail.com,csw.alahmadi@hotmail.com,0540507040,صنع الورق ومنتجات الورق,Medina,
,,Al-Hamra Plastic Factory,,hotmail.com,esam2288@hotmail.com,0505303392,صنع منتجات المطاط والبلاستك,Medina,
,,Mohamed Fawaz Factory for Dates & Derivatives,,hotmail.com,mf66666@hotmail.com,0504340833,صناعة المنتجات الغذائية,Medina,
,,Al-Tawi Company Factory for Readymix Concrete,,altawi.com.sa,saleh@altawi.com.sa,0504662471,صنع منتجات المعادن اللافلزية الأخرى,Medina,
,,Al Aqeeq Dairy Factory,,gmail.com,alaqiq.cheese.fact@gmail.com,0500584604,صناعة المنتجات الغذائية,Medina,
,,Khadija Mohamed Jaafar Bajaafar Factory,,yahoo.com,bamuqabel2@yahoo.com,0508751504,الصناعات التحويلية الأخرى,Medina,
,,مصنع برد طيبة لتعبئة المياه,,gmail.com,h.alwahidi2015@gmail.com,0506684407,صنع المشروبات,Medina,
,,مصنع بئري لتعبئة المياه,,gmail.com,nashialmazainiest@gmail.com,0542269416,صنع المشروبات,Medina,
,,مصنع تمرتي للتمور,,hotmail.com,vox113@hotmail.com,0553060008,صناعة المنتجات الغذائية,Medina,
,,مصنع ثمرت طيبة للمنتجات الغذائية,,gmail.com,momfars81@gmail.com,0557025000,صناعة المنتجات الغذائية,Medina,
,,مصنع ثواب حامد احمد الناصر لتعبيئة العسل,,gmail.com,alshefaain@gmail.com,0506522210,صناعة المنتجات الغذائية,Medina,
,,مصنع جمعية مستودع المدينة الخيري للمياه,,gmail.com,dohaatt@gmail.com,0548737475,صناعة المنتجات الغذائية,Medina,
,,مصنع خليفه ذعار الحربى للعصائر الطبيعيه وإنتاج مياه الشرب,,hotmail.com,bludan_foods99@hotmail.com,0591543936,صنع المشروبات,Medina,
,,مصنع دار الاعمال الانشائية للحديد,,hotmail.com,jojo.yousef2011@hotmail.com,0541837777,صنع منتجات المعادن المشكلة، باستثناء الالات والمعدات,Medina,
,,Mohamed Salem Al-Hilali Plastic Factory,,hotmail.com,alhilaliplastic1@hotmail.com,0502777765,صنع منتجات المطاط والبلاستك,Medina,
,,Sapri Factory for Detergent and Disinfectants,,gmail.com,rowad.aljazerah@gmail.com,0555670559,صنع المواد الكيميائية والمنتجات الكيميائية,Medina,
,,مصنع سامي عوض العوفي للعوازل,,gmail.com,samibelalest@gmail.com,0504346231,صنع المواد الكيميائية والمنتجات الكيميائية,Medina,
,,مصنع سقيا الوطن للمياه المعدنية,,hotmail.com,abomgdy@hotmail.com,0500608617,صناعة المنتجات الغذائية,Medina,
,,مصنع سلسبيل لتقنية و تعبئة و تسويق مياه الشرب الصحيه,,gmail.com,ibnassaf@gmail.com,0568428888,صنع المشروبات,Medina,
,,مصنع سمير عوض العوفي للمنتجات المعدنيه,,gmail.com,sameeralofi@gmail.com,0508777000,صنع منتجات المعادن المشكلة، باستثناء الالات والمعدات,Medina,
,,Al-Hazzra Factory for Dates and Sweets,,seraa.com.sa,seraagroup@seraa.com.sa,0500645940,صناعة المنتجات الغذائية,Medina,
,,مصنع شركة المدينة الزاهرة,,hotmail.com,fares_dad@hotmail.com,0505301692,صنع منتجات المطاط والبلاستك,Medina,
,,مصنع شركة جلوبال ترونكس السعودية المحدودة لعدادات الكهرباء,,hotmail.com,eng_wageb@hotmail.com,0543866060,صنع المعدات الكهربائية,Medina,
,,Mannaa Glass Co. Factory,,hotmail.com,zm400500@hotmail.com,0505195566,صنع الاثاث,Medina,
,,Sahara Tiba Dates Factory,,saharygroup.com,gm@saharygroup.com,0500355959,صناعة المنتجات الغذائية,Medina,
,,Talal Mahmoud Khamry Factory for Cement Products,,hotmail.com,talal.m.k@hotmail.com,0555309707,صنع منتجات المعادن اللافلزية الأخرى,Medina,
,,مصنع عبدالله فيصل كماخي للمياه,,yahoo.com,moimenahmed@yahoo.com,0581009777,صنع المشروبات,Medina,
,,Emad Abdul Rahman Hamza Serafi Factory for Electrical Distribution Boards,,tepcoegypt.com,gulf.tepco@tepcoegypt.com,0503313331,صنع المعدات الكهربائية,Medina,
,,مصنع عودة عيد الحربي للحديد,,hotmail.com,k_almotrafi@hotmail.com,0565911000,صنع منتجات المعادن المشكلة، باستثناء الالات والمعدات,Medina,
,,مصنع غيوم الكون للغازات,,hotmail.com,f-alhadi@hotmail.com,0544075806,صنع المواد الكيميائية والمنتجات الكيميائية,Medina,
,,مصنع فهد محمد الفقير لمستحضرات التجميل,,hotmail.com,barrinma@hotmail.com,0505301830,صنع المنتجات الصيدلانية,Medina,
,,City Cables Factory,,hotmail.com,jt_1954@hotmail.com,0500002204,صنع المعدات الكهربائية,Medina,
,,مصنع منصور محمد السهلي للمنتجات الورقيه,,hotmail.com,abu_ruba@hotmail.com,0561455550,صنع الورق ومنتجات الورق,Medina,
,,Mahbaj Medical Pharmaceutical Factory for Cosmetics,,gmail.com,aalkhalifa0@gmail.com,٠٥٦٦٤٤١١٢٣,صنع المنتجات الصيدلانية,Medina,
,,مصنع مهند صالح الحجيلي للمياه,,hotmail.com,pw552005@hotmail.com,0554910225,صنع المشروبات,Medina,
,,"Al-Dar Water Factory for Water, Juices & Plastic",,yahoo.com,manufactory.eldar@yahoo.com,0505303303,صنع المشروبات,Medina,
,,مصنع نبع الواحة للصناعة,,gmail.com,abo.anas.alharbi@gmail.com,0595004011,صنع المشروبات,Medina,
,,مصنع نجات عايج الحجيلي للمياه المعبأة والعصائر,,nahdat-aljawda.com,info@nahdat-aljawda.com,0544449195,صنع المشروبات,Medina,
,,مصنع نخيل العالية للتمور,,gmail.com,ymozaini@gmail.com,0555324846,صناعة المنتجات الغذائية,Medina,
,,Waha Lina Factory for Dates,,gmail.com,linadates@gmail.com,0567457337,صناعة المنتجات الغذائية,Medina,
,,Mounir Fouad Aam Al-Shabibi,,hotmail.com,muneershabibi@hotmail.com,0505592817,,Medina,
,,مؤسسة يوسف صالح القفاري للتجارة,,gmail.com,yousefalgafari@gmail.com,0504788999,,Medina,
,,شركة الفنار,,alfanar.com,mohamed.khalaf@alfanar.com,0504263312,,Tabuk,
,,شركة مصفوفة الاعمال التجاريه القابضه,,ngm.com.sa,info@ngm.com.sa,0555224820,,Tabuk,
,,Riad Al-Haya Factory for Wood Works,,gmail.com,nahar2001sa@gmail.com,0504555152,صنع الاثاث,Tabuk,
,,مصنع سالم عتيق الضويفي للكرتون,,gmail.com,ma467204@gmail.com,00966541161116,صنع الورق ومنتجات الورق,Tabuk,
,,مصنع شركة  سليمان بن صالح المهيلب للمنتجات الاسمنتية,,almohileb.net,hossam_hasaan@almohileb.net,0506770438,صنع منتجات المعادن اللافلزية الأخرى,Tabuk,
,,A'amal Al-Andalus Co. Factory,,gmail.com,andlosagri@gmail.com,0554483317,صنع المواد الكيميائية والمنتجات الكيميائية,Tabuk,
,,مصنع شركة عالم شهد للمنتجات الغذائية,,hotmail.com,c4444c@hotmail.com,0555007733,صناعة المنتجات الغذائية,Tabuk,
,,مصنع علي غرم الله العمري للفليين,,gmail.com,abuamer1344@gmail.com,0503021344,الصناعات التحويلية الأخرى,Tabuk,
,,Eid Factory for Polystyrene Boxes,,hotmail.com,e2thamer@hotmail.com,0553622522,الصناعات التحويلية الأخرى,Tabuk,
,,Loaloa Najd Al-Khaleej Factory,,hotmail.com,a7madalharthy@hotmail.com,0505368008,صنع منتجات المعادن اللافلزية الأخرى,Tabuk,
,,Nazer Elhassan Elhakmy Factory for Forage,,hotmail.com,nadher_hh@hotmail.com,0505379080,صناعة المنتجات الغذائية,Tabuk,
,,Nimr Abu Zahir Steel Factory,,hotmail.com,nasgroup@hotmail.com,0509887700,صنع منتجات المعادن المشكلة، باستثناء الالات والمعدات,Tabuk,
,,مصنع هاجر الدوليه للزيوت الصناعيه,,hajerint.com,relations@hajerint.com,0500147449,,Tabuk,
,,مصنع هاجر بنت سعود العنزي لانتاج الصوف,,gmail.com,s1041522192@gmail.com,0504972737,الصناعات التحويلية الأخرى,Tabuk,
,,مصنع هلال مشبب العتيبي للبلوك,,gmail.com,a.qahtani.139489@gmail.com,0505461469,صنع منتجات المعادن اللافلزية الأخرى,Tabuk,
,,مصنع همسات للتعبئة والتغليف,,hotmail.com,dr_2th2@hotmail.com,0544220505,صنع الورق ومنتجات الورق,Tabuk,
,,Azavko Co. for Packing and Packaging Fish,,izafco.net,info@izafco.net,0530699111,صنع منتجات المطاط والبلاستك,Jazan,
,,مصنع  فهد سعد القحطاني  للمنتجات الاسمنتية,,hotmail.com,f60756@hotmail.com,0507468109,الصناعات التحويلية الأخرى,Jazan,
,,مصنع إبهار القفار للأكواب الورقية,,hotmail.com,ali200703@hotmail.com,0557743965,صنع المشروبات,Jazan,
,,مصنع احمد محمد  فلقي للكرتون,,gmail.com,amfalqi@gmail.com,0550333480,صنع الورق ومنتجات الورق,Jazan,
,,مصنع افاق الضياء للمواد الغذائية,,gmail.com,ooblagrat@gmail.com,0505514017,صناعة المنتجات الغذائية,Jazan,
,,مصنع السواتر للبلاستيك,,hotmail.com,redaalfayez@hotmail.com,0505442498,صنع منتجات المطاط والبلاستك,Jazan,
,,Al-Lawn Al-Sahih Chemicals Factory,,hotmail.com,mohammed4noor@hotmail.com,0509371816,صنع المواد الكيميائية والمنتجات الكيميائية,Jazan,
,,مصنع الموردة للمنتجات الغذائية,,almowaredah.com,info@almowaredah.com,0505487824,صناعة المنتجات الغذائية,Jazan,
,,Alwan Jizan  Factory for Paints Industry,,gmail.com,dafer8541@gmail.com,0540003363,صنع المواد الكيميائية والمنتجات الكيميائية,Jazan,
,,مصنع إنماءات البلاد للفحم,,hotmail.com,jizan.f@hotmail.com,0599993834,الصناعات التحويلية الأخرى,Jazan,
,,مصنع تالين النقاء لتعبئة المياه,,hotmail.com,gs_est@hotmail.com,0508399808,صنع المشروبات,Jazan,
,,مصنع جازان للغازات الصناعية,,gmail.com,ambajubair@gmail.com,056662535,صنع المواد الكيميائية والمنتجات الكيميائية,Jazan,
,,مصنع حسين سعيد آل مدهش لتصنيع وتشكيل المعادن,,gmail.com,abdoabdosudan@gmail.com,0505754937,الصناعات التحويلية الأخرى,Jazan,
,,مصنع خالد محسن  الحارثي للانابيب البلاستيكية,,hotmail.com,harthims@hotmail.com,0506440255,الصناعات التحويلية الأخرى,Jazan,
,,مصنع خلب الدولية للمياه الصحيه,,hotmail.com,hakami69@hotmail.com,0540448090,صناعة المنتجات الغذائية,Jazan,
,,Rukn Al-Mahanna  Factory for Cement Products,,hotmail.com,mohna1234@hotmail.com,0555779156,صنع منتجات المعادن اللافلزية الأخرى,Jazan,
,,Al-Fanar Al-Amoudi Factory for Lamps,,hotmail.com,sshamar@hotmail.com,0555886767,صنع المعدات الكهربائية,Jazan,
,,مصنع شركة الوديان الوطنية للمنتجات الغذائية,,alwedyan.com,ali@alwedyan.com,0560001680,صناعة المنتجات الغذائية,Jazan,
,,مصنع شركة حياة جازان للاستثمار,,life-jazan.com,ceo@life-jazan.com,0563133436,صنع الاثاث,Jazan,
,,مصنع شركة مياة الكوثر,,gmail.com,abdullahalahmari57@gmail.com,0534199198,صنع المشروبات,Jazan,
,,مصنع عبداللطيف حسن البوعينين للثلج قوالب والمكعبات,,hotmail.com,a19.18@hotmail.com,0505901918,صناعة المنتجات الغذائية,Jazan,
,,مصنع فرع شركة مخابز وحلويات سنابل الجبيل,,gmail.com,ahmed.ahmed355@gmail.com,0555930274,صناعة المنتجات الغذائية,Jazan,
,,مصنع محمد خالد القحطاني للمياه الصحية,,hotmail.com,mmkk00039@hotmail.com,0500044439,صناعة المنتجات الغذائية,Jazan,
,,Yazid Ibrahim Zafir El-Shahrani Factory for Forage,,izafco.net,yazeed@izafco.net,0507733000,الصناعات التحويلية الأخرى,Jazan,
,,البنك الاهلي التجاري,,alahli.com,i.badraig@alahli.com,0504653117,,Jeddah,
,,الشركة السعودية الأمريكية لهياكل نجف الفلورسنت,,hotmail.com,alim6066@hotmail.com,0506666098,أخرى,Jeddah,
,,Saudi Arabian Glass Co. Ltd.,,sagco.net,rami@sagco.net,0553554751,صنع منتجات المعادن اللافلزية الأخرى,Jeddah,
,,الشركة السعودية العربية للزجاج المحدودة فرع المرحلة الخامسة,,sagco.net,rami@sagco.net,0553554751,صنع منتجات المعادن اللافلزية الأخرى,Jeddah,
,,الشركة السعودية العربية للزجاج المحدودة فرع المرحلة الرابعة,,sagco.net,rami@sagco.net,0553554751,صنع منتجات المعادن اللافلزية الأخرى,Jeddah,
,,Saudi Action Real Estate Company,,actionkuwait.com,osama@actionkuwait.com,0591117171,,Jeddah,
,,Saudi Building Materials Company  (SBM),,sbm-rmc.com,info@sbm-rmc.com,0504613025,صنع منتجات المعادن اللافلزية الأخرى,Jeddah,
,,Saudi Company for Manufacturing Carpet Materials - Mattex,,mattex.com,awad.m@mattex.com,0556646108,أخرى,Jeddah,
,,الشركة السعودية لمستلزمات الستائر الراقية المحدودة,,asiig.com,gmoffice@asiig.com,0564061001,,Jeddah,
,,Saudi Concrete Products Company Limited,,amiantit.com,thamers@amiantit.com,0505828750,الصناعات التحويلية الأخرى,Jeddah,
,,Arabian Chemical Company (Polystyrene),,eajb.com.sa,h.khalaf@eajb.com.sa,0504646509,صنع منتجات المطاط والبلاستك,Jeddah,
,,Western Modern Packaging Co. (WMPPAC),,asiig.com,gmoffice@asiig.com,0564061001,صنع الورق ومنتجات الورق,Jeddah,
,,Technical Glass Company,,technoglass.com.sa,info@technoglass.com.sa,0505680007,صنع منتجات المعادن اللافلزية الأخرى,Jeddah,
,,National Co. for  Biscuits and Sweets Industries,,nbcc.com.sa,info@nbcc.com.sa,0504380524,صناعة المنتجات الغذائية,Jeddah,
,,National Glass and Mirrors Co. Ltd.,,ngm.com.sa,info@ngm.com.sa,0555224820,الصناعات التحويلية الأخرى,Jeddah,
,,المصنع الحديث للانارة العامة,,gmail.com,albaroom@gmail.com,0555652580,صنع منتجات المعادن المشكلة، باستثناء الالات والمعدات,Jeddah,
,,Saudi Chewing Gums & its Derivatives Production Co.,,gandour.com,bbukhari@gandour.com,0566575989,صناعة المنتجات الغذائية,Jeddah,
,,Saudi Yarn and Knitting Technology Factory,,nafa.net,syntech@nafa.net,0557603734,صنع المنسوجات,Jeddah,
,,0,,basamh.com,smff@basamh.com,0505514067,صنع الورق ومنتجات الورق,Jeddah,
,,National Factory for Glass Granules,,hotmail.com,abumbm@hotmail.com,0506622376,صنع منتجات المعادن اللافلزية الأخرى,Jeddah,
,,National Factory For Powder Soap,,sidco.com.sa,mazen@sidco.com.sa,0503896410,صنع المواد الكيميائية والمنتجات الكيميائية,Jeddah,
,,المكتب التعاوني للدعوة والإرشاد بالمدينة الصناعية بجدة,,dawahoffice.org.sa,info@dawahoffice.org.sa,0505771008,,Jeddah,
,,Al-Watania Factory for Metal Containers,,wataniaind.com,salem.ali@wataniaind.com,0504585525,صنع منتجات المعادن المشكلة، باستثناء الالات والمعدات,Jeddah,
,,Al-Shahini Cold Store,,shahini.com,scjed@shahini.com,0563116061,أخرى,Jeddah,
,,ثلاجة خليفه عبدالرحمن القصيبي,,algosaibi.com.sa,aalnasser@algosaibi.com.sa,0505467397,,Jeddah,
,,Ashwa Metal Technology Company,,theindustrialgrp.com,salhadadi@theindustrialgrp.com,0552090308,صنع المواد الكيميائية والمنتجات الكيميائية,Jeddah,
,,شركة الاتصالات المتنقلة السعودية - زين,,sa.zain.com,alaa.alahmadi@sa.zain.com,0592442127,أخرى,Jeddah,
,,Red Sea Paints Co. Ltd.,,jotun.com,saeed.al-amoudi@jotun.com,0505615942,أخرى,Jeddah,
,,Al-Tasheelat Marketing Co. Ltd. - Gas Station,,tas-helat.com,info@tas-helat.com,0546680055,,Jeddah,
,,شركة التقنية الضوئية المحدودة,,glinty.com,m-bazqama@glinty.com,0562680903,صنع المعدات الكهربائية,Jeddah,
,,"Al-Tamayoz Al-Motatawera Co. for the Manufacture Cardboard Boxes, Labels and Posters",,altamayuz.org,info@altamayuz.org,0503014161,أخرى,Jeddah,
,,Al-Jawan Advanced Trading and Contracting Co.,,gmail.com,modon.aljuan@gmail.com,0504703170,صنع منتجات المعادن المشكلة، باستثناء الالات والمعدات,Jeddah,
,,شركة الحوطي ستانجر المحدودة مختبرات وفحص مواد المستقلة,,alhotystanger.com,mohammad.alodah@alhotystanger.com,0506265206,,Jeddah,
,,Gulf Chemicals and Industrial Oils Co.,,mayar.com.sa,s.alsaadoun@mayar.com.sa,0504134084,صنع معدات النقل الاخرى,Jeddah,
,,شركة الراجحي المصرفية للاستثمار,,alrajhibank.com.sa,alzahranihd@alrajhibank.com.sa,0500772295,,Jeddah,
,,Saudi Marble Co.,,yahoo.com,smcsd@yahoo.com,0559573007,صنع منتجات المعادن اللافلزية الأخرى,Jeddah,
,,Saudi Tin Can Co. Ltd.,,saudican.com.sa,a-alshehri@saudican.com.sa,0500138798,صنع منتجات المعادن المشكلة، باستثناء الالات والمعدات,Jeddah,
,,Saudi Industries for Windows Company,,yahoo.com,a.omar5@yahoo.com,0593004002,أخرى,Jeddah,
,,Al Tayar Plastic & Rubber Industries Co. Ltd.,,altayar.com.sa,amer@altayar.com.sa,0501011410,صنع منتجات المطاط والبلاستك,Jeddah,
,,شركة الفلك للصناعات الغذائية المحدودة,,bataweelgroup.com,maher.alaqeel@bataweelgroup.com,0540492414,صناعة المنتجات الغذائية,Jeddah,
,,شركة المصنع الوطنى لأدوات النظافة,,yahoo.com,helal_jeddah@yahoo.com,0505686557,,Jeddah,
,,National Factory Co. for Plastic Industries,,nationalpipe.co,info@nationalpipe.co,0555625235,صنع منتجات المطاط والبلاستك,Jeddah,
,,Al Mys Leading Factory,,almays-me.com,mohammad@almays-me.com,0555300083,,Jeddah,
,,National Confectionery & Tahina Factory Company Ltd,,temafood.com,info@temafood.com,0544026060,صناعة المنتجات الغذائية,Jeddah,
,,Baghlaf Al Zafer Factory for Cold Processing of Steel & Metals,,bazsteel.com,info@bazsteel.com,0560779586,صنع الفلزات القاعدية,Jeddah,
,,Bachman Middle East Company,,pacmanccl.com,ksa@pacmanccl.com,0500201079,أخرى,Jeddah,
,,Binzagr Unilever Co. Ltd.,,unilever.com,sultan.alkaabi@unilever.com,0555347584,صنع المواد الكيميائية والمنتجات الكيميائية,Jeddah,
,,شركة تشغيل الخدمات المساندة,,isnad.com,bassamfathi@isnad.com,0590010081,,Jeddah,
,,Industrial Cities Development and Operating Co. (ICDOC),,jeco.com.sa,alnaser.a@jeco.com.sa,0556693334,أخرى,Jeddah,
,,شركة جوتن السعودية المحدودة,,jotun.com,mohamed.alsaiary@jotun.com,0505615942,,Jeddah,
,,شركة خدمات المعامل الاسترالية العربية,,alsarabia.com,abulaziz.alzahrani@alsarabia.com,0558847799,,Jeddah,
,,شركة رضا للخدمات الغذائية المحدودة,,rezagroup.com,ziyad.mcd@rezagroup.com,0504656076,,Jeddah,
,,Rawafed Holding Company,,yahoo.com,msmgasim@yahoo.com,0509000892,أخرى,Jeddah,
,,Saeed & Gamal Plastic Company,,mscc.com.sa,abdu@mscc.com.sa,0504642947,صنع منتجات المطاط والبلاستك,Jeddah,
,,Sygan Arab Company for Contracting and Maintenance,,ab.com.sa,info@ab.com.sa,0500808084,أخرى,Jeddah,
,,Shamsan Abdul Wahab Al-Suhaibi & Sons,,hotmail.com,adel24-12-1960@hotmail.com,0506639239,صنع منتجات المعادن المشكلة، باستثناء الالات والمعدات,Jeddah,
,,Food Makers Company,,fmculker.com.sa,hatim.sait@fmculker.com.sa,0598345355,صناعة المنتجات الغذائية,Jeddah,
,,شركة صناعات المنتوجات الجديدة ( نيبرو بلاست ),,neproplast.com,info@neproplast.com,0505669503,,Jeddah,
,,"Arab Plastic Industry Co., Ltd.",,balubaid.com.sa,hussain.albishi@balubaid.com.sa,0503008417,صنع منتجات المطاط والبلاستك,Jeddah,
,,Saudi Concrete Products Company Limited,,scpi.com.sa,info@scpi.com.sa,0505619411,صنع منتجات المعادن اللافلزية الأخرى,Jeddah,
,,شركة عبدالله أبونيان,,abunayyangroup.com,omar-fayyadh@abunayyangroup.com,0553444575,,Jeddah,
,,Maakool Al-Watania Company for Food Industries,,moussallati.com,makool@moussallati.com,0505693344,صناعة المنتجات الغذائية,Jeddah,
,,Al-Shahba Stainless Steel Factory,,hotmail.com,bander.1398@hotmail.com,0569633698,صنع الفلزات القاعدية,Jeddah,
,,Mahmoud Saeed Company Limited for Manufacturing  Beverage Cans & Lids,,msgi-sa.com,mahdy@msgi-sa.com,0547828180,صنع منتجات المعادن المشكلة، باستثناء الالات والمعدات,Jeddah,
,,Arabian Gulf Plastic Industries factories,,gulfmaid.com,agm1@gulfmaid.com,0503525250,صنع منتجات المطاط والبلاستك,Jeddah,
,,Al-Qanaah Factory for the Production of Grills and Coolers,,alkanaa.com,hr@alkanaa.com,0504749412,صنع المعدات الكهربائية,Jeddah,
,,Ehteraf Factory for Specialized Chemicals,,al-abubaker.com.sa,ceo@al-abubaker.com.sa,0565737373,صنع المواد الكيميائية والمنتجات الكيميائية,Jeddah,
,,Ehteraf Factory for Specialized Chemicals,,al-abubaker.com.sa,ceo@al-abubaker.com.sa,0565737373,صنع المواد الكيميائية والمنتجات الكيميائية,Jeddah,
,,Middle East Paints Factory,,mepaints.com,info@mepaints.com,054777705,أخرى,Jeddah,
,,شركة مصنع المتحد السعودي الايطالي للبلاستيك,,hotmail.com,tariqalsaadi84@hotmail.com,0561656666,صنع منتجات المطاط والبلاستك,Jeddah,
,,Al-Manar Lubricating Oil Factory,,hotmail.com,almanarlube@hotmail.com,0505605660,صنع فحم الكوك والمنتجات النفطية المكررة,Jeddah,
,,"Jamjoom Medical Industries Factory Co., Ltd.",,jamjoom.md,ishehab@jamjoom.md,0593215554,صنع المواد الكيميائية والمنتجات الكيميائية,Jeddah,
,,Monqez bin Karim Ataa Al-Yousuf Factory For Metal Products,,hotmail.com,monquez.alyousef@hotmail.com,0566535395,صنع منتجات المعادن المشكلة، باستثناء الالات والمعدات,Jeddah,
,,Delta Company for Bottled Water,,deltamarketingco.com,m.alnahdi@deltamarketingco.com,0503650203,صنع المشروبات,Jeddah,
,,شركة مصنع سعيد محمد باغانم و كبراري السعودية للمضخات المحدودة,,baghanem.com,info@baghanem.com,00966555608580,صنع الالات والمعدات غير المصنفة في موضع اخر,Jeddah,
,,Safa Al-Arabia Factory for Plastic Industries,,hotmail.com,safaalarabia@hotmail.com,0505670322,صنع منتجات المطاط والبلاستك,Jeddah,
,,Mohamed Nabil Hamza & Partner Factory for Sweets and Pastries,,emadbakeries.com,hr@emadbakeries.com,0509619243,,Jeddah,
,,Magdi Ahmed Al-Metwally Glass Factory,,hotmail.com,wael_saqqa@hotmail.com,0504580121,صنع الفلزات القاعدية,Jeddah,
,,Nofouz Water Factory,,aquanufud.com,mkhofani@aquanufud.com,0565332566,صنع المشروبات,Jeddah,
,,Wadi Alderfan  Factory for Gold & Jewelry,,aldrfan.sa,info@aldrfan.sa,0553366866,,Jeddah,
,,Al-Jarousha Wooden Furniture Factory,,gmail.com,algarousha.gfi@gmail.com,0590907090,صنع الاثاث,Jeddah,
,,Aluminum Products Co. Ltd. (ALUPCO),,alupco.com,majdi@alupco.com,0543453987,صنع الفلزات القاعدية,Jeddah,
,,Al-Salem Lighing Co.,,live.com,shams_1409@live.com,0505373511,صنع المعدات الكهربائية,Jeddah,
,,"Hanaa Factory for Sweets and Biscuits, Ltd.",,yahoo.com,nsulamy@yahoo.com,0557777750,صناعة المنتجات الغذائية,Jeddah,
,,Shoaib Factory for Furnaces Industry,,gmail.com,shof.shuaib@gmail.com,0506622295,صنع الالات والمعدات غير المصنفة في موضع اخر,Jeddah,
,,National Glass and Mirrors Co. Ltd.,,ngm.com.sa,info@ngm.com.sa,0500808084,,Jeddah,
,,Al-Hamrani Industrial Group (Barrels Factory),,aci.com.sa,aaaghamdi@aci.com.sa,0530212199,صنع منتجات المعادن المشكلة، باستثناء الالات والمعدات,Jeddah,
,,فرع شركة انتاج الغد المحدودة,,temafood.com,info@temafood.com,0544026060,صناعة المنتجات الغذائية,Jeddah,
,,فرع شركة شريف وعبد الله ونصر الله جميه ابناء محمد سعيد,,yahoo.com,sanjed1@yahoo.com,0555854902,,Jeddah,
,,فرع مصنع الشركة الأهلية للصناعات الغذائية,,americanacake.com,abdullahalsobie@americanacake.com,0500172414,صناعة المنتجات الغذائية,Jeddah,
,,لجنة تنمية الصادرات بغرفة جده,,yahoo.com,b_bassnawi@yahoo.com,0543395940,,Jeddah,
,,Al Sharq Factories For Acrylic & Fiberglass Products,,alsharqflex.com,farid@alsharqflex.com,0504476283,صنع المعدات الكهربائية,Jeddah,
,,"Al-Nasser Factories Company for Grills, Ovens, Heaters",,hotmail.com,alnasser1980@hotmail.com,0500677277,صنع الالات والمعدات غير المصنفة في موضع اخر,Jeddah,
,,مصنع  شركة مجموعة بسام مطشر عجمي السعدون للسجاد والموكيت,,arrabtel.com,tamer.mokhtar@arrabtel.com,0592000096,صنع المنسوجات,Jeddah,
,,Abuljadayel Refreshments Factory,,ab.com.sa,malghamdi@ab.com.sa,0504691625,صنع المشروبات,Jeddah,
,,Jaafar Mohammed Abu Bakr gelati Plastic Factory,,yahoo.com,jilaniplastic@yahoo.com,0568184848,صنع منتجات المطاط والبلاستك,Jeddah,
,,مصنع أحمد عبدالوهاب أحمد عابد للبلاستيك,,aaabed.com,mohanad.abed@aaabed.com,0505477270,,Jeddah,
,,مصنع احمد محمد الابرص للبلاستيك,,al-abras.com,ahmed@al-abras.com,0505624916,الصناعات التحويلية الأخرى,Jeddah,
,,The Forage Factory of the Agricultural Development Co. Ltd.,,tanmiah.com,khalid.khaloufa@tanmiah.com,0501791638,صناعة المنتجات الغذائية,Jeddah,
,,مصنع الأثاث الخشبي السعودي,,softdreams.com.sa,info@softdreams.com.sa,0503681858,صنع الاثاث,Jeddah,
,,مصنع الاوائل لتصنيع البوليمرات,,psfcom.com,mmq@psfcom.com,0555667808,,Jeddah,
,,Batterjee Factory for Garments and Leather Products,,batterjeegarments.com,info@batterjeegarments.com,0566275212,صنع الملبوسات,Jeddah,
,,مصنع البترجي لمستحضرات التجميل والعناية بالطفل,,batterjeeholding.com,a.adel@batterjeeholding.com,0506364050,صنع المواد الكيميائية والمنتجات الكيميائية,Jeddah,
,,Cement Block Factory (Branch of the Batterjee Global Co.),,hotmail.com,drsh1960@hotmail.com,0505594373,صنع منتجات المعادن اللافلزية الأخرى,Jeddah,
,,Al-Jozoor Factory for Wood Products,,rootsdecor.net,info@rootsdecor.net,0555622217,صنع الخشب ومنتجات الخشب والفلين، باستثناء الاثاث؛ صنع اصناف من القش ومواد الضفر,Jeddah,
,,Al-Jazira Food Packaging Factory,,gandour.com,salghamdi@gandour.com,0566575989,صناعة المنتجات الغذائية,Jeddah,
,,Jamjoom Tiles Factory,,gmail.com,jamjoomtilesfactory@gmail.com,0503619727,صنع منتجات المعادن اللافلزية الأخرى,Jeddah,
,,"Al-Hadara Al-Arabia Factory for Posters, Notebooks and Computer Paper",,hadarapress.com,info@hadarapress.com,0505610532,صنع الورق ومنتجات الورق,Jeddah,
,,Al-Rubaian Factory  for Hand Carts and Janitorial Tasks,,rem-ksa.com,alz7rani@rem-ksa.com,0503688193,أخرى,Jeddah,
,,Zamil Metals Manufacturing Factory,,alzamilmetal.com,aotif@alzamilmetal.com,0509768001,صنع الالات والمعدات غير المصنفة في موضع اخر,Jeddah,
,,Metal Strips Decoration Factory,,gmail.com,basuliman.msdf@gmail.com,0505610733,صنع منتجات المعادن المشكلة، باستثناء الالات والمعدات,Jeddah,
,,Al Sharq Tin Factory,,hotmail.com,mhh_66@hotmail.com,0505626703,صنع منتجات المعادن المشكلة، باستثناء الالات والمعدات,Jeddah,
,,Al-Sharq Factory for HVAC Ducts,,alfaneyah.com,ibrahim@alfaneyah.com,0506529111,صنع منتجات المعادن اللافلزية الأخرى,Jeddah,
,,Al-Sharqawi Air Conditioning Ducts Factory,,sharqawifactory.com,w.tassan@sharqawifactory.com,0594141507,صنع المعدات الكهربائية,Jeddah,
,,Saudi Sand Lime Bricks & Building Materials Company,,saudilime.com,h.sabbahy@saudilime.com,0505770040,صنع منتجات المعادن اللافلزية الأخرى,Jeddah,
,,Beladi Plastic Factory,,hotmail.com,polytank33@hotmail.com,0557777578,صنع منتجات المطاط والبلاستك,Jeddah,
,,Arab Fisheries Factory,,arabfisheries.org,info@arabfisheries.org,0537228445,صناعة المنتجات الغذائية,Jeddah,
,,Savola Packaging System Company - Plastic Packages Factory,,takweenai.com,malhurbi@takweenai.com,0548330011,صنع منتجات المطاط والبلاستك,Jeddah,
,,Al-Faisal Plastic and Clocks Factory,,yahoo.com,myfpf@yahoo.com,0555599638,صنع منتجات المطاط والبلاستك,Jeddah,
,,مصنع القلادة الدولية,,hotmail.com,al.qeladah@hotmail.com,0598646278,,Jeddah,
,,United Gulf Factory for Plastic Industries,,hotmail.com,llnigull@hotmail.com,0505670323,صنع منتجات المطاط والبلاستك,Jeddah,
,,مصنع المراتب والسرر الحديثة فرع الشركة العالمية لمستلزمات النوم الحديثة,,sleephigh.com,fjawad@sleephigh.com,0554054020,,Jeddah,
,,Red Sea Aluminim Factory for Household Utensils,,rsallminium.com.sa,sal@rsallminium.com.sa,0555537155,صنع منتجات المعادن المشكلة، باستثناء الالات والمعدات,Jeddah,
,,Al Mira Carpet Factory,,almiracarpets.com,administration@almiracarpets.com,0505613274,صنع المنسوجات,Jeddah,
,,Al-Nahda Radiators Factory (Jeddah Branch),,nahdarf.com,m.mostafa@nahdarf.com,0505811865,صنع منتجات المعادن المشكلة، باستثناء الالات والمعدات,Jeddah,
,,مصنع الوفاق للأغذيه,,alwefag.com,aalmadkhaly@alwefag.com,0599222934,صناعة المنتجات الغذائية,Jeddah,
,,مصنع أندلسية لانتاج الاثاث الخشبي,,hotmail.com,salem_husni@hotmail.com,0533151599,,Jeddah,
,,Bajsair Metal Art Craft Factory,,hotmail.com,bajsair@hotmail.com,0505623072,الصناعات التحويلية الأخرى,Jeddah,
,,Baghanem Factory for Industry (Klein),,hotmail.com,clean_factory1@hotmail.com,0551821707,أخرى,Jeddah,
,,Badr Fiberglass Factory,,hotmail.com,badraqualux@hotmail.com,0505626748,صنع منتجات المعادن اللافلزية الأخرى,Jeddah,
,,Baghlaf Al Zafer Factory for Cold Processing of Steel & Metals,,baghlafsteel.com,info@baghlafsteel.com,0548617373,صنع الالات والمعدات غير المصنفة في موضع اخر,Jeddah,
,,Jeddah Foam Laminates Factory,,aksaeedgroup.net,naif.afeef@aksaeedgroup.net,0500608080,صنع منتجات المطاط والبلاستك,Jeddah,
,,Gulf Paints Factory,,rawasi.com.sa,jamal@rawasi.com.sa,0505605682,الصناعات التحويلية الأخرى,Jeddah,
,,مصنع حسن سراج شعيب للصناعات الغذائية,,gmail.com,shof.shuaib@gmail.com,0555730018,صناعة المنتجات الغذائية,Jeddah,
,,مصنع حظيظ حجيج المطيري  للاسفنج,,safafoam.com,aziz@safafoam.com,0505266023,صنع الاثاث,Jeddah,
,,Dallah Pharma  Factory for Pharmaceuticals,,dallah-pharma.com,regulatory@dallah-pharma.com,00966560499488,صنع المنتجات الصيدلانية,Jeddah,
,,Al-Jozoor Factory for Wood Products,,rosesweets.com.sa,f.radwan@rosesweets.com.sa,0548122232,صناعة المنتجات الغذائية,Jeddah,
,,SADAFCO Ice Cream Factory,,sadafco.com,talal.alnounou@sadafco.com,0556090334,صناعة المنتجات الغذائية,Jeddah,
,,Yahya Abdul Khaliq Aljarusha Factory for Fine Wooden Furniture,,gmail.com,waked.fact@gmail.com,0503662829,صنع الاثاث,Jeddah,
,,مصنع سلطان محمد العتيبي لصب الذهب وتشكيله,,yahoo.com,khaled.m511511@yahoo.com,0503700200,,Jeddah,
,,Salman Johar Al-Johar Iron  Products  Factory,,hotmail.com,angel-amer@hotmail.com,0505665041,صنع منتجات المعادن المشكلة، باستثناء الالات والمعدات,Jeddah,
,,Ahmed Saleh Kaki Sons Co. Ltd Factory for Aluminium Products,,askakisons.com,mhkaki@askakisons.com,0505696892,صنع منتجات المعادن المشكلة، باستثناء الالات والمعدات,Jeddah,
,,Khalil Abdul Wahab Factory for Metal Industries,,hotmail.com,rabi12@hotmail.com,0505624926,الصناعات التحويلية الأخرى,Jeddah,
,,Asas Co.  Ltd. Factory for Technical Works,,sabtech.com.sa,info@sabtech.com.sa,0555449981,أخرى,Jeddah,
,,Ashwa Glue Manufacturing Co. Ltd.,,tigind.com,yjaouni@tigind.com,0552090308,صنع المواد الكيميائية والمنتجات الكيميائية,Jeddah,
,,High-Class Food Co. Factory,,refco.com.sa,info@refco.com.sa,0541755172,صناعة المنتجات الغذائية,Jeddah,
,,مصنع شركة البترجي للمنتجات الورقية,,batterjeeholding.com,a.adel@batterjeeholding.com,0506364050,صنع الورق ومنتجات الورق,Jeddah,
,,Jeddah Co.  Factory for Electrical Distribution Devices,,gedac.com,m.alsefri@gedac.com,0593088885,صنع المعدات الكهربائية,Jeddah,
,,Al-Muwakaba Furniture & Wooden Industries Factory,,woodroc.com,info@woodroc.com,0505607257,صنع الاثاث,Jeddah,
,,Al- Yamama Steel Industries Co. Factory,,yamsteel.com,faisal@yamsteel.com,0509997667,صنع منتجات المعادن المشكلة، باستثناء الالات والمعدات,Jeddah,
,,مصنع شركة تصنيع الاغذية الممتازة,,tanmiah.com,khalid.khaloufa@tanmiah.com,0501791638,صناعة المنتجات الغذائية,Jeddah,
,,مصنع شركة حديد جده للمنتجات المعدنية,,hotmail.com,angel-amer@hotmail.com,0505665041,صنع منتجات المعادن المشكلة، باستثناء الالات والمعدات,Jeddah,
,,Halawani Bros. Co. Factory for Nuts Processing,,halwani.com.sa,info@halwani.com.sa,0555589015,صناعة المنتجات الغذائية,Jeddah,
,,Saudi Factory for Household Appliances,,zagzoog.com,z4bm@zagzoog.com,0555666440,صنع منتجات المعادن المشكلة، باستثناء الالات والمعدات,Jeddah,
,,مصنع شركة مجموعة البنوي لصناعة الكرتون المضلع المحدودة,,tigind.com,tjaouni@tigind.com,0552090308,الصناعات التحويلية الأخرى,Jeddah,
,,"Factory of Al-Banawy Group Co., Ltd. for the Manufacture of Corrugated Carton",,theindustrialgrp.com,tjaouni@theindustrialgrp.com,0552090308,الصناعات التحويلية الأخرى,Jeddah,
,,Mahmoud Saeed Factory for Snack Foods,,msgi-sa.com,mahdy@msgi-sa.com,0544144913,صناعة المنتجات الغذائية,Jeddah,
,,"Cement Industry Products Co., Ltd.",,cementbags.com,info@cementbags.com,0557111162,صنع الورق ومنتجات الورق,Jeddah,
,,مصنع عثمان صديق بتره للبلاستيك,,gmail.com,gamalkmt@gmail.com,0598352539,صنع منتجات المطاط والبلاستك,Jeddah,
,,Omar Bin Taha Al-Saqqaf Factory for Pharmaceutical Industries,,icc.net.sa,asaggaf@icc.net.sa,0500380765,صنع المنتجات الصيدلانية,Jeddah,
,,مصنع عمر كليب زني للصناعات البلاستيكيه,,watheer.com,info@watheer.com,0505614463,صنع منتجات المطاط والبلاستك,Jeddah,
,,مصنع فاطمة محمد صالح للنسيج,,hotmail.com,fatimah-m-saleh-factory@hotmail.com,0555185110,,Jeddah,
,,مصنع فرع شركة مصنع محمد نبيل حمزة و شريكه للمعجنات و الحلويات,,emadbakeries.com,hr@emadbakeries.com,0505688304,صناعة المنتجات الغذائية,Jeddah,
,,Qadri Factory for Producing Plastic Bags,,gmail.com,arhfs1@gmail.com,0505621072,صنع منتجات المطاط والبلاستك,Jeddah,
,,Mohamed Abu Bakr Al-Jilani Plastic Factory,,yahoo.com,jilaliblastic@yahoo.com,0568184848,صنع منتجات المطاط والبلاستك,Jeddah,
,,مصنع محمد عبدالرحمن ابو عوف للمنتجات الغذائية,,abuouf.com,abuouf@abuouf.com,0505305866,صناعة المنتجات الغذائية,Jeddah,
,,Arabian Asphalted Paper Factory,,hotmail.com,almanarlub@hotmail.com,0556659900,صنع الورق ومنتجات الورق,Jeddah,
,,University Labs for Paper Products,,unifactories.com,malshehri@unifactories.com,0535599339,صنع الورق ومنتجات الورق,Jeddah,
,,Arabian Center for Protection & Industrial Safety,,afssac.edu.sa,rsaqr@afssac.edu.sa,0555547016,,Jeddah,
,,Supreme Rice Establishment,,hotmail.com,dr.haythamoh@hotmail.com,0505590636,أخرى,Jeddah,
,,مؤسسة المرايا للدعايا والاعلان فرع مؤسسة صلاح محمد باعاصم التجارية,,hotmail.com,mirrorco50@hotmail.com,0504841768,,Jeddah,
,,مؤسسة رواد التقانه لنظم الالكترونيات والتحكم,,techpioneers.com,ahmad@techpioneers.com,0504674731,صنع الحواسيب والمنتجات الإلكترونية والبصرية,Jeddah,
,,مؤسسة سعود بن سفر الروقي,,wahatclinics.com,saud@wahatclinics.com,0503680910,,Jeddah,
,,Al-Shallal Riyadh Contracting Est.,,hotmail.com,a.bindahlous@hotmail.com,0505440907,أخرى,Jeddah,
,,Alia Trading  / Supermarket  Industrial Est.,,bioglass.com.sa,hamed@bioglass.com.sa,0555663599,,Jeddah,
,,Abdul Latif Al-Aly Al-Eissa Est.,,hotmail.com,hamed_baik@hotmail.com,0555663599,أخرى,Jeddah,
,,Forsan Tiba Contracting Est.,,gmail.com,khaledkordiksa@gmail.com,0505323332,أخرى,Jeddah,
,,مؤسسة مملكة الصحراء التجارية,,gmail.com,waseem.altaifi@gmail.com,0505640964,,Jeddah,
,,ابراهيم محمد شابل للصناعات المعدنية,,yahoo.com,ziko209@yahoo.com,0538865608,صنع منتجات المعادن المشكلة، باستثناء الالات والمعدات,Jeddah,
,,الشركة السعودية الخليجية لحماية البيئة,,sepcoenvironment.com,s.alzahrani@sepcoenvironment.com,0505780362,,Jeddah,
,,Saudi Industrial Resins Co. Ltd. (SIR),,sir-ltd.com,wahied@sir-ltd.com,0505580724,صنع المواد الكيميائية والمنتجات الكيميائية,Jeddah,
,,الشركة العربية للمختبرات والتربة,,aces-int.com,knaser@aces-int.com,0580384291,,Jeddah,
,,International Factory for the Manufacture of Refrigerators,,yahoo.com,getsse_sa@yahoo.com,0505617379,الصناعات التحويلية الأخرى,Jeddah,
,,Dar Um Al-Qora Al-Zahabi Factory for Manufacturing and Production of Corrugated Cardboard,,alrabehpack.com,marzooq@alrabehpack.com,0582214467,صنع الورق ومنتجات الورق,Jeddah,
,,المصنع العربي لكيماويات مواد البناء المحدودة,,babader.com,bader@babader.com,0505605974,صنع المواد الكيميائية والمنتجات الكيميائية,Jeddah,
,,Advanced Diamond factory for Plastic Woven Bags,,gmail.com,eng.marwan.m.a@gmail.com,0505618708,صنع منتجات المطاط والبلاستك,Jeddah,
,,المصنع الوطني للاشرطة اللاصقة,,gmail.com,ambabader@gmail.com,0505685583,صنع منتجات المطاط والبلاستك,Jeddah,
,,Mohamed Mohamed Abu Nar Factory for Sweets,,hotmail.com,abonarsweets@hotmail.com,0503356977,صناعة المنتجات الغذائية,Jeddah,
,,شركة اكناف المتخصصة للمنتجات البلاستيكية,,hotmail.com,aknaf.plastic@hotmail.com,0556665549,صنع المواد الكيميائية والمنتجات الكيميائية,Jeddah,
,,شركة البدر للمواد الصناعية المحدودة,,hotmail.com,badr20102020@hotmail.com,0545143939,,Jeddah,
,,شركة البندري السعودية للصناعة,,yahoo.com,maat1970@yahoo.com,0562223234,صنع منتجات المطاط والبلاستك,Jeddah,
,,شركة الجميل العالمية المحدودة,,aljameelfood.com,alrashed@aljameelfood.com,0555270422,صناعة المنتجات الغذائية,Jeddah,
,,شركة العناية البيئية للصناعة,,ecocare-ksa.com,siraj.abid@ecocare-ksa.com,0505719380,صنع المواد الكيميائية والمنتجات الكيميائية,Jeddah,
,,شركة الفائزون للدهانات,,hotmail.com,s1f2s1saad@hotmail.com,0590113029,صنع المواد الكيميائية والمنتجات الكيميائية,Jeddah,
,,شركة المصنع العالي المتطور للبيوت الجاهزة,,hotmail.com,dod-80@hotmail.com,0504603555,صنع المركبات ذات المحركات والمركبات المقطورة ونصف المقطورة,Jeddah,
,,شركة بوان للصناعات المعدنية,,bawan-metal.com,fawzi.nser@bawan-metal.com,0507313123,صنع منتجات المعادن المشكلة، باستثناء الالات والمعدات,Jeddah,
,,شركة دار الاكياس المحدودة,,hobksa.com,m.agha@hobksa.com,0560000065,صنع الورق ومنتجات الورق,Jeddah,
,,United Insulators Company,,unitedinsulations.com.sa,mamdoh@unitedinsulations.com.sa,0558552525,صنع المواد الكيميائية والمنتجات الكيميائية,Jeddah,
,,شركة كي جي ال لوجستيك,,kgl.com,sam.khatib@kgl.com,0096566936337,,Jeddah,
,,شركة مجموعة صوت الجزيرة العربية القابضة,,hotmail.com,tontubye@hotmail.com,0503668676,صنع الورق ومنتجات الورق,Jeddah,
,,شركة مسارات التميزه للصناعه,,yahoo.com,masarat_sponge@yahoo.com,0555621151,الصناعات التحويلية الأخرى,Jeddah,
,,Ahmed Saeed Al-Afifi Resin Factory Company,,afifi.com.sa,a.sabry@afifi.com.sa,0505804770,صنع المواد الكيميائية والمنتجات الكيميائية,Jeddah,
,,Al-Mukawl Al-Arabi Factory Company  for the Production of Safety Systems,,acc.com.sa,husam@acc.com.sa,0504631750,الصناعات التحويلية الأخرى,Jeddah,
,,Al-Nasag Al-Arabi Factory for Manufacturing Sofas and Furniture,,hotmail.com,alnassaja@hotmail.com,0506357240,صنع الخشب ومنتجات الخشب والفلين، باستثناء الاثاث؛ صنع اصناف من القش ومواد الضفر,Jeddah,
,,شركة مصنع بيت الالياف الزجاجية,,hotmail.com,houseoffiber@hotmail.com,0505619422,الصناعات التحويلية الأخرى,Jeddah,
,,Commercial Posters Technology Factory Co.,,gulfstart.com,salah@gulfstart.com,0500001070,الطباعة,Jeddah,
,,Al Haibah Co. for Manufacturing Paints & Putty,,alhaibah.com,info@alhaibah.com,0555503402,صنع المواد الكيميائية والمنتجات الكيميائية,Jeddah,
,,شركة مصنع سواتر الفريد للبلاستيك والاعمال المعدنيه,,yahoo.com,qm2sm@yahoo.com,0546666113,صنع منتجات المطاط والبلاستك,Jeddah,
,,شركة وقاية البيئية لخدمات البيئة,,proenvo.com,admin@proenvo.com,0505224332,,Jeddah,
,,United Wielding Technology Company Factory for Metal and Spare Parts Casting,,gmail.com,abinfarism@gmail.com,0505653544,صنع الفلزات القاعدية,Jeddah,
,,Ahmed Abdullah Al-Fakih Al-Ghamdi Factory for Plastic Products,,yahoo.com,alfakeehest@yahoo.com,0503180528,صنع منتجات المطاط والبلاستك,Jeddah,
,,فرع مصنع بأس الغربية للصناعات الحديدية,,hotmail.com,a.g.z2010@hotmail.com,0555331973,صنع منتجات المعادن المشكلة، باستثناء الالات والمعدات,Jeddah,
,,فرع مصنع رديترات الخليج وقطع الغيار,,icc.net.sa,gulfrad@icc.net.sa,00966503622307,صنع المركبات ذات المحركات والمركبات المقطورة ونصف المقطورة,Jeddah,
,,Adnan Mohamed Bahamdin Factory for Oil Refinery,,yahoo.com,adnanbahamdein@yahoo.com,0504590610,الصناعات التحويلية الأخرى,Jeddah,
,,مصنع  الجوهرة للتغليف,,gmail.com,abdelrahman1437@gmail.com,0555559203,صنع الورق ومنتجات الورق,Jeddah,
,,مصنع  أنس راشد الحربي للمنتجات الورقية,,gmail.com,wahes333@gmail.com,0563448988,صنع الورق ومنتجات الورق,Jeddah,
,,مصنع  جوزاء ناصر  السبيعي للانابيب البلاستيكيه,,hotmail.com,qwq@hotmail.com,0565555823,صنع منتجات المطاط والبلاستك,Jeddah,
,,مصنع  شركة الجذور المتحدة,,united-roots.com,rbarasheed@united-roots.com,0505669655,صنع الورق ومنتجات الورق,Jeddah,
,,مصنع  شركة المشارف العربية للاستثمار,,solidfactory.net,info@solidfactory.net,0541484849,صنع الاثاث,Jeddah,
,,مصنع  شركة إنجاز الاتحاد للإعلاف,,gmail.com,adnan1shiikh@gmail.com,0566642111,الصناعات التحويلية الأخرى,Jeddah,
,,مصنع  شركة عصام محمد خيري قباني لاعمال الزجاج,,ikkgroup.com,saad.asiri@ikkgroup.com,0563500002,صنع منتجات المعادن المشكلة، باستثناء الالات والمعدات,Jeddah,
,,مصنع  شركة نجم شدا للصناعات المعدنية,,gmail.com,hassanshada91@gmail.com,0551444447,صنع منتجات المعادن المشكلة، باستثناء الالات والمعدات,Jeddah,
,,مصنع  صقر جهينة لمنتجات التهوية والتكييف,,hotmail.com,aljohany@hotmail.com,0555644433,صنع منتجات المعادن المشكلة، باستثناء الالات والمعدات,Jeddah,
,,مصنع  عبدالله شرير البشري  للاثاث,,aol.com,a.abada@aol.com,0503230680,صنع الاثاث,Jeddah,
,,مصنع  مبارك مسعد القحطاني لمنتجات المعادن,,hotmail.com,haded_qahtani@hotmail.com,0554595446,صنع منتجات المعادن المشكلة، باستثناء الالات والمعدات,Jeddah,
,,مصنع  محمد سليمان  البكري للبوليمر,,hotmail.com,asfar_car@hotmail.com,0555555121,صنع منتجات المطاط والبلاستك,Jeddah,
,,مصنع  منتجات الاثاث الحديثة,,hotmail.com,almontgatalshmli@hotmail.com,0504316463,صنع المنسوجات,Jeddah,
,,مصنع  يوسف عيسى الخروبي  لتدوير الاطارات,,yahoo.com,imckaled@yahoo.com,0544443083,الصناعات التحويلية الأخرى,Jeddah,
,,مصنع اتحاد المصممون للصناعات الخشبية,,hotmail.com,dhmany95@hotmail.com,0505278659,صنع الخشب ومنتجات الخشب والفلين، باستثناء الاثاث؛ صنع اصناف من القش ومواد الضفر,Jeddah,
,,مصنع ارتواء النقيه للمياه والعصائر,,hotmail.com,abu-fiusal.5050@hotmail.com,0545406675,صنع المشروبات,Jeddah,
,,مصنع اسامة ماهر دفتردار للمنتجات البلاستكية,,mmddisplay.com,osama@mmddisplay.com,0568922297,صنع منتجات المطاط والبلاستك,Jeddah,
,,مصنع أسس المحمدية للمنتجات الورقية,,me.com,rasheed.al_ajami@me.com,0557708000,صنع الورق ومنتجات الورق,Jeddah,
,,مصنع اضواء نجد للصناعة,,gmail.com,adwa.najd@gmail.com,0531538555,صنع الورق ومنتجات الورق,Jeddah,
,,مصنع أطيب الألبان للمنتجات الغذائية,,gmail.com,mohmd.raboei@gmail.com,0555855235,صناعة المنتجات الغذائية,Jeddah,
,,Afaq Al-Alam Factory for Synthetic Fibers,,hotmail.com,fhd.20122@hotmail.com,0560000380,صنع المواد الكيميائية والمنتجات الكيميائية,Jeddah,
,,مصنع أفضل الالوان للدهانات فرع شركة منصور المساعد للتجارة والمقاولات,,hotmail.com,ah_su18@hotmail.com,0550934022,صنع المواد الكيميائية والمنتجات الكيميائية,Jeddah,
,,مصنع الأبنية المتكاملة للصناعات الخشبية,,ibcsa.net,khuzam@ibcsa.net,0555596987,صنع الخشب ومنتجات الخشب والفلين، باستثناء الاثاث؛ صنع اصناف من القش ومواد الضفر,Jeddah,
,,مصنع الأبواب المعزولة للصناعة,,hotmail.com,safwan.a.b@hotmail.com,0504598835,صنع منتجات المعادن المشكلة، باستثناء الالات والمعدات,Jeddah,
,,مصنع الاتجاهات الستة للتصنيع,,gmail.com,dianazeini@gmail.com,0557250703,صنع المعدات الكهربائية,Jeddah,
,,مصنع الاجواد للمنتجات البلاستكية,,gmail.com,mm0505605983@gmail.com,0505605983,صنع منتجات المطاط والبلاستك,Jeddah,
,,Al-Abrar Al-Motamaiza Factory for Lighting Appliances,,hotmail.com,eyad_hb@hotmail.com,0545377722,صنع المعدات الكهربائية,Jeddah,
,,مصنع الاضاءة الحديثة,,hotmail.com,lebastex1@hotmail.com,0500633484,صنع المعدات الكهربائية,Jeddah,
,,مصنع الأقمشة المخملية للصناعة,,hotmail.com,eng.i.assaggaf@hotmail.com,0560999322,صنع المنسوجات,Jeddah,
,,مصنع الإنماء الغذائية,,alenmaafood.com,mshammakh@alenmaafood.com,0505600301,صنع المشروبات,Jeddah,
,,Al-Taj Al-Kadeem Detergents Factory,,gmail.com,easternlightest@gmail.com,0504610714,صنع المواد الكيميائية والمنتجات الكيميائية,Jeddah,
,,Al-Tadamon Saudi Factory Readymix Concrete,,outlook.sa,tadamon_concrete@outlook.sa,0500123222,صنع منتجات المعادن اللافلزية الأخرى,Jeddah,
,,مصنع التفوق الصناعي,,hotmail.com,abolara3040@hotmail.com,0555603040,صنع فحم الكوك والمنتجات النفطية المكررة,Jeddah,
,,مصنع التمام الحديث للبلاستيك للصناعة,,gmail.com,cmunais@gmail.com,0599008106,صنع منتجات المطاط والبلاستك,Jeddah,
,,مصنع الثوابت للبلاستيك,,hotmail.com,msamistar@hotmail.com,0536008755,صنع المواد الكيميائية والمنتجات الكيميائية,Jeddah,
,,مصنع الحلول الموازية للصناعة,,unitedfields.com.sa,info@unitedfields.com.sa,0569717451,صنع منتجات المعادن المشكلة، باستثناء الالات والمعدات,Jeddah,
,,مصنع الحياة للبرادات والشوايات,,hotmail.com,adel--42@hotmail.com,00966558049999,صنع المعدات الكهربائية,Jeddah,
,,Al-Khaleej Al-Sades for Lift Cabins,,alrougigroup.com,cob@alrougigroup.com,0500006246,صنع الالات والمعدات غير المصنفة في موضع اخر,Jeddah,
,,مصنع الدرع للإعاشة والوجبات الجاهزة,,aldirigroup.com,aaljifri@aldirigroup.com,0543814403,صناعة المنتجات الغذائية,Jeddah,
,,مصنع الرابية للمكائن الصناعية,,yahoo.com,alrabiahcon@yahoo.com,0505624922,صنع الالات والمعدات غير المصنفة في موضع اخر,Jeddah,
,,مصنع الراية الخالده للذهب والمحوهرات,,yahoo.com,raya_gold@yahoo.com,0551788810,صنع منتجات المعادن المشكلة، باستثناء الالات والمعدات,Jeddah,
,,Al Raed Al-Namozagy for Rebar Production,,hotmail.com,almatrafi.ksa@hotmail.com,0550550119,صنع الفلزات القاعدية,Jeddah,
,,White Sand Paints & Adhesive Materials Factory,,msn.com,white-sand@msn.com,0504698750,صنع المواد الكيميائية والمنتجات الكيميائية,Jeddah,
,,Ionized Oil Factory,,petronize.com,jaber@petronize.com,0562626234,الصناعات التحويلية الأخرى,Jeddah,
,,مصنع السعيدين لكيماويات معالجه البيئه,,yahoo.com,alabidie@yahoo.com,0545605607,صنع المواد الكيميائية والمنتجات الكيميائية,Jeddah,
,,مصنع السلطان النموذجي للبلاستيك,,gmail.com,alsultanplastic@gmail.com,0530031199,صنع منتجات المطاط والبلاستك,Jeddah,
,,Majed Moheil Al-Maqati & Partners Co. Factory for Stainless Steel,,hotmail.com,alhazmi1@hotmail.com,0533333315,صنع منتجات المعادن المشكلة، باستثناء الالات والمعدات,Jeddah,
,,UAE Company Factory for Metal Industries,,outlook.com,emic_steel@outlook.com,0553679016,صنع منتجات المعادن المشكلة، باستثناء الالات والمعدات,Jeddah,
,,مصنع الشركة الامنه للمشغولات المعدنيه,,hotmail.com,hr.gulf@hotmail.com,0504613813,صنع منتجات المعادن المشكلة، باستثناء الالات والمعدات,Jeddah,
,,Saudi Arabian Calcium Carbonate Co. Factory,,arabiancarbonate.com,omar.elbadii@arabiancarbonate.com,0535999402,الصناعات التحويلية الأخرى,Jeddah,
,,National Petrochemical Company,,gmail.com,ncpco16@gmail.com,0506350274,الصناعات التحويلية الأخرى,Jeddah,
,,مصنع الصلح لصناعة البراميل المعدنية,,gmail.com,mohdbatis1@gmail.com,0555609447,صنع منتجات المعادن المشكلة، باستثناء الالات والمعدات,Jeddah,
,,مصنع الطبليات العالميه,,arcoma.com,a.bajammal@arcoma.com,0508506666,صنع الاثاث,Jeddah,
,,مصنع الفائزون للرولات,,hotmail.com,s1f2s1saad@hotmail.com,0590113028,صنع منتجات المعادن المشكلة، باستثناء الالات والمعدات,Jeddah,
,,مصنع الفيحاء للمعادن,,gmail.com,s.hemaida@gmail.com,0506670044,صنع الفلزات القاعدية,Jeddah,
,,مصنع القرية للألبان,,gmail.com,basanani@gmail.com,0537446068,صناعة المنتجات الغذائية,Jeddah,
,,Al-Kenana Supreme Plastic Industries Factory,,hotmail.com,sa1977sfya@hotmail.com,0531446555,صنع منتجات المطاط والبلاستك,Jeddah,
,,Luxury Paintings Factory,,gmail.com,jarallah.almaliki@gmail.com,0568876757,الطباعة,Jeddah,
,,Al-Maa Al-Tahour Factory for Water bottling,,alqadi.org,ammar@alqadi.org,0532776000,صناعة المنتجات الغذائية,Jeddah,
,,مصنع المتحد للمنتجات المعدنية,,ubmf.com,hussein@ubmf.com,0549732229,صنع منتجات المعادن المشكلة، باستثناء الالات والمعدات,Jeddah,
,,مصنع المرام للمستلزمات الطبية,,hotmail.com,waleedco74@hotmail.com,0555693383,صنع المنتجات الصيدلانية,Jeddah,
,,مصنع المستقبل المتطورة للتعبئة والتغليف,,hotmail.com,ce_la_vie_couture@hotmail.com,0504388265,صنع الورق ومنتجات الورق,Jeddah,
,,مصنع المطور المميز للفيبرجلاس,,gmail.com,mhmdali96@gmail.com,0594005004,صنع المواد الكيميائية والمنتجات الكيميائية,Jeddah,
,,مصنع المنزل النظيف للصناعه,,hotmail.com,usama5000@hotmail.com,0565154642,صنع الورق ومنتجات الورق,Jeddah,
,,مصنع النخبة المطورة للبلاستيك,,gmail.com,alnokhbaplastic@gmail.com,0555888836,صنع منتجات المطاط والبلاستك,Jeddah,
,,Medical Textile Factory for Garments,,hotmail.com,muthananet@hotmail.com,0534183355,صنع الملبوسات,Jeddah,
,,مصنع النسيم للبلاستيك,,gmail.com,m.npfactory@gmail.com,0552777755,صنع منتجات المطاط والبلاستك,Jeddah,
,,مصنع النقاء المبتكر للثلج,,hotmail.com,albaraa.sabri@hotmail.com,0555906363,صنع المشروبات,Jeddah,
,,مصنع النهضة الحديثة للبلاط,,gmail.com,ahmed6212200@gmail.com,0505664199,صنع المواد الكيميائية والمنتجات الكيميائية,Jeddah,
,,مصنع الوثبة للأغذية,,hotmail.com,alwthbah@hotmail.com,0503619461,صناعة المنتجات الغذائية,Jeddah,
,,Al-Yusra Consumer Products Factory,,alyusraltd.com,a.bazi@alyusraltd.com,0533408560,صنع منتجات المطاط والبلاستك,Jeddah,
,,Al-Yam Al-Gharbi Factory for Manufacturing Refrigerators and Cooling Rooms,,hotmail.com,ar.almasoud@hotmail.com,0555614523,صنع الالات والمعدات غير المصنفة في موضع اخر,Jeddah,
,,مصنع انامل البركه للمنتجات الاسمنتية,,gmail.com,abojana099@gmail.com,00966544220099,صنع منتجات المعادن اللافلزية الأخرى,Jeddah,
,,مصنع ايهاب ياسين الفى لاانتاج حبوب واكواز الذرة,,hotmail.com,omar.corncup@hotmail.com,0590901940,صناعة المنتجات الغذائية,Jeddah,
,,Bass Al-Gharbia Factory for Steel Industries,,hotmail.com,a.g.z2010@hotmail.com,0555331973,صنع منتجات المعادن المشكلة، باستثناء الالات والمعدات,Jeddah,
,,مصنع باكورة الإنطلاق للكيماويات,,hotmail.com,a_wasae@hotmail.com,0555902256,صنع المواد الكيميائية والمنتجات الكيميائية,Jeddah,
,,Khaled Kamel Al-Omairi Factory for Ice Cubes,,hotmail.com,emaar_asr@hotmail.com,0555556812,صنع المشروبات,Jeddah,
,,مصنع بندر سعيد اللحياني لصهر و سبك المعادن,,gmail.com,bander0539145310@gmail.com,0539145310,صنع منتجات المعادن المشكلة، باستثناء الالات والمعدات,Jeddah,
,,مصنع بوابة الاتحاد للمنتجات البلاستيكية,,gmail.com,uniongate4@gmail.com,0555226752,صنع منتجات المطاط والبلاستك,Jeddah,
,,مصنع بوارق الشاملة لاعادة تدوير النفايات,,yahoo.com,gg_dd1972@yahoo.com,0558867170,الصناعات التحويلية الأخرى,Jeddah,
,,مصنع تركي محمد القحطاني للحبال البلاستيكيه,,gmail.com,t.mq8833@gmail.com,0504649693,صنع منتجات المطاط والبلاستك,Jeddah,
,,مصنع ثجاج للمياه المعبأه,,mariat.sa,thajaj@mariat.sa,0509211155,صنع المشروبات,Jeddah,
,,مصنع جدة الوطني للحديد المحدودة,,jnsf.com.sa,jnsfcom@jnsf.com.sa,0505622575,صنع منتجات المعادن المشكلة، باستثناء الالات والمعدات,Jeddah,
,,مصنع جرين الحديث للبلاستيك,,gmail.com,mrsaadz12@gmail.com,0569220084,الصناعات التحويلية الأخرى,Jeddah,
,,Jazirah Plastic Factory,,windowslive.com,h_100@windowslive.com,0556622775,صنع منتجات المطاط والبلاستك,Jeddah,
,,مصنع جلال محمد مليباري لمنتجات الألمنيوم,,hotmail.com,mleparyfactory2016@hotmail.com,0555552003,صنع الفلزات القاعدية,Jeddah,
,,Jamal Mohamed Al-Shahrani Factory for Oils Refinery,,hotmail.com,jamal-7878@hotmail.com,0504664323,الصناعات التحويلية الأخرى,Jeddah,
,,مصنع جوار الخير للمنتجات البلاستيكية,,gmail.com,ms0544854095@gmail.com,0544854095,الصناعات التحويلية الأخرى,Jeddah,
,,مصنع حسن محمد الشهراني لتعباة المياة,,hotmail.com,aa411m@hotmail.com,0555561555,صناعة المنتجات الغذائية,Jeddah,
,,مصنع حسين فتحي علي المغربي لصناعة واجهات الالمنيوم,,gmail.com,elaghrabyfactory@gmail.com,0503608794,صنع منتجات المعادن المشكلة، باستثناء الالات والمعدات,Jeddah,
,,مصنع حسين محمد الزهراني للمنتوجات الاسمنتية,,hotmail.com,ayman0502009@hotmail.com,0500324009,صنع منتجات المعادن اللافلزية الأخرى,Jeddah,
,,مصنع حياة الوطنية للكابلات والتوصيلات الكهربائية,,yahoo.com,hayat.jeddah@yahoo.com,00966555062212,صنع المعدات الكهربائية,Jeddah,
,,مصنع خالد حامد زيني متوكل للثلج,,yahoo.com,hamza.zeny26@yahoo.com,0504624630,الصناعات التحويلية الأخرى,Jeddah,
,,مصنع خالد حسين العجبى للذهب والمجوهرات,,yahoo.com,khaled_gold50@yahoo.com,0553007747,صنع منتجات المعادن المشكلة، باستثناء الالات والمعدات,Jeddah,
,,مصنع خالد مبارك القحطاني  للمياه,,gmail.com,petira304@gmail.com,0555853700,صنع المشروبات,Jeddah,
,,مصنع خالد محمد الهقاص لتعبئة القمح ومشتقاتة,,yahoo.com,w6251000@yahoo.com,0505610894,صناعة المنتجات الغذائية,Jeddah,
,,مصنع خطوط العزم للبلاستيك,,hotmail.com,azm416@hotmail.com,0535188895,صنع منتجات المطاط والبلاستك,Jeddah,
,,مصنع دمياط الدولي للاثاث الخشبي,,gmail.com,domiatfactory@gmail.com,0507170443,صنع الخشب ومنتجات الخشب والفلين، باستثناء الاثاث؛ صنع اصناف من القش ومواد الضفر,Jeddah,
,,مصنع ديكورات الرواق,,outlook.com,alrowaq@outlook.com,0555620933,صنع الاثاث,Jeddah,
,,مصنع ردينا للمياه,,gmail.com,rodina.factory@gmail.com,0509211155,صنع المشروبات,Jeddah,
,,Lead United Factory,,ulf.com.sa,info@ulf.com.sa,0551888222,صنع منتجات المعادن المشكلة، باستثناء الالات والمعدات,Jeddah,
,,مصنع رواء المذاق لتعبئة المياه,,gmail.com,halgadi00@gmail.com,0556552727,الصناعات التحويلية الأخرى,Jeddah,
,,مصنع روافد الالوان,,hotmail.com,msm1418@hotmail.com,0597777204,صنع المواد الكيميائية والمنتجات الكيميائية,Jeddah,
,,مصنع رونق الغدير لتعبئة المياه,,gmail.com,samialmohammed99@gmail.com,0598098055,صنع المشروبات,Jeddah,
,,مصنع ريا للمياه المعدنية,,hotmail.com,mahmadfayyad@hotmail.com,0555708444,صنع المشروبات,Jeddah,
,,مصنع ريادة الآثاث للصناعة,,gmail.com,ams.ojed@gmail.com,0539222551,صنع الاثاث,Jeddah,
,,مصنع ريحانة الجيل للبلاستيك,,gmail.com,sada2011a@gmail.com,0500569977,صنع منتجات المطاط والبلاستك,Jeddah,
,,مصنع ريم الأندلس للبلاستيك,,yahoo.com,oceanflowersest@yahoo.com,0502713230,صنع منتجات المطاط والبلاستك,Jeddah,
,,مصنع زمن الحلول للمنتجات المعدنية,,yahoo.com,hasanyaser21@yahoo.com,0505720650,صنع منتجات المعادن المشكلة، باستثناء الالات والمعدات,Jeddah,
,,مصنع زهرة فيولا,,hotmail.com,viola_flawer@hotmail.com,0568064444,صناعة المنتجات الغذائية,Jeddah,
,,مصنع سامى رضا  خياط للمياه المعبأة,,gmail.com,oxygeena2@gmail.com,0505648922,صنع المشروبات,Jeddah,
,,مصنع سحاب الرحاب لتدوير البلاستيك,,hotmail.com,mmm1398mmm@hotmail.com,0505782118,الصناعات التحويلية الأخرى,Jeddah,
,,مصنع سعد حجيج المطيري للأسفنج والمراتب,,yahoo.com,saad2620@yahoo.com,0505459843,صنع المواد الكيميائية والمنتجات الكيميائية,Jeddah,
,,مصنع سقاية الجزيرة للمياه المعبأة,,gmail.com,abceco25@gmail.com,0590900035,صنع المشروبات,Jeddah,
,,Salim Abdul Ghani Al-Beladi Factory For Wipes,,hotmail.com,s.almhna@hotmail.com,00966505611273,الصناعات التحويلية الأخرى,Jeddah,
,,مصنع سليمان محمد اليحيى للألمنيوم,,gmail.com,alyahyafactory@gmail.com,0550015099,صنع منتجات المعادن المشكلة، باستثناء الالات والمعدات,Jeddah,
,,مصنع سيف عبدالهادي المنهالي للذهب والمجوهرات,,gmail.com,sf5060@gmail.com,0505772035,صنع منتجات المعادن المشكلة، باستثناء الالات والمعدات,Jeddah,
,,مصنع شبك الغربال للصناعات المعدنية,,gmail.com,ema.absc@gmail.com,0555300202,صنع منتجات المعادن المشكلة، باستثناء الالات والمعدات,Jeddah,
,,مصنع شرفان الحديث للعطور,,shurfan.com,majed@shurfan.com,0556899926,صنع المواد الكيميائية والمنتجات الكيميائية,Jeddah,
,,مصنع شركـة علم الدواء للمياه المعبأه,,gmail.com,abdulellah.mahmoud@gmail.com,0506604325,صنع المشروبات,Jeddah,
,,مصنع شركة  الكيماويات الصناعية السعودية,,gmail.com,snd1400@gmail.com,0530204333,صنع المواد الكيميائية والمنتجات الكيميائية,Jeddah,
,,مصنع شركة اجياد التميز للبلاستيك,,hotmail.com,moayad.95@hotmail.com,0544451151,صنع منتجات المطاط والبلاستك,Jeddah,
,,مصنع شركة ازدان الريادية للمنتجات المعدنيه والالمنيوم والخشبية والزجاج,,gmail.com,fawzi140066@gmail.com,0500003807,صنع منتجات المعادن المشكلة، باستثناء الالات والمعدات,Jeddah,
,,مصنع شركة إعمار جدة الصناعية للزوايا والمبسطات الحديدية,,yahoo.com,asas.steel@yahoo.com,0535353111,صنع منتجات المعادن المشكلة، باستثناء الالات والمعدات,Jeddah,
,,مصنع شركة افران الوطنية للاطعمة المحدوده,,hotmail.com,tarikabed@hotmail.com,0505609200,صناعة المنتجات الغذائية,Jeddah,
,,مصنع شركة الأثير التعاونية لتكرير وتحضير وتعبئة الزيوت,,yahoo.com,alatheerfactory_oil@yahoo.com,0555591930,صنع فحم الكوك والمنتجات النفطية المكررة,Jeddah,
,,مصنع شركة التجهيزات الفريدة للمنتجات الخشبية,,gmail.com,ahmed.bamatec@gmail.com,0557401108,صنع الخشب ومنتجات الخشب والفلين، باستثناء الاثاث؛ صنع اصناف من القش ومواد الضفر,Jeddah,
,,مصنع شركة الخياط لأشرطة التربيط البلاستيكية المحدودة,,el-khayyat.com,hatemkhayyat@el-khayyat.com,0500358888,صنع منتجات المطاط والبلاستك,Jeddah,
,,مصنع شركة الرابط المرن للعوازل الاسفلتية,,gmail.com,alrabit.eng@gmail.com,05546669970,صنع منتجات المعادن اللافلزية الأخرى,Jeddah,
,,مصنع شركة الساهر لانتاج المياه,,hotmail.com,ww.ww.ww.ww.ww@hotmail.com,0550806050,صنع المشروبات,Jeddah,
,,مصنع شركة الصفيح السعودية للأغطية المحدودة,,saudican.com.sa,a-alshehri@saudican.com.sa,0500138798,صنع منتجات المطاط والبلاستك,Jeddah,
,,مصنع شركة الصناعات الوطنية للحديد,,outlook.sa,watanya.steel@outlook.sa,0504628896,صنع منتجات المعادن المشكلة، باستثناء الالات والمعدات,Jeddah,
,,مصنع شركة العزل المتقدمة الصناعية,,azalaic.com,m.alhiniah@azalaic.com,00966505654778,صنع منتجات المطاط والبلاستك,Jeddah,
,,مصنع شركة الفلاح للمعدات الثقيلة,,gmail.com,alfalah.parts1@gmail.com,0541075140,صنع الالات والمعدات غير المصنفة في موضع اخر,Jeddah,
,,مصنع شركة الفيحاء الدولية لتدوير المعادن,,sharmetal.com,bassem@sharmetal.com,0542000999,صنع الفلزات القاعدية,Jeddah,
,,Zayed Marei Al-Asmari Plastic Factory,,eastdeltasa.com,fadi@eastdeltasa.com,0504807904,صنع منتجات المطاط والبلاستك,Jeddah,
,,Almas National Perfume Manufacturing Co. Factory,,mnpperfumes.com,info@mnpperfumes.com,0505517577,صنع المواد الكيميائية والمنتجات الكيميائية,Jeddah,
,,مصنع شركة ايرليكيد الخفرة للغازات الصناعية,,airliquide.com,saad.aldaej@airliquide.com,0544122132,الصناعات التحويلية الأخرى,Jeddah,
,,مصنع شركة بوابة الاتحاد الصناعية,,diraty.com,nalmazroui@diraty.com,0505353676,صنع الورق ومنتجات الورق,Jeddah,
,,مصنع شركة تجميع البلاستيك,,marbae-holding.com,info@marbae-holding.com,0582583338,الصناعات التحويلية الأخرى,Jeddah,
,,مصنع شركة خزانات اللولوة للبولي اثلين والفيبرجلاس,,yahoo.com,algobaisy@yahoo.com,0505664961,صنع المواد الكيميائية والمنتجات الكيميائية,Jeddah,
,,مصنع شركة خلاصة الطيبات للمواد الغذائية المحدودة,,altayebat.com.sa,ceo@altayebat.com.sa,0556633612,صناعة المنتجات الغذائية,Jeddah,
,,Global Dalalat Co. Factory for Metal Industries,,delalat.com,ceo@delalat.com,0540550583,صنع منتجات المعادن المشكلة، باستثناء الالات والمعدات,Jeddah,
,,مصنع شركة راحة أكان للصناعة,,gmail.com,malzomarm@gmail.com,0582500008,الصناعات التحويلية الأخرى,Jeddah,
,,Samir El-Jebali and Abdul Samiea Al-Etribi Co. Factory for Foodstuffs,,gmail.com,fariss.ghareeb@gmail.com,0597612383,صناعة المنتجات الغذائية,Jeddah,
,,مصنع شركة شبكة الأميال للمياه المعبأه,,amyalnet.com,info@amyalnet.com,0545555278,صنع المشروبات,Jeddah,
,,Ahmed Ali Al-Robaish Factory for Baby Diapers,,gmail.com,ahmed.artso@gmail.com,0505403067,الصناعات التحويلية الأخرى,Jeddah,
,,مصنع شركة علم للأكياس الورقية,,hotmail.com,alambags1@hotmail.com,0590505530,صنع الورق ومنتجات الورق,Jeddah,
,,مصنع شركة محاور العربية لصناعة الصوف الصخري,,axesarabia.com,info@axesarabia.com,0530530451,الصناعات التحويلية الأخرى,Jeddah,
,,مصنع شركة محمود سعيد للصناعات الحديدية,,msgi-sa.com,mahdy@msgi-sa.com,0544144913,صنع منتجات المعادن المشكلة، باستثناء الالات والمعدات,Jeddah,
,,Factory of Marei Bin Mahfouz Group Co. & Partners for Aluminium,,binmahfouz.net,investment@binmahfouz.net,0500843661,صنع منتجات المعادن المشكلة، باستثناء الالات والمعدات,Jeddah,
,,Saudi Arabia Tech Metals Factory,,hiakel.com,info@hiakel.com,0555695425,صنع منتجات المعادن المشكلة، باستثناء الالات والمعدات,Jeddah,
,,"Power, Telecommunications  & Electrical Equipment Transport Co. Factory",,makool.com.sa,info@makool.com.sa,0505693344,صنع منتجات المعادن المشكلة، باستثناء الالات والمعدات,Jeddah,
,,مصنع شركة نسما الحديثة لإعادة التصنيع المحدودة,,nesma.com,majid.asiri@nesma.com,0583150000,صنع فحم الكوك والمنتجات النفطية المكررة,Jeddah,
,,مصنع شركة ورق البردي للقرطاسية المحدودة,,gmail.com,sbcfayz@gmail.com,0505702646,صنع الورق ومنتجات الورق,Jeddah,
,,Wafeer Factory for Industrial Detergents,,wafir.com.sa,o.alnakhli@wafir.com.sa,0599331582,صنع المواد الكيميائية والمنتجات الكيميائية,Jeddah,
,,Saudi Arabia Vital Acids Company,,bioacids.com,eshehri@bioacids.com,0544170180,الصناعات التحويلية الأخرى,Jeddah,
,,مصنع شركه براق العالميه لمضافات الوقود,,pctime.com,abdullaha@pctime.com,0533658585,صنع المواد الكيميائية والمنتجات الكيميائية,Jeddah,
,,مصنع شركه فالي للصناعات الغذائيه,,hotmail.com,raid6662008@hotmail.com,0530555643,صناعة المنتجات الغذائية,Jeddah,
,,مصنع شركه محمصه تسالي مرسى مطروح,,hotmail.com,labib_saad20@hotmail.com,00966505665220,صناعة المنتجات الغذائية,Jeddah,
,,مصنع شمائل الحجاز للبلاستيك,,hotmail.com,mash-factory-ksa@hotmail.com,0506035351,صنع منتجات المطاط والبلاستك,Jeddah,
,,مصنع صالح  عبدالرحمن محمد للبلاستيك,,gmail.com,salehshafifactory@gmail.com,0555790766,صنع منتجات المطاط والبلاستك,Jeddah,
,,مصنع صالح حسين غنيم للمنتجات الحديدية والمعدنية,,yahoo.com,salah_ghoname@yahoo.com,0505669904,صنع منتجات المعادن المشكلة، باستثناء الالات والمعدات,Jeddah,
,,مصنع صالح عبدالعزيز السلوم للعوازل,,hotmail.com,hhssnn1384@hotmail.com,0502818180,صنع منتجات المطاط والبلاستك,Jeddah,
,,مصنع صدى البركان للصناعة,,gmail.com,mk0506569090@gmail.com,0506569090,صنع المواد الكيميائية والمنتجات الكيميائية,Jeddah,
,,مصنع صناعة التدوير للالمنيوم,,consultants.com.sa,ramy.yaghmour@consultants.com.sa,0505803793,الصناعات التحويلية الأخرى,Jeddah,
,,مصنع ضوء البركة للاسفنج والأثاث,,outlook.com,doaaalbarakah@outlook.com,0500609810,صنع المواد الكيميائية والمنتجات الكيميائية,Jeddah,
,,مصنع طه عبدالله محمدعلي للمنصات الخشبية,,thapallets.com,info@thapallets.com,00966564451652,صنع الخشب ومنتجات الخشب والفلين، باستثناء الاثاث؛ صنع اصناف من القش ومواد الضفر,Jeddah,
,,Adel Ali Al-Harbi Factory,,yahoo.com,asaoils@yahoo.com,0505523727,الصناعات التحويلية الأخرى,Jeddah,
,,مصنع عالم مجاري الهواء للصناعة,,gmail.com,mt0590068891@gmail.com,0590068852,صنع منتجات المعادن المشكلة، باستثناء الالات والمعدات,Jeddah,
,,Abdel Hafez Al-Salahi Factory for Gold and Jewellery,,yahoo.com,mohamedelslahe@yahoo.com,0566715477,صنع منتجات المعادن المشكلة، باستثناء الالات والمعدات,Jeddah,
,,Abdel Rahman Ahmed Bukhari Sponge Factory,,outlook.sa,bookari@outlook.sa,0555528041,صنع المواد الكيميائية والمنتجات الكيميائية,Jeddah,
,,مصنع عبدالرحمن حمد الجعيد للمياه المعباه,,hotmail.com,azooo7@hotmail.com,0553799962,صنع المشروبات,Jeddah,
,,مصنع عبدالله عساف الغنيم للغازات الصناعية,,al-asaf.com,ahmed.eid@al-asaf.com,0553770155,الصناعات التحويلية الأخرى,Jeddah,
,,مصنع عبدالهادي عمر بافرط لتعبئة المواد الغذائية,,bafarat.sa,omar@bafarat.sa,0561676767,صناعة المنتجات الغذائية,Jeddah,
,,مصنع عبدالوهاب حسين حلبي للصناعات البلاستيكية,,gmail.com,hlb0548431530@gmail.com,0548431530,الصناعات التحويلية الأخرى,Jeddah,
,,مصنع عبيدالله ناصر الجهني للمناديل الورقية الصحية,,gmail.com,manoo1305@gmail.com,0532569095,صنع الورق ومنتجات الورق,Jeddah,
,,مصنع عدنان عبدالرحمن باصره للبلاستيك,,yahoo.com,e2360571@yahoo.com,0505617321,صنع منتجات المطاط والبلاستك,Jeddah,
,,مصنع عزيزة محمد الشهري لأبواب السلامة,,gmail.com,alsundusg@gmail.com,0545555136,صنع الاثاث,Jeddah,
,,مصنع عصام منصور الغامدي للشوايات والثلاجات,,hotmail.com,essam-alhoot@hotmail.com,0564545045,صنع الالات والمعدات غير المصنفة في موضع اخر,Jeddah,
,,مصنع علي بن أحمد القثمي للبلاستيك,,hotmail.com,ali_alguthmy1212@hotmail.com,٠٥٥٥٥١٧٠٩٠,صنع منتجات المطاط والبلاستك,Jeddah,
,,مصنع عمر محمد العطاس للمنتجات المعدنية,,hotmail.com,oma_attas@hotmail.com,0544444962,صنع منتجات المعادن المشكلة، باستثناء الالات والمعدات,Jeddah,
,,مصنع غلام رسول عمر دين للصناعات البلاستيكية,,hotmail.com,ghulam.rasool.plastic@hotmail.com,0565559162,صنع منتجات المطاط والبلاستك,Jeddah,
,,Fatma Factory for Paper Products,,gmail.com,mnmf2011@gmail.com,0505474431,صنع الورق ومنتجات الورق,Jeddah,
,,مصنع فجر التطوير للبلاستيك,,gmail.com,hamedjad3ani@gmail.com,0504696617,صنع منتجات المطاط والبلاستك,Jeddah,
,,مصنع فجر التطوير للمياه والثلج,,gmail.com,hamedjad3ani@gmail.com,0504696617,صنع المشروبات,Jeddah,
,,مصنع فرات الحجاز للمياة,,hotmail.com,anas-161@hotmail.com,0555667727,صنع المشروبات,Jeddah,
,,مصنع فراشة الخليج لتدوير الاطارات,,hotmail.com,alajdanet@hotmail.com,0556605572,صنع المواد الكيميائية والمنتجات الكيميائية,Jeddah,
,,مصنع فطائر التميز للصناعات الغذائية,,gmail.com,faisalblowi@gmail.com,0560554663,صناعة المنتجات الغذائية,Jeddah,
,,مصنع فلوه علي حسين القحطاني للبلاستيك,,hotmail.com,flwa_plastic@hotmail.com,0544006688,صنع منتجات المطاط والبلاستك,Jeddah,
,,مصنع فهد بكر باجابر لصهر الالمنيوم,,gmail.com,fahadbajaber@gmail.com,0541616016,صنع منتجات المعادن اللافلزية الأخرى,Jeddah,
,,Fouzan Saleh Al-Belehi Factory for Detergents and Cosmetics,,yahoo.com,fawzansalehalblehi@yahoo.com,0505615337,صنع المواد الكيميائية والمنتجات الكيميائية,Jeddah,
,,Faisal Farid Kotby Plastic Factory,,hotmail.com,faisal.kutbi@hotmail.com,0569434353,صنع منتجات المطاط والبلاستك,Jeddah,
,,مصنع فيضي علي الحاشدي لصناعة المصوغات والمجوهرات,,gmail.com,hashdycompany@gmail.com,0535744444,الصناعات التحويلية الأخرى,Jeddah,
,,مصنع كناز الخير للتعبئة والتغليف,,gmail.com,youseef.dates@gmail.com,0555668556,صناعة المنتجات الغذائية,Jeddah,
,,Saudi  Security Bio-chemicals Factory,,biochem.sa.com,s.dahdouly@biochem.sa.com,0545447783,صنع المواد الكيميائية والمنتجات الكيميائية,Jeddah,
,,مصنع لنا للثلج,,gmail.com,lanaice.2012@gmail.com,0503686880,صناعة المنتجات الغذائية,Jeddah,
,,مصنع لؤي عبد الرازق القباني للصناعات المعدنية,,algabbany.com,lgf@algabbany.com,0554924145,صنع منتجات المعادن المشكلة، باستثناء الالات والمعدات,Jeddah,
,,Factory of Al-Muhanna Iron Group,,yahoo.com,almouhana@yahoo.com,0505619930,الصناعات التحويلية الأخرى,Jeddah,
,,مصنع محترفي الورق,,yahoo.com,professionalspaper@yahoo.com,0535599339,صنع الورق ومنتجات الورق,Jeddah,
,,مصنع محمد احمد الضميري للاعلاف,,hotmail.com,ssaa188@hotmail.com,0558887989,صناعة المنتجات الغذائية,Jeddah,
,,مصنع محمد احمد القاضي للمنتجات الورقية,,gmail.com,eash.hizam@gmail.com,0532776000,صنع الورق ومنتجات الورق,Jeddah,
,,مصنع محمد حسين الاثله للصناعات الحديدية,,alathalh.com,info@alathalh.com,0537777246,صنع الفلزات القاعدية,Jeddah,
,,مصنع محمد سعيد بن قديم لتعبئة البخور ومستحضرات التجميل,,hotmail.com,belal-2001@hotmail.com,0555661977,الصناعات التحويلية الأخرى,Jeddah,
,,"Mohamed Saleh Ansar factory for Perfumes, Cosmetics and Detergents",,hotmail.com,alsabah_factory@hotmail.com,0569004795,صنع المواد الكيميائية والمنتجات الكيميائية,Jeddah,
,,Ayed Fawaz Al-Wahabi Factory for Metal Pipes,,hotmail.com,mafap1@hotmail.com,00966505664402,صنع منتجات المعادن المشكلة، باستثناء الالات والمعدات,Jeddah,
,,Mohamad Ali Baqbas Factory for Oils,,yahoo.com,algobaisy@yahoo.com,0505664961,صنع فحم الكوك والمنتجات النفطية المكررة,Jeddah,
,,مصنع محمد عواض العتيبي للبلاسيتك,,hotmail.com,barqnet@hotmail.com,0505679300,صنع منتجات المطاط والبلاستك,Jeddah,
,,مصنع محمد ناصر سنوسي للبلاستيك,,gmail.com,sanosi.plastic@gmail.com,0505626280,صنع منتجات المطاط والبلاستك,Jeddah,
,,مصنع محمد ياسين عبد الكريم ابوشعر لقوالب القص الطباعية,,gmail.com,sc.diecut@gmail.com,0505668900,صنع منتجات المعادن المشكلة، باستثناء الالات والمعدات,Jeddah,
,,مصنع مخابز نخالة الأتوماتيكية,,gmail.com,afakalam@gmail.com,0500306976,صناعة المنتجات الغذائية,Jeddah,
,,Aisha Farid Abdul Salam Factory for Oil Refinery,,surratiperfums.com,surrati@surratiperfums.com,0505510773,صنع فحم الكوك والمنتجات النفطية المكررة,Jeddah,
,,Al-Jazeera Center Factory for Building Materials & Paints,,gmail.com,umairsleem@gmail.com,0566615911,صنع المواد الكيميائية والمنتجات الكيميائية,Jeddah,
,,مصنع مروان محمد كامل للمنتجات المعدنية,,gmail.com,marwan25887@gmail.com,0555600951,صنع منتجات المعادن المشكلة، باستثناء الالات والمعدات,Jeddah,
,,مصنع مصطفى زبير محمد يونس لتصنيع و تشكيل الحديد,,hotmail.com,mzysteel@hotmail.com,0532666333,صنع منتجات المعادن المشكلة، باستثناء الالات والمعدات,Jeddah,
,,مصنع معدن اليسر لرقائق للألمنيوم,,yahoo.com,novacolorsaudi@yahoo.com,0505515808,الصناعات التحويلية الأخرى,Jeddah,
,,مصنع منشئات الغد للفيبر جلاس,,gmail.com,yasser61.sa@gmail.com,0544816298,صنع المواد الكيميائية والمنتجات الكيميائية,Jeddah,
,,مصنع مؤسسة أصف رفيق لصناعة الاقلام,,bladexrazors.com,ceo@bladexrazors.com,0569936874,صنع منتجات المطاط والبلاستك,Jeddah,
,,مصنع مياة غيمة,,gmail.com,sts1403s@gmail.com,0554776652,صنع المشروبات,Jeddah,
,,مصنع مياه أسرار للمياه,,gmail.com,a.s.alqarni13@gmail.com,0550999697,صنع المشروبات,Jeddah,
,,مصنع مياه جود للصناعات الغذائية,,hotmail.com,archingengpm@hotmail.com,0509331515,صناعة المنتجات الغذائية,Jeddah,
,,Nojoom Atlas Factory for Food Products,,yahoo.com,nejoomatlas@yahoo.com,0559566564,صناعة المنتجات الغذائية,Jeddah,
,,مصنع نجوم الصلب,,gmail.com,fac.copper@gmail.com,0509971665,صنع منتجات المعادن اللافلزية الأخرى,Jeddah,
,,مصنع هتون للمياه,,hotmail.com,aogarny@hotmail.com,0550299995,صنع المشروبات,Jeddah,
,,مصنع همسة الخليج للمواد الغذائية,,yahoo.com,nnsakh2@yahoo.com,0555669474,صناعة المنتجات الغذائية,Jeddah,
,,مصنع وثير للبياضات,,watheer.com,info@watheer.com,0505614463,صنع المنسوجات,Jeddah,
,,Wedouh Al-Jezira Factory for Plastic,,hotmail.com,wod0wh2015@hotmail.com,0500344182,صنع منتجات المطاط والبلاستك,Jeddah,
,,مصنع وليد يسلم المهري,,hotmail.com,wym-est@hotmail.com,0508474900,صنع منتجات المعادن المشكلة، باستثناء الالات والمعدات,Jeddah,
,,مصنع وهيب للزوايا والارفف المعدنية,,yahoo.com,hassnn@yahoo.com,0555552627,صنع منتجات المعادن المشكلة، باستثناء الالات والمعدات,Jeddah,
,,مصنع يوسف عليوي الحساني للمنتجات المعدنية,,ymf.com.sa,yousef@ymf.com.sa,00966544624232,صنع الفلزات القاعدية,Jeddah,
,,مؤسسة عالية جدة التجارية,,gmail.com,maznvip1010@gmail.com,0544307644,,Jeddah,
,,مؤسسه صلاح محسن العمودي التجاريه,,gmail.com,alamoudisalah4@gmail.com,0505618241,صناعة المنتجات الغذائية,Jeddah,
,,المصنع اتمتة للصناعة,,dedicated.com.sa,fahad@dedicated.com.sa,0560545455,صنع الالات والمعدات غير المصنفة في موضع اخر,Jeddah,
,,Tania Bottled Drinking Water Co. Ltd.,,taniawater.com,a.refaat@taniawater.com,0545550002,صنع المشروبات,Jeddah,
,,The Sons of Hamoud Ibrahim Al- Ziab Co.,,al-theyab.com,yousef@al-theyab.com,0504442346,صنع منتجات المعادن اللافلزية الأخرى,Jeddah,
,,Al-Aziz Ibrahim Al-Kadi Sons for Commercial Development and Investment Co. Ltd.,,qadi1.com,h@qadi1.com,0557700097,أخرى,Jeddah,
,,Al-Iman Co. for Trading and Contracting,,gmail.com,alemaan_trd@gmail.com,0553822128,,Jeddah,
,,شركة الشرق الاوسط وشمال افريقيا لصناعة المرطبات,,sibco.org,mohammed.darwish@sibco.org,0562769996,صناعة المنتجات الغذائية,Jeddah,
,,Housing Support Company,,almusanadahaleskania.com,info@almusanadahaleskania.com,0501010007,أخرى,Jeddah,
,,شركة المشاريع الانمائية المتطورة,,sevanrugs.com,adel@sevanrugs.com,0546644677,صنع المنسوجات,Jeddah,
,,Technical Paper Bags Production factory,,yahoo.com,salembasheikh@yahoo.com,00966505698067,صنع الورق ومنتجات الورق,Jeddah,
,,شركة خدمات النفط المحدودة,,naft.com.sa,saeed@naft.com.sa,0555065447,,Jeddah,
,,شركة صناعة الحقائب العالمية,,omasu.com,alawlaqi@omasu.com,0566667067,صنع المنتجات الجلدية والمنتجات ذات الصلة,Jeddah,
,,شركة عذيب للاتصالات,,gmail.com,mamr6218@gmail.com,0569734848,,Jeddah,
,,Omar Hussein Al-Attas Metal Products Company Factory,,gmail.com,alatthas@gmail.com,0500000316,صنع منتجات المعادن المشكلة، باستثناء الالات والمعدات,Jeddah,
,,Naqel Company,,naqel.com.sa,b.alsmail@naqel.com.sa,0541563569,,Jeddah,
,,Mohamed Ibrahim Subaie & Sons Co.,,masiclogistics.com,aalfares@masiclogistics.com,0505405744,,Jeddah,
,,كنوز العود للتجارة فرع شركة كنوز الحكمة للتجارة,,knozelhekma.com,hr@knozelhekma.com,0556557706,صنع المواد الكيميائية والمنتجات الكيميائية,Jeddah,
,,مجمع خالد راشد الردادي الطبي العام,,hotmail.com,alraddadiclinic@hotmail.com,0565233830,,Jeddah,
,,مصنع  الاطعمة المعاصرة للصناعات الغذائية,,gmail.com,redwan.kayal@gmail.com,0503653544,صناعة المنتجات الغذائية,Jeddah,
,,مصنع  شركة الأدوية المتقدمة,,adv-pharma.com,info@adv-pharma.com,0506666488,صنع المنتجات الصيدلانية,Jeddah,
,,مصنع احمد أبوبكر بادحمان لإنتاج اسطوانات الغاز الصغيرة,,yahoo.com,habadahman@yahoo.com,0505603481,صنع منتجات المعادن المشكلة، باستثناء الالات والمعدات,Jeddah,
,,مصنع أضواء للمنتجات البترولية,,adwaapetroleum.com,operations@adwaapetroleum.com,0504598796,صنع المواد الكيميائية والمنتجات الكيميائية,Jeddah,
,,مصنع الجزيرة للرديترات,,albaqmigroup.com,factories@albaqmigroup.com,0555656645,أخرى,Jeddah,
,,مصنع الحقول الزرقاء الصناعية,,hotmail.com,durainy@hotmail.com,0555366692,صنع منتجات المعادن المشكلة، باستثناء الالات والمعدات,Jeddah,
,,مصنع الغندورة للتعبئة والتغليف,,ghandouragroup.com,haitham@ghandouragroup.com,0504656004,صنع منتجات المطاط والبلاستك,Jeddah,
,,مصنع المركبات الغذائية السعودي للصناعة,,gmail.com,bmazen@gmail.com,0505679240,صناعة المنتجات الغذائية,Jeddah,
,,Yasser Moagab Al-Zahrani Factory for Iron & Steel,,hotmail.com,ltq@hotmail.com,0555688226,صنع منتجات المعادن المشكلة، باستثناء الالات والمعدات,Jeddah,
,,مصنع الوقايه للمنتجات الورقيه,,gmail.com,aljohanesami@gmail.com,0508833655,صنع الورق ومنتجات الورق,Jeddah,
,,Barakat Mohamed Jadaani Factory for Bottled Water,,stc.com.sa,bjedani@stc.com.sa,0504615987,صنع المشروبات,Jeddah,
,,مصنع حلوى القمر للصناعات الغذائية,,gmail.com,candymoonsweets@gmail.com,0502944450,صناعة المنتجات الغذائية,Jeddah,
,,مصنع خالد عمر عبدالله ثابت,,gmail.com,drthabit@gmail.com,0504666906,صنع الالات والمعدات غير المصنفة في موضع اخر,Jeddah,
,,مصنع دار الوكره للصناعات المعدنية,,albaqmigroup.com,factories@albaqmigroup.com,0555656645,صنع منتجات المعادن المشكلة، باستثناء الالات والمعدات,Jeddah,
,,مصنع دانية للادوات المنزلية,,saudi.net.sa,daniaest@saudi.net.sa,0504695963,الصناعات التحويلية الأخرى,Jeddah,
,,مصنع ديرتي المتخصص للأثاث المعدني,,diraty.com,nalmazroui@diraty.com,0505353676,صنع منتجات المعادن المشكلة، باستثناء الالات والمعدات,Jeddah,
,,Raji Hussein Al Amoudi Plastic Products Factory,,gmail.com,rajiamoudi@gmail.com,0555525772,صنع منتجات المطاط والبلاستك,Jeddah,
,,مصنع ربيع الغذاء للصناعات الغذائية,,hotmail.com,sfoodf@hotmail.com,0540479782,صناعة المنتجات الغذائية,Jeddah,
,,مصنع ريان عبد الله الرفاعي للصناعات الغذائية,,live.com,alrefaei@live.com,0553633440,,Jeddah,
,,مصنع سعد أحمد الغامدي لانتاج وتصنيع الوجبات الجاهزة المطهية والغير مطهية والحلويات والمعجنات,,outlook.sa,gamedydessert@outlook.sa,0504590082,صناعة المنتجات الغذائية,Jeddah,
,,مصنع سعيد عبدالله الشيخي للمعجنات,,gmail.com,saassa2000@gmail.com,0549999211,صناعة المنتجات الغذائية,Jeddah,
,,مصنع شركة  حلواني وطحان  للتعبئة و التغليف,,hotmail.com,moayed_66@hotmail.com,0507266666,صناعة المنتجات الغذائية,Jeddah,
,,مصنع شركة الأطباء للصناعات الدوائية,,windowslive.com,aalhakami@windowslive.com,0566655501,صنع المنتجات الصيدلانية,Jeddah,
,,Arabian Chemical Company - Polystyrene,,juffali-polyone.com,rayan.alharbi@juffali-polyone.com,0550055233,صنع المواد الكيميائية والمنتجات الكيميائية,Jeddah,
,,مصنع شركة الخرسانة اللاحقة الشد المحدودة,,ptco-ksa.com,omar@ptco-ksa.com,0549120482,الصناعات التحويلية الأخرى,Jeddah,
,,مصنع شركة الرواد الجديدة للصناعة والتجارة,,hotmail.com,yas.pioneers@hotmail.com,0566622808,صنع منتجات المطاط والبلاستك,Jeddah,
,,مصنع شركة الغلاف المميز للصناعة,,gmail.com,fawwaz.alghamdi1@gmail.com,0505878502,الصناعات التحويلية الأخرى,Jeddah,
,,مصنع شركة الفلك المتحده لاعمال الديكور,,gmail.com,sahafi870@gmail.com,0505687523,صنع الخشب ومنتجات الخشب والفلين، باستثناء الاثاث؛ صنع اصناف من القش ومواد الضفر,Jeddah,
,,مصنع شركة المتحدون لتعبئة المواد الغذائيه فرع شركة المتحدون لتجارة البن,,mochachino.net,mem@mochachino.net,0505614919,صناعة المنتجات الغذائية,Jeddah,
,,مصنع شركة المتحدون لصناعة البن والهيل والشاي فرع شركة المتحدون لتجارة  البن,,yahoo.com,mem4567@yahoo.com,0505614919,صناعة المنتجات الغذائية,Jeddah,
,,مصنع شركة المرطبات العالمية,,gbc.sa,ali@gbc.sa,0504124919,صنع المشروبات,Jeddah,
,,مصنع شركة المطاعم الأهلية للصناعات الغذائية,,americana-food.com,mismaeil@americana-food.com,0597565522,صناعة المنتجات الغذائية,Jeddah,
,,Al-Moatamedon United Co. Factory for Plastic Products,,yahoo.com,rami_alamodi@yahoo.com,0555548221,صنع المواد الكيميائية والمنتجات الكيميائية,Jeddah,
,,Redan Kitchens & Restaurants Company,,raydan.com.sa,a.consulting@raydan.com.sa,0555603636,صناعة المنتجات الغذائية,Jeddah,
,,Taza Restaurants Company Factory for Food Products,,taza-food.com,hramanager@taza-food.com,0500691644,صناعة المنتجات الغذائية,Jeddah,
,,مصنع شهد الغذاء للصناعات الغذائية,,hotmail.com,shahd-sa@hotmail.com,0505706704,صناعة المنتجات الغذائية,Jeddah,
,,مصنع عادل احمد الشاعر للادوية,,gmail.com,spc.jed@gmail.com,0533569278,صنع المنتجات الصيدلانية,Jeddah,
,,مصنع علي عامر الحجي للمنتجات الطبية,,pp-medicl.com,ali@pp-medicl.com,0545967006,صنع المنتجات الصيدلانية,Jeddah,
,,مصنع غذاء المستقبل لصناعات الغذائية,,hotmail.com,asiadefence@hotmail.com,0546622660,صناعة المنتجات الغذائية,Jeddah,
,,مصنع غذاء الندى,,hotmail.com,almoteq@hotmail.com,0508447711,صناعة المنتجات الغذائية,Jeddah,
,,مصنع فخامة المنتجات للصناعات الغذائية,,grandeurfoods.com,m.alsharif@grandeurfoods.com,0563333589,صناعة المنتجات الغذائية,Jeddah,
,,مصنع فنون التعبئة للصناعة وتغليف المواد الغذائية,,gmail.com,almohdar.a@gmail.com,0504316587,صناعة المنتجات الغذائية,Jeddah,
,,مصنع كنز الأضواء للمنتجات  البلاستيكية,,hotmail.com,majed727@hotmail.com,0555625235,صنع منتجات المطاط والبلاستك,Jeddah,
,,Kenzi Al-Shamel for Rubber Products,,gmail.com,turkizz@gmail.com,0563688943,صنع المواد الكيميائية والمنتجات الكيميائية,Jeddah,
,,مصنع لانا الخليج  الاول للمستلزمات الطبية,,hotmail.com,sabr911@hotmail.com,0506600793,الصناعات التحويلية الأخرى,Jeddah,
,,مصنع ماجد مهل البقمي للبرادات والبيوت الجاهزة,,albaqmigroup.com,factories@albaqmigroup.com,0555656645,صنع الالات والمعدات غير المصنفة في موضع اخر,Jeddah,
,,Mohamed Abdullah Al-belemy Factory for the Production of Animal Salt Cubes,,gmail.com,alblimy.m@gmail.com,0545422500,صناعة المنتجات الغذائية,Jeddah,
,,مصنع مزيج العطور للعطورات,,gmail.com,eng.fahmi@gmail.com,0531111096,صنع المواد الكيميائية والمنتجات الكيميائية,Jeddah,
,,مصنع مؤسسة العيسائي للمرطبات,,alesayibeverage.com,management@alesayibeverage.com,0506663030,صنع المشروبات,Jeddah,
,,مصنع نسيج شجن للسجاد,,hotmail.com,alhdara-aletqan@hotmail.com,0553621868,صنع المنسوجات,Jeddah,
,,مؤسسة اسس الرعاية الطبية,,mail.com,basis-care@mail.com,0562227335,الصناعات التحويلية الأخرى,Jeddah,
,,مؤسسة قهوة بيشة التجارية,,yahoo.c,mragil2002@yahoo.c,0536000703,صناعة المنتجات الغذائية,Jeddah,
,,مؤسسة مملكة الكيف للتجارة فرع مؤسسة خالد ناصر منصر الوادعي,,hotmail.com,khalid.n.m@hotmail.com,0555705868,صناعة المنتجات الغذائية,Jeddah,
,,Saud Abdullah Al-Ghasab Factory for Wood Products,,yahoo.com,alghassabest@yahoo.com,0505157231,صنع منتجات المعادن المشكلة، باستثناء الالات والمعدات,Hail,
,,مصنع  لدنك العالمية,,gmail.com,abdoh.moon2015@gmail.com,0505159625,صنع منتجات المطاط والبلاستك,Hail,
,,مصنع ابراج دانات لمستلزمات الطباعة,,gmail.com,abrajdanat@gmail.com,0557722877,الطباعة,Hail,
,,مصنع اكترى لأفلام السلوفان,,ektra.com.sa,munif@ektra.com.sa,0561165656,صنع منتجات المطاط والبلاستك,Hail,
,,Al-Shoaa Al-Wahed factory for tents,,hotmail.com,al-shoaaa@hotmail.com,0506174575,صنع منتجات المطاط والبلاستك,Hail,
,,مصنع الشمال للاحذية,,gmail.com,shamal9102@gmail.com,0504879102,الصناعات التحويلية الأخرى,Hail,
,,Al-Falah Cork Factory,,gmail.com,ksa31ksa1@gmail.com,0555156473,صنع الخشب ومنتجات الخشب والفلين، باستثناء الاثاث؛ صنع اصناف من القش ومواد الضفر,Hail,
,,مصنع بوابة اجا للملابس الجاهزة,,gmail.com,34ajac@gmail.com,0555158935,صنع الملبوسات,Hail,
,,Telal Aja Factory for Furniture and Kitchens,,msn.com,abd_676@msn.com,0503387213,صنع الخشب ومنتجات الخشب والفلين، باستثناء الاثاث؛ صنع اصناف من القش ومواد الضفر,Hail,
,,مصنع جوهرة العملاق للكيماويات,,yahoo.com,a.olayt@yahoo.com,0505163144,صنع المواد الكيميائية والمنتجات الكيميائية,Hail,
,,Hammad Methqal Al-Anzi Gases Factory,,madagases.com,hammad@madagases.com,0555168286,صنع المواد الكيميائية والمنتجات الكيميائية,Hail,
,,مصنع شركة الشمال الشامل للصناعة,,gmail.com,drmdsaid@gmail.com,0556886065,صناعة المنتجات الغذائية,Hail,
,,Noor El-Ekhtyar Company Factory for Polyethylene Products,,yahoo.com,alikhtiar@yahoo.com,0555163354,صنع المواد الكيميائية والمنتجات الكيميائية,Hail,
,,Shokr Karim Al-Shemari Factory for Metal and Wood Products,,hotmail.com,sh00kr@hotmail.com,0548862311,صنع منتجات المعادن المشكلة، باستثناء الالات والمعدات,Hail,
,,مصنع عبدالعزيز عبدالله الشومر للاثاث,,hotmail.com,aalshomer@hotmail.com,0505160838,الصناعات التحويلية الأخرى,Hail,
,,مصنع عبدالله محمد القحطاني للمياه الصحية,,outlook.sa,alghtanyfactory2016@outlook.sa,0530000117,صناعة المنتجات الغذائية,Hail,
,,مصنع فيصل مهدي التبيناوي للزجاج,,hotmail.com,fiasal11@hotmail.com,0506511515,الصناعات التحويلية الأخرى,Hail,
,,مصنع محمد هزاع الشمري للأنابيب والرولات البلاستيكية,,outlook.sa,alshemaryfactory2017@outlook.sa,0503933399,صنع المواد الكيميائية والمنتجات الكيميائية,Hail,
,,مصنع نقاء حائل لتعبئة المياه والثلج,,hotmail.com,fiasal11@hotmail.com,0506511515,صناعة المنتجات الغذائية,Hail,
,,مصنع وصائف الجنوب للحديد,,gmail.com,wasaef.aljanoob@gmail.com,0595690554,صنع الفلزات القاعدية,Hail,
,,Yasser Hamad Al-Sudairy Factory for manufacturing & Forming Metals,,hotmail.com,yasser_hamad@hotmail.com,0555163354,صنع منتجات المعادن المشكلة، باستثناء الالات والمعدات,Hail,
,,مصنع الاتقان للخشب البلاستيكي,,gmail.com,alkheliwi3@gmail.com,0555858577,صنع منتجات المطاط والبلاستك,حفر الباطن,
,,مصنع الماس لتعبئة المياه,,yahoo.com,nsn1406@yahoo.com,0555955645,صنع المشروبات,حفر الباطن,
,,مصنع المقاصد الشرقية للمواد الدوائية,,yahoo.com,nofa33@yahoo.com,0505955936,صنع المنتجات الصيدلانية,حفر الباطن,
,,Motlak Elshabaan Factory for Oils & Lubricants,,hotmail.com,mutlaq2011@hotmail.com,0550000523,صنع فحم الكوك والمنتجات النفطية المكررة,حفر الباطن,
,,مصنع شركة سحرالريف للادوية ومستحضرات التجميل,,sehralreef.com,eid@sehralreef.com,0555466373,صنع المنتجات الصيدلانية,حفر الباطن,
,,مصنع مياه الباطن لتعبئة المياة,,hotmail.com,saedalmuhanna@hotmail.com,0505900626,صنع المشروبات,حفر الباطن,
,,الأرض النقية للخدمات البيئية,,oms.com.sa,majed@oms.com.sa,0541111978,,سدير,
,,الشركة السعودية لأعمال البيئة المحدودة,,sewltd.com.sa,hr.naif@sewltd.com.sa,00966505299363,,سدير,
,,شركة افلاك للصناعات الالكترونية,,aflak.com.sa,haitham@aflak.com.sa,0500601673,صنع المعدات الكهربائية,سدير,
,,شركة توريدات المطورة المحدودة,,flowpl.com,saud.alsulaiman@flowpl.com,0505525628,,سدير,
,,شركة كوكا كولا السعودية لتعبئة المرطبات,,coca-cola.com.sa,ccbcsa@coca-cola.com.sa,0504480448,صناعة المنتجات الغذائية,سدير,
,,شركة مبتكري حلول النفايات الحيوية,,biosimena.com,alhassan.alzahrani@biosimena.com,0568602286,,سدير,
,,شركة مصنع أمواج الاتصالات للدوائر الالكترونية,,amwajfactory.com,hr@amwajfactory.com,0555074781,صنع الحواسيب والمنتجات الإلكترونية والبصرية,سدير,
,,Seada Mamdouh Al-Shemari  Factory for Plastics,,trfehksa.com,info@trfehksa.com,0555000356,صنع منتجات المطاط والبلاستك,سدير,
,,شركة مصنع مجال الماء للمضخات,,samnan.com.sa,nasser.alanazi@samnan.com.sa,0555951862,صنع الالات والمعدات غير المصنفة في موضع اخر,سدير,
,,شركة ملقى السعودية المحدودة,,gmail.com,saad.alkathiri@gmail.com,0505867488,صنع الحواسيب والمنتجات الإلكترونية والبصرية,سدير,
,,شركة نبع المطاط للصناعة,,nabaa-alwessal.com,ahmad.tawfiq@nabaa-alwessal.com,0561777745,صنع منتجات المطاط والبلاستك,سدير,
,,شركه مصنع ابسل لثني وتشكيل الحديد,,absal.com,hafez@absal.com,0505494640,صنع منتجات المعادن المشكلة، باستثناء الالات والمعدات,سدير,
,,لاندمارك العربية,,landmarkgroup.com,legal.agreements@landmarkgroup.com,0554141718,,سدير,
,,مصنع   شركة سهول الخليج للأخشاب البلاستيكية,,gmail.com,aalluhibi@gmail.com,٠٥٠٩٠٦٤٠٦٤,الصناعات التحويلية الأخرى,سدير,
,,مصنع  افاق الخليج  للمياة,,gmail.com,m4972089@gmail.com,0553366661,صنع المشروبات,سدير,
,,مصنع  الديلا لصناعة الأطعمة,,aldella.com.sa,rashid@aldella.com.sa,0504429673,صناعة المنتجات الغذائية,سدير,
,,مصنع  سليمان محمد الحضيف للإعمدة الاناره,,hotmail.com,alrayanfc@hotmail.com,0555170636,صنع منتجات المعادن المشكلة، باستثناء الالات والمعدات,سدير,
,,Innovative Foods Factory,,innovativefoods.com.sa,ashammari@innovativefoods.com.sa,0554411398,صناعة المنتجات الغذائية,سدير,
,,مصنع  شركة الجسوره العربيه لاحتياجات المعدات الثقيثلة,,gaswara.com.sa,a.alluhaidan@gaswara.com.sa,0505135171,صنع منتجات المعادن المشكلة، باستثناء الالات والمعدات,سدير,
,,مصنع  شركة تدرج للعوازل الاستفلتية,,tadaruj.com,bitumenplant@tadaruj.com,0545209050,الصناعات التحويلية الأخرى,سدير,
,,مصنع  شركة رود للصناعة,,gmail.com,rud.factory2@gmail.com,0566694666,صناعة المنتجات الغذائية,سدير,
,,مصنع  شركة هيترو لاب السعودية للادوية الطبية,,deltapharma-sa.com,a.alzomaie@deltapharma-sa.com,0503141435,صنع المنتجات الصيدلانية,سدير,
,,مصنع  شركة ودق للمياه,,gmail.com,wadaq.factory@gmail.com,0509211155,صنع المشروبات,سدير,
,,مصنع ابعاد الدواء للمنتجات الصيدلانية,,equilibrium.com.sa,tawfik.f@equilibrium.com.sa,0505210370,صنع المنتجات الصيدلانية,سدير,
,,مصنع اجبان القمة لتعبئة الاجبان,,gmail.com,a1017541002@gmail.com,0501114499,صناعة المنتجات الغذائية,سدير,
,,مصنع أحمد زامل الزامل للتكييف والتبريد,,hotmail.com,aalzamil2010@hotmail.com,0555467147,صنع المعدات الكهربائية,سدير,
,,Azian Factory for Cans and Cartons,,hotmail.com,rumaih_printing@hotmail.com,0505453433,صنع الورق ومنتجات الورق,سدير,
,,مصنع أساس إمداد للتصنيع,,hotmail.com,sasimdad@hotmail.com,0505137946,الصناعات التحويلية الأخرى,سدير,
,,مصنع اسماعيل محمود بابللي لتعبئة وتغليف المواد الغذائيه,,yahoo.com,a.hadyy@yahoo.com,0505227198,صناعة المنتجات الغذائية,سدير,
,,مصنع أصل التقنية للصناعات الإلكترونية,,yahoo.com,afaqalbaida@yahoo.com,0543453390,صنع المعدات الكهربائية,سدير,
,,مصنع اغذية شركة الخليج للتموين,,gccgff.com,a.alkhater@gccgff.com,0557885008,صناعة المنتجات الغذائية,سدير,
,,مصنع الأترج للمواد الدوائية,,gmail.com,abdulelah55@gmail.com,0555552303,صنع المنتجات الصيدلانية,سدير,
,,مصنع الاسفنج الحديث فرع الشركه العالميه لتسويق مستلزمات النوم المحدوده,,sleephigh.com,fjawad@sleephigh.com,0555591944,الصناعات التحويلية الأخرى,سدير,
,,Al-Benyan Iron Rolling Factory,,gmail.com,f.lawyer.office@gmail.com,0560666661,صنع منتجات المعادن المشكلة، باستثناء الالات والمعدات,سدير,
,,مصنع الجمال زجاجي للزجاج,,outlook.sa,algammal_glass@outlook.sa,0559597072,الصناعات التحويلية الأخرى,سدير,
,,مصنع الحلول المبتكرة لمواد العزل,,gmail.com,allsnafy@gmail.com,966505781531,صنع منتجات المطاط والبلاستك,سدير,
,,مصنع الخليج للكابلات,,gmail.com,alfalahcons@gmail.com,0555474806,صنع المعدات الكهربائية,سدير,
,,International Cooperative Factory for Concrete Pipes,,assadsaid.com,icm@assadsaid.com,0581883338,صنع منتجات المعادن اللافلزية الأخرى,سدير,
,,مصنع السهل الصناعي للبلاستيك,,gmail.com,nabuyacoub3@gmail.com,0550606344,صنع منتجات المطاط والبلاستك,سدير,
,,مصنع العلا المتقدمة لفلاتر غسيل الكلى,,gmail.com,mesharialanazi1@gmail.com,0561665426,الصناعات التحويلية الأخرى,سدير,
,,مصنع العلا المتقدمة للأبواب و النوافذ الخشبيه,,gmail.com,mesharialanzi1@gmail.com,0561665426,الصناعات التحويلية الأخرى,سدير,
,,مصنع العناية الوحيدة للمنتجات البلاستيكية,,hotmail.com,anas_nakhla@hotmail.com,0559805588,صنع منتجات المطاط والبلاستك,سدير,
,,مصنع النهر الميمون للبلاستيك,,gmail.com,naalodan@gmail.com,0546146464,صنع منتجات المطاط والبلاستك,سدير,
,,مصنع أنظمة الأشعة الشمسية للطاقه الشمسية,,alsaedeya.com.sa,tayseer@alsaedeya.com.sa,0503440496,الصناعات التحويلية الأخرى,سدير,
,,مصنع أنظمة النظافة للكيماويات,,arwadh.com,jafarm@arwadh.com,0507896303,صنع المواد الكيميائية والمنتجات الكيميائية,سدير,
,,مصنع أنوار الفال للبلاستيك,,gmail.com,anwaralfal1@gmail.com,0537033366,صنع منتجات المطاط والبلاستك,سدير,
,,Oxygen Factory for Decorations and Wooden Furniture,,hotmail.com,eng.saud15@hotmail.com,0531119933,صنع الاثاث,سدير,
,,Emas Global Factory,,hotmail.com,ahq111@hotmail.com,0506600009,صنع فحم الكوك والمنتجات النفطية المكررة,سدير,
,,مصنع بيت التمر,,gmail.com,dates.house.factory@gmail.com,0509211155,صناعة المنتجات الغذائية,سدير,
,,مصنع بيت الكرتون لصناعة الكرتون,,alsubait.com,abdulaziz@alsubait.com,0509999111,صنع الورق ومنتجات الورق,سدير,
,,مصنع تاج الشميسي للمواد البلاستيكية,,yahoo.com,saadanajmi@yahoo.com,0555913499,صنع منتجات المطاط والبلاستك,سدير,
,,مصنع تقنية اللدائن العربية للمنتجات البلاستيكية,,gmail.com,aroundriyadh@gmail.com,0505403713,صنع منتجات المطاط والبلاستك,سدير,
,,مصنع تيك لي للبلاستيك,,hotmail.com,red-216@hotmail.com,0566663975,صنع منتجات المطاط والبلاستك,سدير,
,,Hussein Ammar & Co. Factory for Stainless Steel Products,,gmail.com,houcine01233@gmail.com,0555583544,الصناعات التحويلية الأخرى,سدير,
,,مصنع خالد عبدالكريم العجمي للصناعات الخشبية,,hotmail.com,kiioiik@hotmail.com,0595599099,صنع الخشب ومنتجات الخشب والفلين، باستثناء الاثاث؛ صنع اصناف من القش ومواد الضفر,سدير,
,,مصنع دار دوف للدهانات,,dardoof.com,ceo@dardoof.com,0565586556,صنع المواد الكيميائية والمنتجات الكيميائية,سدير,
,,مصنع ربط التقنية للمنتجات البلاستيكية,,gmail.com,eqadi2010@gmail.com,0503451484,صنع منتجات المطاط والبلاستك,سدير,
,,مصنع رواد المستقبل لصناعات الطبية والدوائية,,hotmail.com,muniralrwaily@hotmail.com,0554774955,صنع المنتجات الصيدلانية,سدير,
,,مصنع روز للمياه,,live.com,abdullahaldakhil@live.com,0555552569,صنع المشروبات,سدير,
,,مصنع سليمان داوود الرشيد للعزل الخارجي,,gmail.com,rasheesd@gmail.com,0503113355,صنع الخشب ومنتجات الخشب والفلين، باستثناء الاثاث؛ صنع اصناف من القش ومواد الضفر,سدير,
,,مصنع سنمّار المملكة لمواد النظافة والتعقيم والعطور والتجميل,,hotmail.com,almostsharr@hotmail.com,0569051722,صنع المواد الكيميائية والمنتجات الكيميائية,سدير,
,,مصنع شركة  ايه زي زي سي جي اي تي العربية,,gmail.com,abdulrahman.ababtain@gmail.com,0552244345,صنع المعدات الكهربائية,سدير,
,,مصنع شركة  حلول الكيماويات للصناعة,,kj.sa,k@kj.sa,0505472406,صنع المواد الكيميائية والمنتجات الكيميائية,سدير,
,,مصنع شركة أبناء العربية للمياه المعبأه,,gmail.com,alarabiyafactory@gmail.com,0535555642,صنع المشروبات,سدير,
,,Saleh Mohammed Ayyaf  Sons  Co. Factory for Rocks and Marble,,gmail.com,talalayef@gmail.com,0509960008,الصناعات التحويلية الأخرى,سدير,
,,International Smart Card Company Factory (618262),,pcard.com.sa,mhamed@pcard.com.sa,0594900050,صنع الحواسيب والمنتجات الإلكترونية والبصرية,سدير,
,,مصنع شركة التكاملية الخليجية للصناعة,,giic.com.sa,info@giic.com.sa,966555539890,صنع منتجات المطاط والبلاستك,سدير,
,,مصنع شركة السد الحديثة للمنتجات البلاستيكية,,zulalwater.com,bastawy@zulalwater.com,0505219376,الصناعات التحويلية الأخرى,سدير,
,,مصنع شركة السكب السعودي لتدوير البلاستيك,,gmail.com,saud.aljomaih@gmail.com,0509090017,صنع منتجات المطاط والبلاستك,سدير,
,,Al-Salamah Concrete Products Co. Factory,,gmail.com,baselalsalamah@gmail.com,0500207722,مواد بناء وخزف وزجاج,سدير,
,,مصنع شركة الكيمياء المتقدمة للصناعة,,acico.sa,asb@acico.sa,0538086555,صنع المواد الكيميائية والمنتجات الكيميائية,سدير,
,,مصنع شركة المنتجات الصناعية المبتكره,,yahoo.com,k1418@yahoo.com,0505455378,صنع المواد الكيميائية والمنتجات الكيميائية,سدير,
,,مصنع شركة الوان اللوتس للدهانات المحدودة,,hotmail.com,alwanallotus@hotmail.com,0539105554,صنع المواد الكيميائية والمنتجات الكيميائية,سدير,
,,مصنع شركة انفا  للطاقة المتجددة,,hotmail.com,anfa.sr@hotmail.com,0552063333,الصناعات التحويلية الأخرى,سدير,
,,مصنع شركة تداين للمنتجات الغذائية والأجبان,,gmail.com,mr.moath22@gmail.com,0500108600,صناعة المنتجات الغذائية,سدير,
,,مصنع شركة تصاميم مختلفة للاثاث,,hotmail.com,sbm222@hotmail.com,0500666415,صنع الاثاث,سدير,
,,Al-Tameria  Factory for Industrial Stones and Marble,,gmail.com,acementiat@gmail.com,0504228328,الصناعات التحويلية الأخرى,سدير,
,,مصنع شركة جنى البلاد للالمنيوم,,yahoo.com,hr.arabtop@yahoo.com,0504446643,الصناعات التحويلية الأخرى,سدير,
,,مصنع شركة حديد عمار لدرفلة الحديد,,hotmail.com,tadaun@hotmail.com,0554477466,صنع منتجات المعادن المشكلة، باستثناء الالات والمعدات,سدير,
,,مصنع شركة ركن السرير,,almazro.com,almazro@almazro.com,0505414707,صنع الاثاث,سدير,
,,مصنع شركة صفاء البيئة,,gmail.com,amerakish@gmail.com,0505831191,,سدير,
,,مصنع شركة صهر النحاس المحدودة,,cscoltd.com,khalid.albaz@cscoltd.com,0505847161,صنع منتجات المعادن اللافلزية الأخرى,سدير,
,,Karam Plastic Co. Factory,,krmholding.net,admin@krmholding.net,0547370147,صنع منتجات المطاط والبلاستك,سدير,
,,مصنع شركة لانا لمعالجة النفايات الطبية,,lanamedical.com,info@lanamedical.com,0505463141,,سدير,
,,Moharek Al-Teknia Co. Factory for plastics,,hotmail.com,alameria_pipes@hotmail.com,0500607509,الصناعات التحويلية الأخرى,سدير,
,,مصنع شركة مطابع نجوم المعارف,,gmail.com,aziz.muhaideb@gmail.com,0557700077,الطباعة,سدير,
,,مصنع شركة معن حمد الجاسر وشركاءه للخزائن الخشبية,,aljasser-group.net,admin.info1@aljasser-group.net,0563393169,صنع الاثاث,سدير,
,,مصنع شفاء ودواء للمنتجات الصيدلانية,,hotmail.com,phkhaled@hotmail.com,0505580990,صنع المنتجات الصيدلانية,سدير,
,,Sokhour Al-Jawda Factory for Stone and Marble,,hotmail.co,khalid2551969@hotmail.co,0505470609,الصناعات التحويلية الأخرى,سدير,
,,Sokhour Al-Qemma Factory for Stone and Marble,,hotmail.co,khalid2551969@hotmail.co,0505470609,الصناعات التحويلية الأخرى,سدير,
,,مصنع صدق التميزللاضاءه والاناره والتمديدات الكهربائيه,,hotmail.com,lovesong010@hotmail.com,0503444441,الصناعات التحويلية الأخرى,سدير,
,,مصنع صلد المعادن,,yahoo.com,shuwaish@yahoo.com,0506616781,صنع منتجات المعادن المشكلة، باستثناء الالات والمعدات,سدير,
,,مصنع صهر الرصاص لسبك المعادن,,hotmail.com,mohamadradat@hotmail.com,0505447901,صنع منتجات المعادن المشكلة، باستثناء الالات والمعدات,سدير,
,,Siab Plastic Factory,,soyab.com,ali@soyab.com,0505442103,صنع منتجات المطاط والبلاستك,سدير,
,,Abdel Mohsen Ahmed Al-Tuwaijri Factory for Chemical Fertilizers,,gmail.com,altuwaijri.agri@gmail.com,0554488340,صنع المواد الكيميائية والمنتجات الكيميائية,سدير,
,,مصنع عرب باك للكرتون,,dala.com.sa,a.a.f@dala.com.sa,0503244872,صنع الورق ومنتجات الورق,سدير,
,,مصنع عسك للانابيب,,hotmail.com,assg.factory@hotmail.com,0505494424,صنع منتجات المطاط والبلاستك,سدير,
,,مصنع عسيب للدهانات والمعاجين,,yahoo.com,jababer@yahoo.com,0503250986,صنع المواد الكيميائية والمنتجات الكيميائية,سدير,
,,Model Insulators  Factory for Metal Industry,,hotmail.com,ahb633@hotmail.com,0505106654,صنع منتجات المعادن المشكلة، باستثناء الالات والمعدات,سدير,
,,مصنع قفر للحوم,,gmail.com,sugair.s@gmail.com,0503414196,صناعة المنتجات الغذائية,سدير,
,,مصنع كابرى للمنتجات الاستهلاكية,,hotmail.com,cabri.est@hotmail.com,0505120885,صنع الورق ومنتجات الورق,سدير,
,,مصنع كفاح الشرق للبلاستيك,,outlook.com,agarawi@outlook.com,0545166411,صنع منتجات المطاط والبلاستك,سدير,
,,مصنع كيف الشيوخ للمنتجات الغذائية,,hotmail.com,mohammedfaqihi511@hotmail.com,0505445725,صناعة المنتجات الغذائية,سدير,
,,Dan Plastic Products Factory,,yahoo.com,thamer_alsaif@yahoo.com,0568888938,صنع منتجات المطاط والبلاستك,سدير,
,,مصنع لذاذ للمياه المعدنية,,alsubait.com,abdulaziz@alsubait.com,0509999111,صنع المشروبات,سدير,
,,مصنع مجموعة العريني للصناعات المعدنية,,omi.com.sa,info@omi.com.sa,00966503360308,صنع منتجات المعادن المشكلة، باستثناء الالات والمعدات,سدير,
,,مصنع محمد عبدالعزيز غنام لمياه الشرب المعبأه,,gmail.com,mabkh6@gmail.com,0564008005,صنع المشروبات,سدير,
,,Marwa Healthy Water Factory,,hotmail.com,rahlahmm@hotmail.com,0508444186,صنع المشروبات,سدير,
,,Mehnaa Bin Saleh Almehnaa Factory,,gmail.com,mohna.almohna@gmail.com,00966509030501,الصناعات التحويلية الأخرى,سدير,
,,Honesty Technology Building Materials Establishment Factory,,atgroups.net,manager@atgroups.net,0506231065,الصناعات التحويلية الأخرى,سدير,
,,مصنع مياه البينه للمياة,,hotmail.com,ayad44@hotmail.com,0553998837,صنع المشروبات,سدير,
,,مصنع مياه جود للمياه,,gmail.com,albishrfactory@gmail.com,0509211155,صنع المشروبات,سدير,
,,مصنع نايف على خليفه  احمد ال ثانى للالمنيوم,,q-nap.com,hussein@q-nap.com,0562196932,الصناعات التحويلية الأخرى,سدير,
,,مصنع نايف على خليفه احمد ال ثانى للحوائط المعزوله,,q-nap.com,hussein@q-nap.com,0562196932,الصناعات التحويلية الأخرى,سدير,
,,مصنع واحة سدير للصناعات الغذائية,,farmafood.com,kl.aljeaan@farmafood.com,0555909582,صناعة المنتجات الغذائية,سدير,
,,Wasit Saudi Factory for entertainment  & cosmetics Systems,,gmail.com,tariqalhaidary@gmail.com,0506403210,الصناعات التحويلية الأخرى,سدير,
,,Electrical Distribution Boards Factory,,epf.com.sa,epf@epf.com.sa,0568377733,صنع المعدات الكهربائية,سدير,
,,Watan Factory for Medical Products,,watan.sa,gm@watan.sa,0505267744,صنع المنتجات الصيدلانية,سدير,
,,معهد الملك  سلمان للدراسات والخدمات الاستشارية,,mu.edu.sa,a.almutairi@mu.edu.sa,0545534345,اخرى,سدير,
,,Al-Nafoura Factory for Industrial Marble,,hotmail.com,poowder@hotmail.com,0550555404,الصناعات التحويلية الأخرى,سدير,
,,Golden Petroleum Oils Factory,,outlook.com,tariqahmedk@outlook.com,0556224332,صنع المواد الكيميائية والمنتجات الكيميائية,شقراء,
,,مصنع  اضافة الطاقة,,hotmail.com,almutairi_contracting.est@hotmail.com,0554444503,صنع الالات والمعدات غير المصنفة في موضع اخر,شقراء,
,,مصنع  تقنية علوم اللحام,,yahoo.com,w8w222@yahoo.com,0505248484,صنع منتجات المعادن المشكلة، باستثناء الالات والمعدات,شقراء,
,,مصنع اسرار طبيعية للمنتجات النباتية,,gmail.com,dr.alnaser111@gmail.com,0559738336,الصناعات التحويلية الأخرى,شقراء,
,,Bandar Matar Buqami Factory for Bottled Water and Juices,,yahoo.com,bandar.m2006@yahoo.com,0559888881,صنع المشروبات,شقراء,
,,مصنع بئر رومة لتعبئة المياه,,gmail.com,mos3ab88880@gmail.com,0504274711,صنع المشروبات,شقراء,
,,مصنع جاسي ذعار الحميداني  للكرتون,,gmail.com,gassiah2015@gmail.com,0546333888,الصناعات التحويلية الأخرى,شقراء,
,,Jaza Factory Co. Aluminium Products,,hotmail.com,jazzahalum@hotmail.com,0545054411,الصناعات التحويلية الأخرى,شقراء,
,,Hakol Al-Khaleej Factory for Gloves Industry,,gmail.com,saldohan4@gmail.com,0554424381,صنع منتجات المطاط والبلاستك,شقراء,
,,مصنع شركة   بوابة الامل  للمنتجات الغذائية,,hotmail.com,bwabt_al-aml@hotmail.com,0541888193,صناعة المنتجات الغذائية,شقراء,
,,مصنع شركة  كميت للأعمدة الخرسانية,,kfbgroup.com.sa,abdullah.alkhenaifer@kfbgroup.com.sa,0505424951,الصناعات التحويلية الأخرى,شقراء,
,,Fayyad Steel & Aluminum Industry Co. for Metal products,,yahoo.com,fayad_fc@yahoo.com,0507953509,صنع منتجات المعادن المشكلة، باستثناء الالات والمعدات,شقراء,
,,مصنع فهد محمد الصميت للأسمدة العضوية,,sumait.net,marketing@sumait.net,0505272631,الصناعات التحويلية الأخرى,شقراء,
,,Nou' El-Shark Factory for Re-refining Oils,,hotmail.com,ja_m2012@hotmail.com,0555555425,صنع فحم الكوك والمنتجات النفطية المكررة,شقراء,
,,مصنع وهج الزيوت,,gmail.com,oilsglare1437@gmail.com,0505472536,صنع فحم الكوك والمنتجات النفطية المكررة,شقراء,
,,Venus Arab diamond Products Marble Stone Factory,,hotmail.com,mha72011@hotmail.com,0504163030,صنع منتجات المعادن اللافلزية الأخرى,ضرما,
,,International Company Factory for Concrete Additives,,gmail.com,ahmad.o.alomran@gmail.com,+966555180994,صنع منتجات المعادن اللافلزية الأخرى,ضرما,
,,Baet Al-Lyawan Factory for Natural Stones,,yahoo.com,baetalliwan@yahoo.com,0532612211,صنع منتجات المعادن اللافلزية الأخرى,ضرما,
,,مصنع تكرير للمنتجات النفطية المكررة,,gmail.com,mssk416901@gmail.com,0505442433,صنع فحم الكوك والمنتجات النفطية المكررة,ضرما,
,,مصنع شركة  تقنية العالم لتعبئة الزيوت,,renaissance-force.com,fahd@renaissance-force.com,056675660,صنع المواد الكيميائية والمنتجات الكيميائية,ضرما,
,,مصنع شركة التكامل الانشائي لانتاج الرافعات,,hotmail.com,mamdoohf@hotmail.com,0555111851,صنع الالات والمعدات غير المصنفة في موضع اخر,ضرما,
,,"Meshaal Salman Al-Lehyani Factory for Natural Stone, Granite & Marble",,gmail.com,rwasy2010@gmail.com,0533122566,الصناعات التحويلية الأخرى,ضرما,
,,مصنع  الكاتب للاعلاف,,hotmail.com,sultan8046@hotmail.com,0553388046,صناعة المنتجات الغذائية,Arar,
,,مصنع أحمد مهيدي الشملاني لمنتجات البلاستيك,,outlook.sa,alshmlani2020@outlook.sa,0555573082,صنع المواد الكيميائية والمنتجات الكيميائية,Arar,
,,Al-Jazi Mohammed Furniture Factory,,hotmail.com,tktk.com@hotmail.com,0508330149,صنع الاثاث,Arar,
,,Al-Hazmy Factory for Plastic Industries,,yahoo.com,estalhazmi@yahoo.com,0506620544,صنع منتجات المطاط والبلاستك,Arar,
,,Hamed Saud Al-Otaibi Factory for Detergents and Disinfectants,,hotmail.com,ehab_m2000@hotmail.com,0555136884,صنع المواد الكيميائية والمنتجات الكيميائية,Arar,
,,مصنع خالد خليف العنزي للبلاستيك,,hotmail.com,wjod70@hotmail.com,0503387892,صنع منتجات المطاط والبلاستك,Arar,
,,Awatef Abdullah Al-Anzi Factory for Wood and Metal Products,,hotmail.com,alanezi3@hotmail.com,0505385587,صنع الخشب ومنتجات الخشب والفلين، باستثناء الاثاث؛ صنع اصناف من القش ومواد الضفر,Arar,
,,Aifan Mashi Al-Anzi Factory for Mineral Water,,hotmail.com,n2_j@hotmail.com,0503031205,صناعة المنتجات الغذائية,Arar,
,,مصنع محمد غياص هزيم الدهمشى للزجاج,,gmail.com,salah.kladeng@gmail.com,0550350919,الصناعات التحويلية الأخرى,Arar,
,,Madaen Alshamal Factory for Aluminium Products,,gmail.com,mdaeen@gmail.com,0505386607,صنع منتجات المعادن المشكلة، باستثناء الالات والمعدات,Arar,
,,Mazaya Elomr Factory for Alsekorit Glass,,hotmail.com,tham_511@hotmail.com,0555551136,صنع منتجات المعادن اللافلزية الأخرى,Arar,
,,Naqaa El-Shamal Factory for Medical & Indistrial Gases,,gmail.com,sir.assaf@gmail.com,0553803555,الصناعات التحويلية الأخرى,Arar,
,,مصنع هليل دهام العنزي للمنتجات المعدنية,,gmail.com,aldhamfactory@gmail.com,0506385788,صنع منتجات المعادن المشكلة، باستثناء الالات والمعدات,Arar,
,,دهانات وبلاستيك الخليج,,yahoo.com,gulf.p@yahoo.com,0535351011,أخرى,عسيـــر,
,,شركة سواند التنمية للصيانة والتشغيل,,yahoo.com,aziz_marae@yahoo.com,0504746030,صنع المعدات الكهربائية,عسيـــر,
,,Mohamed Ali Balebeid Factory for Sponge,,gmail.com,basamir380@gmail.com,0555621151,صنع منتجات المطاط والبلاستك,عسيـــر,
,,مصنع اعمال الرايف للالمنيوم,,gmail.com,saleh.ayidh@gmail.com,0500833378,صنع منتجات المعادن المشكلة، باستثناء الالات والمعدات,عسيـــر,
,,مصنع اعمال الغاز,,yahoo.com,bdhan2001@yahoo.com,0506555222,الصناعات التحويلية الأخرى,عسيـــر,
,,مصنع الحياة الأنيقة الصناعية,,gmail.com,mohammad.jfe@gmail.com,0500882329,صنع الورق ومنتجات الورق,عسيـــر,
,,مصنع الصدف العربي للمنتجات الورقية,,hotmail.com,badr_16@hotmail.com,0544445551,صنع منتجات المطاط والبلاستك,عسيـــر,
,,Abdullah Ali Al Qammash Factory for Wooden Furniture,,al-jazeerapaints.com,ayaseen@al-jazeerapaints.com,0503077823,صنع الاثاث,عسيـــر,
,,مصنع أنقى للبلاستيك,,hotmail.com,masoud6030@hotmail.com,0503065983,صنع المواد الكيميائية والمنتجات الكيميائية,عسيـــر,
,,مصنع أهل السراء للبلاستيك,,gmail.com,fahadanmar11@gmail.com,0536667084,صنع منتجات المطاط والبلاستك,عسيـــر,
,,مصنع ثلاجات الماسية للثلاجات والمكيفات,,hotmail.com,smkshm@hotmail.com,0505743306,صنع الالات والمعدات غير المصنفة في موضع اخر,عسيـــر,
,,مصنع حسين محمد الحسنيه لصناعة الاسفنج,,yahoo.com,hasaniahfoams@yahoo.com,0505611638,صنع منتجات المطاط والبلاستك,عسيـــر,
,,Diana Medical Factory,,diana-medical.com,general-director@diana-medical.com,0549127777,الصناعات التحويلية الأخرى,عسيـــر,
,,مصنع سعيد جارالله القحطاني للأسفنج,,yahoo.com,saed_2277@yahoo.com,0556999698,الصناعات التحويلية الأخرى,عسيـــر,
,,مصنع سليمان محمد القحطاني للاثاث الخشبي,,yahoo.com,hafez_salah@yahoo.com,0555333061,صنع الاثاث,عسيـــر,
,,Asas Hadid Factory for the Production of Metal Corners and Flat Bars,,yahoo.com,asas.steel@yahoo.com,0535353111,الصناعات التحويلية الأخرى,عسيـــر,
,,مصنع شركة افرى للاثاث,,yahoo.com,afraksa@yahoo.com,0546677920,صنع الاثاث,عسيـــر,
,,مصنع شركة تنمية الموارد الغذائية,,frd.com.sa,info@frd.com.sa,0567700006,صناعة المنتجات الغذائية,عسيـــر,
,,مصنع شركة دار التعدين,,daraltaadeen.com,abdullah.r@daraltaadeen.com,0566448489,صنع منتجات المعادن اللافلزية الأخرى,عسيـــر,
,,مصنع شركة عالم المعادن للمنتجات المعدنية,,hotmail.com,alharqi@hotmail.com,0555507830,صنع منتجات المعادن المشكلة، باستثناء الالات والمعدات,عسيـــر,
,,مصنع عالم البيطار للدهانات الحديثه,,hotmail.com,amer_bahes@hotmail.com,0555759979,صنع المواد الكيميائية والمنتجات الكيميائية,عسيـــر,
,,Gases World Trading Factory,,gmail.com,worldgasesksa@gmail.com,0500537740,صنع المواد الكيميائية والمنتجات الكيميائية,عسيـــر,
,,Abdullah Fahad Al-Qahtani Chemicals Factory,,hotmail.com,alimbrator@hotmail.com,0505283818,صنع منتجات المطاط والبلاستك,عسيـــر,
,,مصنع علي محمد القاضي للمفروشات والديكورات الخشبية,,hotmail.com,finaltouch5@hotmail.com,0505741720,صنع الاثاث,عسيـــر,
,,مصنع عناية الخليج لمستحضرات العناية الصحية والتجميلية,,gulfcarefactory.com,info@gulfcarefactory.com,0508011450,صنع المواد الكيميائية والمنتجات الكيميائية,عسيـــر,
,,Arar Furniture Factory,,hotmail.com,ahffmf@hotmail.com,0555011902,صنع الاثاث,عسيـــر,
,,Abdul Karim Mohamed Al-Ahmari Factory for Packing & Packaging Food Products,,gmail.com,aldharwa@gmail.com,0555952012,صناعة المنتجات الغذائية,عسيـــر,
,,Haley Factory for Wooden Furniture & Decor,,hotmail.com,alamir50@hotmail.com,0505750110,صنع الاثاث,عسيـــر,
,,مؤسسة سمبوسة الدار,,gmail.com,a.barkoot@gmail.com,0581342222,صناعة المنتجات الغذائية,عسيـــر,
,,National Factory for Manufacturing and Printing Nylon Bags,,gmail.com,arraddad@gmail.com,0555504676,صنع منتجات المطاط والبلاستك,Makkah,
,,المصنع الأول للمستلزمات الطبية,,alawalmedical.com,abdellatif@alawalmedical.com,0553306611,الصناعات التحويلية الأخرى,Makkah,
,,جمعية هدية الحاج والمعتمر الخيرية,,hajigift.com,osman@hajigift.com,0566040183,,Makkah,
,,Legam Al-Reeiada Company,,fitnesstime.com.sa,abdulmohsen@fitnesstime.com.sa,0555440043,أخرى,Makkah,
,,شركة مصنع عبدالعزيز و عبدالرحمن عمر سريجي للسخانات الكهربائية,,hotmail.com,a.binomar@hotmail.com,0555575510,,Makkah,
,,مصنع  عناصر الأرض الصناعية,,gmail.com,justanieah@gmail.com,0505513940,,Makkah,
,,مصنع ابراهيم عاتق اللحياني للمواد الغذائية,,yahoo.com,ibrahim_atiq@yahoo.com,0505506730,صناعة المنتجات الغذائية,Makkah,
,,مصنع الرافد الغذائي لإنتاج المواد الغذائية,,alemad.net,emad@alemad.net,00966505584441,صناعة المنتجات الغذائية,Makkah,
,,مصنع العربى السعودى للمنتجات البلاستيكية,,yahoo.com,amaadsaudia@yahoo.com,0505501986,صنع منتجات المطاط والبلاستك,Makkah,
,,مصنع ثج لتعبئة المياه,,gmail.com,quseear@gmail.com,0560010500,,Makkah,
,,مصنع جمال جميل حلواني للمنتجات الغذائية,,yahoo.com,ggahalawane@yahoo.com,0504132972,,Makkah,
,,مصنع ساعة الطواف - ساعات مكة المكرمة,,makkahwatches.com,info@makkahwatches.com,0550000098,,Makkah,
,,Saqr Al-Jazeera Factory for Air-conditioners and Refrigerators,,hotmail.com,jzfalcon@hotmail.com,0555500334,صنع المعدات الكهربائية,Makkah,
,,Mitch Sweets Factory,,hotmail.com,match_sweets@hotmail.com,0505504124,صناعة المنتجات الغذائية,Makkah,
,,Mitch Factory for Healthy Bottled Water,,hotmail.com,match_water@hotmail.com,0505504124,صنع المشروبات,Makkah,
,,Al Nahl Al-Jawal Trading Establishment,,hotmail.com,faiz58@hotmail.com,0503838777,صنع منتجات المطاط والبلاستك,Makkah,
,,Rakaiz Medical Treatment  Foundation,,rakaiz.com,info@rakaiz.com,0562227335,صنع المنتجات الصيدلانية,Makkah,
,,Mohamed Ahmed Al-Hazmi Trading Est. (Health Center),,hotmail.com,alhazmi.est@hotmail.com,0555506602,أخرى,Makkah,
,,مصنع  رواصف البناء للمنتجات الاسمنتيه,,hotmail.com,staaar222@hotmail.com,0596316666,صنع منتجات المعادن اللافلزية الأخرى,Najran,
,,مصنع زين للدائن,,hotmail.com,aaabawazeer@hotmail.com,0555724588,صنع منتجات المطاط والبلاستك,Najran,
,,مصنع شركة دايل مهدي دايل واولاده للبلوك والخرسانة الجاهزة,,gmail.com,alaa4808@gmail.com,0533429999,صنع منتجات المعادن اللافلزية الأخرى,Najran,
,,Star World Factory for Plastic Industries,,national-solar.net,almureeh@national-solar.net,0555034390,صنع منتجات المطاط والبلاستك,Najran,
,,مصنع على صالح آل دغرير للعصيرات,,gmail.com,alburaqcco@gmail.com,0544750090,صنع المشروبات,Najran,
,,مصنع فوزي صالح النجراني للخرسانة الجاهزة و المنتجات الاسمنتية,,hotmail.com,ibraheems@hotmail.com,0565686559,صنع منتجات المعادن اللافلزية الأخرى,Najran,
,,مصنع مياه اكسترا,,hotmail.com,aaabawazeer@hotmail.com,0599837171,صناعة المنتجات الغذائية,Najran,
,,مصنع وليد عبدالله ال نبزه للثلج,,gmail.com,alaa4808@gmail.com,0552541555,الصناعات التحويلية الأخرى,Najran,
,,مخبز و حلويات خبازي,,yahoo.com,mulhim400@yahoo.com,0505922327,صناعة المنتجات الغذائية,Al Ahsa,
,,مصنع لين لتصنيع السجاد,,gmail.com,alaa.bukhamseen@gmail.com,0555559989,صنع المنسوجات,Al Ahsa,
,,مؤسسة مشالح الأحساء التجاريه,,yahoo.com,ali.qattan@yahoo.com,0505916228,صنع الملبوسات,Al Ahsa,
,,شركة جدارة للاستقدام,,jaddarah.com,asq@jaddarah.com,0559902333,,وعد الشمال,
,,McCain Factory for Cranes,,gmail.com,makeencranes@gmail.com,0544696969,صنع الالات والمعدات غير المصنفة في موضع اخر,Al Kharj,
,,Abdullah Hashim Company for Equipment and Industrial Gases,,cr.ahg.com.sa,salehhamedmadhi@cr.ahg.com.sa,0505699123,صنع المواد الكيميائية والمنتجات الكيميائية,Riyadh,
,,Al-Fadaghi Industrial  Company Complex,,alfaddahgi.com,info@alfaddahgi.com,0555224242,الصناعات التحويلية الأخرى,Riyadh,
,,Al-Babtain Boiler and Laundry Equipment Factory,,abeico.com.sa,hrm@abeico.com.sa,0544902088,صنع منتجات المعادن المشكلة، باستثناء الالات والمعدات,Riyadh,
,,Al-Kheyoul Factory for Safety Equipment,,khiyoll.com,khiyoll.branch@khiyoll.com,0505155668,صنع الالات والمعدات غير المصنفة في موضع اخر,Riyadh,
,,Khuzam Al-Dir'iya Iron Industries and Safety Equipment Co. Factory,,albayn.com.sa,khalid@albayn.com.sa,0565577406,صنع منتجات المعادن المشكلة، باستثناء الالات والمعدات,Riyadh,
,,Cranes Riyadh Factory for Workshops and Crafts Equipment,,shabakah.net.sa,ambse@shabakah.net.sa,0503434447,صنع منتجات المعادن المشكلة، باستثناء الالات والمعدات,Riyadh,
,,Saudi German Brake Manufacturing Co. td.,,sgbrake.com,info@sgbrake.com,0505600534,صنع الالات والمعدات غير المصنفة في موضع اخر,Jeddah,
,,Saudi Valves Manufacturing Co. Ltd. (SVM),,avksvmc.com,zahid@avksvmc.com,0505146278,صنع الالات والمعدات غير المصنفة في موضع اخر,Jeddah,
,,United Spare Parts Co.,,usp.com.sa,usp@usp.com.sa,0535385129,صنع الالات والمعدات غير المصنفة في موضع اخر,Jeddah,
,,National Iron and Steel Manufacturing Company Factory,,rem.sa,hr1@rem.sa,0503688193,الصناعات التحويلية الأخرى,Jeddah,
,,Hydraulic City Factory for Cylinders & Hydraulic Products,,hydraulic-city.com,al-ruhaimi@hydraulic-city.com,0556095682,صنع الالات والمعدات غير المصنفة في موضع اخر,Jeddah,
,,"Branch of Zoltic Engineering Industries Co., Ltd.",,zultec.com,mahmood@zultec.com,0506864404,صنع الالات والمعدات غير المصنفة في موضع اخر,Jeddah,
,,Raghad Al-Eid Factory for Safety & Fire Equipment,,gmail.com,raghdest@gmail.com,0555683283,صنع الالات والمعدات غير المصنفة في موضع اخر,Jeddah,
,,Zaud International Co. Factory for the Production of CrushersSpare Parts & Accessories,,yahoo.cm,zoad_crushers@yahoo.cm,0509306225,صنع الالات والمعدات غير المصنفة في موضع اخر,Jeddah,
,,Mazaya International CompanyFactory for Machinery and Equipment,,hotmail.com,mazaya.factory@hotmail.com,0505668836,صنع الالات والمعدات غير المصنفة في موضع اخر,Jeddah,
,,Omar Mansour Al-Sharif Gears Factory,,yahoo.com,omar_alsreef@yahoo.com,0507012878,الصناعات التحويلية الأخرى,Jeddah,
,,Waseem Ahmed Hamdi Feroun Factory for Insulation & Cooling,,al-ameen.com.sa,wpf@al-ameen.com.sa,0555458701,صنع الالات والمعدات غير المصنفة في موضع اخر,Jeddah,
,,Summit Equipment Factory,,alqimma.com,info@alqimma.com,0556510006,صنع الالات والمعدات غير المصنفة في موضع اخر,Jeddah,
,,Kahf Al-Sharq Factory for Trucks & Trailers,,ks-te.com,ahmad@ks-te.com,0555585310,صنع الالات والمعدات غير المصنفة في موضع اخر,Hail,
,,Sabk Co. Factory for Industrial Equipment,,miic.com.sa,mashan@miic.com.sa,0502665558,صنع الالات والمعدات غير المصنفة في موضع اخر,سدير,
,,Mada Alhaya Factory for Air-conditioners & Refrigerators,,hotmail.com,mashari_ksa@hotmail.com,0505404395,صنع الالات والمعدات غير المصنفة في موضع اخر,سدير,
,,Khalid Faisal Bin Muammar Factory for Air Curtains,,yahoo.com,samjin_kbm@yahoo.com,0505426707,صنع الالات والمعدات غير المصنفة في موضع اخر,شقراء,
,,Bakhsh Factory for Automobile Engines Spare Parts,,hotmail.com,bakhshfactory@hotmail.com,0505657057,صنع الالات والمعدات غير المصنفة في موضع اخر,Makkah,
,,Jamil Ghulam Bakhsh Factory for Diesel Engines and Pumps,,hotmail.com,jamil_bakhsh_5411@hotmail.com,0500208888,صنع الالات والمعدات غير المصنفة في موضع اخر,Makkah,
,,United Carton Industries Company Factory / Riyadh Branch,,ucic.com.sa,noman@ucic.com.sa,0507704182,صنع الورق ومنتجات الورق,Al Kharj,
,,Alpha Paper Industries Factory,,gmail.com,edarah1881@gmail.com,0505995666,صنع الورق ومنتجات الورق,Al Kharj,
,,Khalil Ibrahim Khaled Al-mahwoos Cardboard Factory,,hotmail.com,k.almohawis@hotmail.com,0503207241,صنع الورق ومنتجات الورق,Al Kharj,
,,Qalat Al-Waraq Factory for Paper Products,,hotmail.com,saad-k444@hotmail.com,0504408157,صنع الورق ومنتجات الورق,Al Kharj,
,,Midan El-Masharia Factory for Polygon Cardboard,,hotmail.com,n_co2014@hotmail.com,0547043568,صنع الورق ومنتجات الورق,Al Kharj,
,,Olayan Kimberly-Clark Saudi Co. Ltd.,,kcc.com,hani.alhamadah@kcc.com,0542714845,صنع الورق ومنتجات الورق,Dammam,
,,Sanitary Paper Co. Ltd. - Fine,,nuqulgroup.com.sa,yac62@nuqulgroup.com.sa,0560722992,صنع الورق ومنتجات الورق,Riyadh,
,,Al Sharq Paper & Plastic Factories,,alshary.com,fahad@alshary.com,0501270000,صنع منتجات المطاط والبلاستك,Riyadh,
,,Arabian Paper Products Company (APPCO),,yahoo.com,barakah2011@yahoo.com,0566655500,صنع الورق ومنتجات الورق,Riyadh,
,,Carton Products Co.,,sadcogroup.com,awad@sadcogroup.com,0545199652,صنع الورق ومنتجات الورق,Riyadh,
,,Al-Nakheel Paper Products Co. Ltd.,,alkhorayef.com,mamash@alkhorayef.com,0505487653,صنع الورق ومنتجات الورق,Riyadh,
,,Saudi  Heluozed Factory for Sensitized  Paper,,heliozid.com,youssefghattas@heliozid.com,0505270359,صنع الورق ومنتجات الورق,Riyadh,
,,Al-Jazira Factory for Household Utensils,,hotmail.com,a0505448817@hotmail.com,0505448817,صنع منتجات المعادن المشكلة، باستثناء الالات والمعدات,Riyadh,
,,Al-Raba National Factory for Computer Model Papers,,daralakl.com,info@daralakl.com,0504200407,صنع الورق ومنتجات الورق,Riyadh,
,,Riyadh Carton,,wataniaind.com,mghamdi@wataniaind.com,0555234544,صنع الورق ومنتجات الورق,Riyadh,
,,Zahra  Paper Products Factory,,hotmail.com,zahra_hygieni@hotmail.com,0505474457,صنع الورق ومنتجات الورق,Riyadh,
,,Al-Fayhaa Leather Products and Printing Paper Factory,,alfayhaa.com.sa,alipro@alfayhaa.com.sa,0542377772,صنع الورق ومنتجات الورق,Riyadh,
,,Dar Dibaj Factory Co. for Paper Products,,ftinco.com,dibaj2017@ftinco.com,0553570174,صنع الورق ومنتجات الورق,Qassim,
,,Al-Maali Tissue Factory,,hotmail.com,mnadelalmaaly@hotmail.com,0503935233,صنع الورق ومنتجات الورق,Qassim,
,,Al-Bayrak Cartoon Products Factory,,gmail.com,mmutlak@gmail.com,0505618197,صنع الورق ومنتجات الورق,Medina,
,,Khaled Abdel Wahab Al-Dakhil Factory for Paper and Carton Recycling,,live.com,abu_walid@live.com,0555308799,صنع الورق ومنتجات الورق,Medina,
,,Almas Tissues Factory for Scented Tissues,,windowslive.com,al_mass@windowslive.com,0561444755,صنع الورق ومنتجات الورق,Medina,
,,Al-Nokhba Al-Ordoniya Company for Carton Industry,,jefci.com,majdi@jefci.com,0535070731,صنع الورق ومنتجات الورق,Tabuk,
,,Tasis Al-Shamal Co. Factory for Tissue Papers,,hotmail.com,taass2000@hotmail.com,0559077792,صنع الورق ومنتجات الورق,Tabuk,
,,Salem Ahmed Bassahi Factory for Carboard Industry,,gmail.com,eng.abasohai@gmail.com,0565600475,صنع الورق ومنتجات الورق,Jazan,
,,Saudi Paper Processing Company,,simpex.com.sa,jeddah@simpex.com.sa,0503662281,صنع الورق ومنتجات الورق,Jeddah,
,,Bahamdin for Commerce and Industry (Paper Bags Factory),,yahoo.com,bahamdain-co@yahoo.com,0505692731,صنع الورق ومنتجات الورق,Jeddah,
,,National Paper Products Co.,,napcogroup.com,npcljeddah@napcogroup.com,0555597564,صنع الورق ومنتجات الورق,Jeddah,
,,Saudi Carton Factory Co.,,ucic.com.sa,info@ucic.com.sa,0505699065,الصناعات التحويلية الأخرى,Jeddah,
,,International Paper Industries Factory,,zaben.com,ipi@zaben.com,0505316477,صنع الورق ومنتجات الورق,Jeddah,
,,Jeddah Paper Bags Factory,,alkholani.com.sa,jf@alkholani.com.sa,0505627566,صنع الورق ومنتجات الورق,Jeddah,
,,National Industry Company Factory (Al-Waraqia) (Establishment Code: 151519),,wataniaind.com,bandar.m@wataniaind.com,0503491467,صنع الورق ومنتجات الورق,Jeddah,
,,Al-Faris Al-Aseel Tissue Paper Factory,,yahoo.com,faris_factory@yahoo.com,0505741300,صنع الورق ومنتجات الورق,Jeddah,
,,Al-Mallah Modern Factory for Consumer Products,,gmail.com,gooood81@gmail.com,0565556444,صنع الورق ومنتجات الورق,Jeddah,
,,Okaz Al-Oula Packaging Co.,,yahoo.com,alcatan416@yahoo.com,0568333888,صنع الورق ومنتجات الورق,Jeddah,
,,Methal Jeddah Factory for Consumable Products,,gmail.com,metahaljeddah@gmail.com,0556603003,صنع الورق ومنتجات الورق,Jeddah,
,,Mohamed Abdullah Humaidan Factory for Adhesive Tapes and Papers Products,,yahoo.com,offsetalsalam@yahoo.com,0567379541,صنع الورق ومنتجات الورق,Jeddah,
,,Al-Maali Tissue Factory,,hotmail.com,mnadelalmaaly@hotmail.com,00966580002480,صنع الورق ومنتجات الورق,Jeddah,
,,Mona Abdullah Al-Amoudi Factory for Paper Industries,,hotmail.com,m.e.d.o.a@hotmail.com,0504636396,صنع الورق ومنتجات الورق,Jeddah,
,,Packaging Systems Factory for bags and paper containers,,yahoo.com,abunwaf999@yahoo.com,0506653635,صنع الورق ومنتجات الورق,Jeddah,
,,"Hadeel Factory for Stationery, Cardboard & Interconnected Paper",,gmail.com,hadeelpack@gmail.com,0503652552,صنع الورق ومنتجات الورق,Jeddah,
,,Branch of Matheel Al-Nogoum Industrial Group,,gmail.com,ceo.mngsa@gmail.com,0505649909,صنع الورق ومنتجات الورق,Jeddah,
,,Jeddah National Paper Products Co. Factory,,yahoo.com,ha_co2001@yahoo.com,0504663800,صنع الورق ومنتجات الورق,Jeddah,
,,Hail Factory for Carton and Paper,,ymail.com,sqahtani@ymail.com,0580066664,صنع الورق ومنتجات الورق,Hail,
,,مصنع عبدالله جارالله الصوينع للكرتون,,hotmail.com,a6363@hotmail.com,0505156364,ورق ومنتجاته وطباعة ونشر,Hail,
,,Khalaf Sayer Al-Otaibi Factory for Paper and Plastic Products,,hotmail.com,yes-700@hotmail.com,0551981866,صنع الورق ومنتجات الورق,حفر الباطن,
,,Al-Nojoom Al-Motahada Printing and Packaging Factory,,hotmail.com,sunset.stars@hotmail.com,0504458095,الطباعة,سدير,
,,Joda Al-Taghlif  Factory for Paper and Aluminum Industries,,hotmail.com,al-subait@hotmail.com,0509999111,صنع الورق ومنتجات الورق,سدير,
,,Sahm Factory for Papers and Aluminium,,saudi.net.sa,ampco@saudi.net.sa,0505466636,صنع الورق ومنتجات الورق,سدير,
,,Sahm Factory for Papers and Aluminium,,saudi.net.sa,ampco@saudi.net.sa,0505466636,صنع الورق ومنتجات الورق,سدير,
,,Al-Mamar Al-Dahabi Carton Co. Factory,,hotmail.com,a999a999@hotmail.com,0554889922,صنع الورق ومنتجات الورق,سدير,
,,Naif Fahd Al Daoud factory for the Manufacture of Paper and Cardboard,,hotmail.com,dododando886@hotmail.com,0501000550,صنع الورق ومنتجات الورق,سدير,
,,Weaa Al-Waraq Factory for Paper Products,,gmail.com,oalmofeez@gmail.com,0505700542,صنع الورق ومنتجات الورق,سدير,
,,Hanouf Al-Jezira for Paper,,yahoo.com,hanof_aljazeera@yahoo.com,0569997181,صنع الورق ومنتجات الورق,سدير,
,,Saeed Ali Al-Hajri Factory For Tissue Paper,,yahoo.com,faris_factort@yahoo.com,0505741300,صنع الورق ومنتجات الورق,عسيـــر,
,,Manar Al-Wod for Cardboard and Plastic,,hotmail.com,alwud_press@hotmail.com,0505741365,غير محدد,عسيـــر,
,,Al-Nour Modern Factory For Adhesive Pulleys And Paper,,ennoor.com,info@ennoor.com,0556552003,صنع الورق ومنتجات الورق,Makkah,
,,Bawazir Factory for Sanitary  Tampons and Paper Napkins,,bdmco.com.sa,bawazeer.omar@bdmco.com.sa,0505508113,صنع الورق ومنتجات الورق,Makkah,
,,AlBandariyah,,,,,,Saudi Arabia,
,,Lamar,,,,,,Saudi Arabia,
,,AlRahdan,,,,,,Saudi Arabia,
,,Wataniyah,,,,,,Saudi Arabia,
,,مصنع شركة عبر الخليج للانظمة الصناعية,,pgisystem.com,amg@pgisystem.com,0541033873,صنع منتجات المعادن المشكلة، باستثناء الالات والمعدات,Dammam,
,,مصنع شركة جوتن السعودية المحدودة للدهانات,,jotun.com,mohamed.alsaiary@jotun.com,0555555665,صنع المواد الكيميائية والمنتجات الكيميائية,عسيـــر,
,,Mohamed Matrouk Al-Mansour Factory for Cement Products,,acbcsaudia.com,mohammed@acbcsaudia.com,0505301213,صنع منتجات المعادن اللافلزية الأخرى,Medina,
,,Abdulaziz Mohamed Al-Ahmadi Water Factory,,hotmail.com,abdulaziz_alahmadi@hotmail.com,0537000707,صنع المشروبات,Medina,
,,Arabian Nights Foundation,,jundi.com.sa,j.jundi@jundi.com.sa,0556613242,الصناعات التحويلية الأخرى,Jeddah,
,,الشركة العربية للتعهدات الفنية,,alkhereijigroup.com,info@alkhereijigroup.com,0504550297,صنع منتجات المطاط والبلاستك,الادارة العامة,
,,Gulf Cryo Industrial Gases Company Ltd.,,gulfcryo.com,gcsaudi@gulfcryo.com,0550223158,صنع المواد الكيميائية والمنتجات الكيميائية,Dammam,
,,الخبر المتقدمة للخدمات المساندة,,hotmail.com,n@hotmail.com,0556001188,,Dammam,
,,Al-Yarmouk Al-Sharqiya Wooden Platforms Factory,,hotmail.com,m_a_shami@hotmail.com,0555848452,صنع الخشب ومنتجات الخشب والفلين، باستثناء الاثاث؛ صنع اصناف من القش ومواد الضفر,Dammam,
,,مصنع معاذ عبدالله الخنيني لدرفلة الحديد,,yahoo.com,aaaa4x4@yahoo.com,0505859737,صنع منتجات المعادن اللافلزية الأخرى,Dammam,
,,موسسة مواد الحفر التجارية,,gmail.com,ahmed.s.alali@gmail.com,0505803467,صنع المواد الكيميائية والمنتجات الكيميائية,Dammam,
,,الشركة السعودية للكهرباء,,se.com.sa,aakhojah@se.com.sa,0504584676,,Riyadh,
,,بريد منطقة الرياض,,sp.com.sa,rcs@sp.com.sa,0504488228,أخرى,Riyadh,
,,شركة الربيع السعودية للاغذية,,alrabie.com,grm@alrabie.com,0504405214,,Riyadh,
,,شركة الرياض لدرفلة الحديد,,yahoo.com,yassergoweda@yahoo.com,0505240549,,Riyadh,
,,شركة الشرق للصناعات البلاستيكية,,savola.com,ronazi@savola.com,0501627177,,Riyadh,
,,شركة فيتونيت السعودية - سافيتو,,saudivetonit.com,ramiishak@saudivetonit.com,0558889396,,Riyadh,
,,شركة فيتونيت السعودية المحدودة - سافيتو,,saudivetonit.com,ramiishak@saudivetonit.com,0559522271,,Riyadh,
,,شركة مصنع أحمد محمد بخاري وشريكه للوسائد والشراشف,,yahoo.com,ama_bukhari@yahoo.com,0504494875,,Riyadh,
,,صافية لمياه الشرب المعبأة,,safiawater.com,rb@safiawater.com,0505473143,,Riyadh,
,,فرع مصنع جبريل للهناجر والصناعات المعدنية,,jibreelfactores.com,rami@jibreelfactores.com,0547044447,صنع الفلزات القاعدية,Riyadh,
,,مصانع الشرق للتغليف,,alsharg-pl.com.sa,pr@alsharg-pl.com.sa,0545026109,,Riyadh,
,,مصنع الرياض لبرادات الماء ( الكوثر ),,hotmail.com,abdol@hotmail.com,0551310353,,Riyadh,
,,مصنع الفنار للأنظمه الكهربائية,,alfanar.com,ahmad.almadani@alfanar.com,0505400194,,Riyadh,
,,مصنع المسبك الوطني لقطع غيار المضخات الزراعية,,hotmail.com,waleed.nff@hotmail.com,0505475969,,Riyadh,
,,مصنع الوطن للأثاث الخشبي والمعدني ويرادات المياه,,alwatanfac.com.sa,alwatan@alwatanfac.com.sa,0505401247,,Riyadh,
,,مصنع بترول العالم للمنظفات,,petro-glope.com,yousef_alwahaibi@petro-glope.com,0554455119,صنع المواد الكيميائية والمنتجات الكيميائية,Riyadh,
,,مصنع بلاستيك الوطنية,,wataniaind.com,gs-razak@wataniaind.com,0504818829,,Riyadh,
,,مصنع خلدون للأثاث المعدني,,khaldoon.com.sa,ali.obt@khaldoon.com.sa,0505479526,,Riyadh,
,,مصنع منتجات التغليف,,ppcksa.com,y.alkheliwi@ppcksa.com,0505803771,,Riyadh,
,,مصنع وردة المشرق للاغذية,,wardatalmashreq.com,info@wardatalmashreq.com,0503299737,,Riyadh,
,,مقهى مرفأ القهوة,,000000000.com,00000@000000000.com,0555202393,أخرى,Riyadh,
,,الشركة السعودية الألمانية لمنتجات الألمونيوم (سقابكو),,sgapco.com,monther@sgapco.com,0560006044,,Jeddah,
,,الشركة السعودية للأسقف المعدنية المحدودة,,smcinteriors.com,zsiklawi@smcinteriors.com,0555462414,,Jeddah,
,,الشركة الصناعية للأرفف العالمية,,arcoma.com,al.khashib@arcoma.com,0503627794,,Jeddah,
,,المصنع العالمي المتطور لزيوت التشحيم,,gmail.com,unilubesa@gmail.com,0555644917,,Jeddah,
,,المكتب التعاوني للدعوة و الارشاد,,yahoo.com,aboaliatta_dc@yahoo.com,0505771008,أخرى,Jeddah,
,,شركة المخابز الغربية المحدودة,,almarai.com,fahad.wajeeh@almarai.com,0504301826,,Jeddah,
,,مصنع البقمي لكربونات الكالسيوم,,gmail.com,alboqmi660@gmail.com,0555540130,,Jeddah,
,,مصنع الدهلوي للنظارات,,dehlawi.com,link@dehlawi.com,0566550505,,Jeddah,
,,مصنع بابطين للحلويات والشكولاتة,,babatin.com,omar@babatin.com,0505605451,,Jeddah,
,,مصنع باعامر للكهرباء,,baamerelectric.com,hr@baamerelectric.com,0555595675,صنع منتجات المعادن المشكلة، باستثناء الالات والمعدات,Jeddah,
,,مصنع ماسا العربية لإنتاج ألواح الالمنيوم,,hotmail.com,arabianmasa@hotmail.com,0505614547,,Jeddah,
,,مطعم وسوبرماركت الحنايا,,bioglass.com.sa,hamed@bioglass.com.sa,0555663599,أخرى,Jeddah,
,,مصنع مملكة الحلويات والشوكولاته والسكاكر والبسكويت,,,,,,Saudi Arabia,
,,مصنع خليفة خليفة الهاشل للأسلاك الكهربائية,,,,,,Saudi Arabia,
,,مصنع أسس الحديثة للمصاعد,,,,,,Saudi Arabia,
,,مصنع عبدالله محمد حمدي للبلوك,,,,,,Saudi Arabia,
,,مصنع عبدالعزيز علي الملحم للمناديل والكرتون,,,,,,Saudi Arabia,
,,مصنع نطاقات الشرق الأوسط للبلوك والخرسانة الجاهزة,,,,,,Saudi Arabia,
,,مصنع سامي  محمد مصطفى ابو غانم للبلاستيك,,,,,,Saudi Arabia,
,,مصنع/ محمد حمد صالح المقبل للثلاجات والبرادات,,,,,,Saudi Arabia,
,,مصنع المسكن المتكامل للمنتجات الخشبية,,,,,,Saudi Arabia,
,,شركة مكتب الكمال للأستيراد المحدوده,,,,,,Saudi Arabia,
,,مصنع بأس المعادن للحديد,,,,,,Saudi Arabia,
,,مصنع متحد حائل للعزل الحراري ومنتجات البولسترين,,,,,,Saudi Arabia,
,,"Atyaf Al-Nojoom Factory for Marble, Granite, Natural and Artificial Stones",,,,,,Saudi Arabia,
,,مصنع شركة السبك المعدني المحدودة,,,,,,Saudi Arabia,
,,Maz Co. Factory for Cement Products,,,,,,Saudi Arabia,
,,مصنع شركة اللدائن التحويليه للمنتجات البلاستيكية,,,,,,Saudi Arabia,
,,Fajr Al-Benaa Co. Factory for Ready-mix Concrete,,,,,,Saudi Arabia,
,,مصنع اطياف الشرق للسوائل الصناعيه,,,,,,Saudi Arabia,
,,مصنع صالح مانع ال منصور للمنتجات الاسمنية والخرسانة,,,,,,Saudi Arabia,
,,مصنع شركة الأومير  للخرسانة الجاهزة,,,,,,Saudi Arabia,
,,مصنع شركة الأعمال الإقليمية المحدودة لمعالجة النفايات النفطية,,,,,,Saudi Arabia,
,,Etihad Al-Sadara Co. Factory for Cement Products,,,,,,Saudi Arabia,
,,مصنع السعوديه للصخور لصاحبه عمر عبدالله الفواز,,,,,,Saudi Arabia,
,,Factory of Mada Gypsum Company Limited Branch,,,,,,Saudi Arabia,
,,Asas Decor Factory for Cement Products and Panels,,,,,,Saudi Arabia,
,,شركة مصنع دائرة الشمل للتصنيع المعدني,,,,,,Saudi Arabia,
,,مصنع الجودة المتقدمة للتصنيع,,,,,,Saudi Arabia,
,,Lamar Iron Factory Co.,,,,,,Saudi Arabia,
,,Oil Technology Factory,,,,,,Saudi Arabia,
,,Abboud Banasser Factory for Concrete and Marble Decorations,,,,,,Saudi Arabia,
,,Kian Tabouk Factory for Glue and Insulator Products,,,,,,Saudi Arabia,
,,Modern Technology Factory for Industry,,,,,,Saudi Arabia,
,,Al-Mostakshif Al-Khaleji Factory for Metal Works,,,,,,Saudi Arabia,
,,Mohamed Abdul Rahman Al-Sheikh for Stone and Marble Formation,,,,,,Saudi Arabia,
,,Sami Ahmed Balbaid Factory for Oils Refinery and Cars Liquids,,,,,,Saudi Arabia,
,,مصنع حجر الشرق للرخام والجرانيت والحجر,,,,,,Saudi Arabia,
,,مصنع شركة نور الطاقة الكهربائية المحدودة,,,,,,Saudi Arabia,
,,مصنع كيان الظهران للزيوت الصناعيه,,,,,,Saudi Arabia,
,,A'amal Al Arif Co. Factory for Oils,,,,,,Saudi Arabia,
,,Mohamed Saleh Almadodi Factory for Cement Products,,,,,,Saudi Arabia,
,,Saleh Abdullah Al-Oda Factory for Medical Products,,,,,,Saudi Arabia,
,,Abdullah Amer Al-Fahmi Factory for Wood Industries,,,,,,Saudi Arabia,
,,Al-Jeathen Plastic Factory,,,,,,Saudi Arabia,
,,Abdul Aziz Saad Al-Anzi Wipes Factory,,,,,,Saudi Arabia,
,,مصنع مصفاة تلال لتدوير النفايات,,,,,,Saudi Arabia,
,,Ahmed Salem Al-Zahrani for Readymix Concrete,,,,,,Saudi Arabia,
,,مصنع شركة الفالوده الحديثه الهندسيه,,,,,,Saudi Arabia,
,,مصنع دقة الانتاج لاعادة تكرير زيوت التشحيم,,,,,,Saudi Arabia,
,,مصنع شركة الصلابة السعودية للصناعة الحديدية,,,,,,Saudi Arabia,
,,Al-Ahdaf Al-Watania Factory Ltd. for Oils and Greases,,,,,,Saudi Arabia,
,,مصنع وهيب بن محمدياسين قرشي للمنتجات الأسمنتية,,,,,,Saudi Arabia,
,,Manaret Al-Mamlaka Factory for Chemicals,,,,,,Saudi Arabia,
,,مصنع  علي بن حسين المطيري للمنتجات الغذائية,,,,,,Saudi Arabia,
,,مصنع العاليات للصناعات المعدنية,,,,,,Saudi Arabia,
,,مصنع ابراهيم سالم الهويدي   للفحم,,,,,,Saudi Arabia,
,,مصنع الخليج للفيبرجلاس والولي ايثلين,,,,,,Saudi Arabia,
,,Raz Co. Factory for Iron Products,,,,,,Saudi Arabia,
,,مصنع شركة أزر البترولية,,,,,,Saudi Arabia,
,,مصنع الصياصي للفحم الصناعي,,,,,,Saudi Arabia,
,,Zahret Al-Waha Cardboard Factory,,,,,,Saudi Arabia,
,,مصنع كستيرو للمعادن,,,,,,Saudi Arabia,
,,Abdullah Nafil Al-Harbi Factory for Plastic Pipes,,,,,,Saudi Arabia,
,,Sama Al-Reda Agriculture Factory,,,,,,Saudi Arabia,
,,ORCA Factory for Wooden Doors and Products,,,,,,Saudi Arabia,
,,مصنع شركة عطورات الفخر,,,,,,Saudi Arabia,
,,مصنع اسنى للراتينجات,,,,,,Saudi Arabia,
,,الشركة العربية لخدمات الانترنت والاتصالات(أول),,,,,,Saudi Arabia,
,,Abdullah Abdul Mohsen Al-Khodari Co. Factory for Concrete Industries,,,,,,Saudi Arabia,
,,القصيم الثانية,,,,,,Saudi Arabia,
,,شركة السلام الدولية المحدودة,,,,,,Saudi Arabia,
,,Riyadh Aluminium Plant,,,,,,Saudi Arabia,
,,مصنع المهيدب للصناعات الغذائية,,,,,,Saudi Arabia,
,,ORCA Factory for Metal Doors and Products,,,,,,Saudi Arabia,
,,مصنع شواهد البناء  للتحكم الصناعي,,,,,,Saudi Arabia,
,,مصنع ناصر سالم مهدى المهرى,,,,,,Saudi Arabia,
,,مصنع اسلاك اللحام السعودية,,,,,,Saudi Arabia,
,,مصنع شركة الفيحاء الدولية لتدوير المعادن,,,,,,Saudi Arabia,
,,شركة مصنع الشرق للأدوية,,,,,,Saudi Arabia,
,,Al-Dara Al-Arabia Factory for Drums,,,,,,Saudi Arabia,
,,مصنع ايلاف المتقدم للتدوير للمعادن,,,,,,Saudi Arabia,
,,مصنع محمد سالم أبو ساق لألواح الطاقة الشمسية,,,,,,Saudi Arabia,
,,مصنع الصفائح النحاسية,,,,,,Saudi Arabia,
,,مصنع رجاء خليل ابو طعيمه لأنتاج الاعلاف,,,,,,Saudi Arabia,
,,مؤسسة المنزل الجاهز للمقاولات,,,,,,Saudi Arabia,
,,مصنع ثروات الجزيرة للخامات الصناعية,,,,,,Saudi Arabia,
,,مصنع الزيتونة الشمالية للصناعات الغذائية,,,,,,Saudi Arabia,
,,مصنع الاضاءة الحديثة,,,,,,Saudi Arabia,
,,مصنع واجهة بيتي للمنتجات البلاستيكية,,,,,,Saudi Arabia,
,,مصنع شركة المعايير الوطنية لانتاج الفحم,,,,,,Saudi Arabia,
,,مصنع هيثم علي عبدالعزيز الشمري لالياف البوليستر,,,,,,Saudi Arabia,
,,مصنع محمد اكبر شريف للبوليستر,,,,,,Saudi Arabia,
,,Mashakkat Textiles Co. Factory,,,,,,Saudi Arabia,
,,Al-Jawhara Al-Raida Detergents Factory,,,,,,Saudi Arabia,
,,مصنع محمد عثمان الشيخي للعوازل الاسفلتيه,,,,,,Saudi Arabia,
,,مصنع ابراهيم ظفير عبدالله الشهراني,,,,,,Saudi Arabia,
,,Nou Factory for the Manufacture of Smart Electronic Electric Meters,,,,,,Saudi Arabia,
,,Foz Plastic Products Factory,,,,,,Saudi Arabia,
,,Zain Advanced Metal Industries Factory,,,,,,Saudi Arabia,
,,مصنع أغلى عطور للتصنيع,,,,,,Saudi Arabia,
,,مصنع ماجد الدلبحي للمنتجات الاسمنتيه,,,,,,Saudi Arabia,
,,Al-Emberator International Company Factory for Iron and Aluminium,,,,,,Saudi Arabia,
,,مصنع شركة العادل العالميه للحديد,,,,,,Saudi Arabia,
,,مصنع شركة رذاذ الفا  للمنظفات والمطهرات والملمعات,,,,,,Saudi Arabia,
,,Mohamed Mukim Ali Factory for Iron Works,,,,,,Saudi Arabia,
,,Chaydat Al-Benaa Factory for Re-refining Used Oils,,,,,,Saudi Arabia,
,,مصنع سحر الألوان للحجر والرخام,,,,,,Saudi Arabia,
,,مصنع سعد سعيد الزهرانى للبلوك والانترلوك,,,,,,Saudi Arabia,
,,مصنع شركة العملاق للحديد والصلب,,,,,,Saudi Arabia,
,,Bidayat Al-Khaleej Factory company for petroleum industries,,,,,,Saudi Arabia,
,,مصنع نوء الشرق لاعادة تكرير الزيوت,,,,,,Saudi Arabia,
,,Al-Sultan Stone and Marble Factory,,,,,,Saudi Arabia,
,,Ahmed Ibn Khalid Al-Haj Factory for Food Products,,,,,,Saudi Arabia,
,,مصنع دالا للمياه,,,,,,Saudi Arabia,
,,Namaa Medical Factory for medicines,,,,,,Saudi Arabia,
,,Benyat Al-Benaa Factory for Plastic Pipes,,,,,,Saudi Arabia,
,,مصنع عيدروس علي المرتضى للعطور,,,,,,Saudi Arabia,
,,مصنع شركة نسر العروبة للرخام الصناعى,,,,,,Saudi Arabia,
,,Rowad National Railway Links Co. Factory,,,,,,Saudi Arabia,
,,مصنع مشعل الفهمى لمنتجات التنظيف والتلميع والعطور ومستحضرات التجميل,,,,,,Saudi Arabia,
,,Mohamed Awad Al-Johany Factory for Iron Products,,,,,,Saudi Arabia,
,,Branch of the National Technology Company  for Industry and Commerce,,,,,,Saudi Arabia,
,,Al-Nawasi Al-Baida Co. Factory for the Production of BVC,,,,,,Saudi Arabia,
,,Al Barrak Factory for Garage Doors,,,,,,Saudi Arabia,
,,الأحساء الأولى,,,,,,Saudi Arabia,
,,مصنع كتكوت للصناعات الغذائية,,,,,,Saudi Arabia,
,,Al-Rubaian Carts Factory,,,,,,Saudi Arabia,
,,مصنع المدينة للبلاستيك والمنتجات الورقية,,,,,,Saudi Arabia,
,,Al-Abwab Al-Morakaba Factory for Plastic Wood Products,,,,,,Saudi Arabia,
,,مصنع عبدالله  غرم الله  الغامدي للمنصات الخشبية,,,,,,Saudi Arabia,
,,Arfaf Al-Asriya Factory for Artificial Marble,,,,,,Saudi Arabia,
,,Al-Mas Al-Sharq Food Factory,,,,,,Saudi Arabia,
,,مصنع نقا الصحة للمياه المعبأه,,,,,,Saudi Arabia,
,,"Al-Adham World  Factory for Marble, Granite and Stone",,,,,,Saudi Arabia,
,,Energy Saving Co. Factory for Cement Products,,,,,,Saudi Arabia,
,,Hussein Mohamed Al-Soqour Cement Products Factory,,,,,,Saudi Arabia,
,,Ahmed Saad Al-Karides Co. Factory,,,,,,Saudi Arabia,
,,Initial Waste Recycling Company,,,,,,Saudi Arabia,
,,م احمد عبدالله سعيد باقلب,,,,,,Saudi Arabia,
,,مصنع اكاس للبلوك الاسمنتي,,,,,,Saudi Arabia,
,,مصنع علي موسى القريني للعبوات المختبرية,,,,,,Saudi Arabia,
,,النخبة للصناعات الغذائية,,,,,,Saudi Arabia,
,,مصنع عثمان بايق العمودي لتدوير الاطارات والنفايات,,,,,,Saudi Arabia,
,,مصنع فارس سلمي المطيري لاعمال الرخام,,,,,,Saudi Arabia,
,,Khuzam Al-Dir'iya Iron Industries Co. Factory,,,,,,Saudi Arabia,
,,مصنع ركن الحلاللحلويات,,,,,,Saudi Arabia,
,,مصنع نايل حميد الحطامي لإنتاج الثياب الرجالية والزي الموحد,,,,,,Saudi Arabia,
,,Bodour  World Factory for Textile and Furnishings,,,,,,Saudi Arabia,
,,مصنع شركة الخبرات المتكاملة لانتاج الخزانات,,,,,,Saudi Arabia,
,,مصنع احمد محمود وزان للصناعات الدوائية,,,,,,Saudi Arabia,
,,مصنع الطاقة للزيوت,,,,,,Saudi Arabia,
,,مصنع ريم عبدالله القاسم للمشغولات الحديدية والالمنيوم,,,,,,Saudi Arabia,
,,مصنع د. كيف الغذائي,,,,,,Saudi Arabia,
,,مصنع فاز للمنتوجات الغذائية,,,,,,Saudi Arabia,
,,Saudi Mobile Telecommunication Company -Zain,,,,,,Saudi Arabia,
,,شركة الفنار,,,,,,Saudi Arabia,
,,مصنع شركة جدار للمنتجات الاسمنتيه,,,,,,Saudi Arabia,
,,Wael Awad El-Zahery Factory for Concrete Products,,,,,,Saudi Arabia,
,,Jaber Yehia Al-Absi Factory for Blocks and Readymix Concrete,,,,,,Saudi Arabia,
,,Al-Diyar Al-Atiqa Factory for Bricks and Tiles,,,,,,Saudi Arabia,
,,Faz Al-Jazeera Factory Ltd.,,,,,,Saudi Arabia,
,,الشركة السعودية للصناعات الأساسية ( سابك),,,,,,Saudi Arabia,
,,مصنع ميسون فيصل كردي لانتاج وحدات الانارة,,,,,,Saudi Arabia,
,,مصنع زهير عبد القادر البكري لتدوير البلاستيك,,,,,,Saudi Arabia,
,,مصنع مكا للبلوك و الخرسانة الجاهزة,,,,,,Saudi Arabia,
,,Mohamad Ali Al-Eissayi Factory for Metal Storage Systems,,,,,,Saudi Arabia,
,,مصنع تمور الشمال للتمور,,,,,,Saudi Arabia,
,,Bandar Shabab Al-Mutairi Furniture Factory,,,,,,Saudi Arabia,
,,"Qandil Riyadh Factory for Chandeliers, Lighting Units and Industry",,,,,,Saudi Arabia,
,,Mosaed Abdul Aziz Al-Bedewi Factory for Advanced Aluminium  Systems,,,,,,Saudi Arabia,
,,مصنع شركة الخليج هولج للمياه الصحية,,,,,,Saudi Arabia,
,,Abdul Hadi Al Qahtani & Partners Co. Factory for Pipes Industry,,,,,,Saudi Arabia,
,,مصنع تقنيات الكمبيوتر,,,,,,Saudi Arabia,
,,مصنع اليمامه للدهانات شركة محمد عوض القاضي,,,,,,Saudi Arabia,
,,مصنع فهد صالح الغميز للاثاث الخشبى,,,,,,Saudi Arabia,
,,Aqaber Hail Factory for Building Facades,,,,,,Saudi Arabia,
,,مصنع عبدالله صبحي القواص لصناعة الجوارب,,,,,,Saudi Arabia,
,,National Leather Factory,,,,,,Saudi Arabia,
,,مصنع غانم الغانم لمراتب السست والأثاث,,,,,,Saudi Arabia,
,,مصنع ابراهيم عوضه الشدوي للشكولاته والسكاكر والحلويات والتعبيئة والتغليف,,,,,,Saudi Arabia,
,,مصنع نواف عبدالله الراشد للبلاستيك,,,,,,Saudi Arabia,
,,مصنع الوان لكيماويات مواد البناء,,,,,,Saudi Arabia,
,,مصنع صالح عبدالله المديفر لمواد البناء والمنتجات الإسمنتية,,,,,,Saudi Arabia,
,,مصنع سالم صالح بن يمين للاثاث المعدني,,,,,,Saudi Arabia,
,,مصنع الفجر لإنتاج الحلاوة الطحينية,,,,,,Saudi Arabia,
,,شركة الاش الدولية,,,,,,Saudi Arabia,
,,مصنع ساره عبد الله القحطاني للمواد الغذائية,,,,,,Saudi Arabia,
,,Al Shaheen Al-Ali Factory for Building Materials Chemicals,,,,,,Saudi Arabia,
,,مصنع المطبعه الورقية الحديثه للورق والكرتون,,,,,,Saudi Arabia,
,,مصنع الروشة العالمية للمنتجات الغذائية,,,,,,Saudi Arabia,
,,Al-Jazeera Cables Factory for Electrical Products,,,,,,Saudi Arabia,
,,مصنع غروب اليمامة لمنتجات الغراء والمواد اللاصقة,,,,,,Saudi Arabia,
,,مصنع هماليل الشرق لتعبئة المياه,,,,,,Saudi Arabia,
,,مصنع طوى المتكامله للمستلزمات الطبية,,,,,,Saudi Arabia,
,,Saad Al-Attallah Al-Anzi Factory For Wires and Electric Cables,,,,,,Saudi Arabia,
,,Al-Oroba Plastic Industries Factory Co.,,,,,,Saudi Arabia,
,,مصنع بيوت هال للصناعات المعدنية,,,,,,Saudi Arabia,
,,مصنع شركة المذيبات الخليجية,,,,,,Saudi Arabia,
,,Al-Nokhba Al-Sakhri Factory for marble and granite,,,,,,Saudi Arabia,
,,مصنع نخلة الجنوب للرخام والجرانيت,,,,,,Saudi Arabia,
,,مصنع قمة الفلك للرخام,,,,,,Saudi Arabia,
,,مصنع غسان عبدالقادر البكري للمشغولات المعدنية,,,,,,Saudi Arabia,
,,مصنع خديجه محمد البلوي للمنتجات المعدنيه,,,,,,Saudi Arabia,
,,Khalid Ali Masmali Factory for Medical Supplies,,,,,,Saudi Arabia,
,,مصنع محمد جابر مرعي آل عمره للأعلاف,,,,,,Saudi Arabia,
,,مصنع الكرز الأحمر للمنظفات ومستحضرات التجميل,,,,,,Saudi Arabia,
,,مصنع خيرات الصفوه لإنتاج الألبان والأجبان والعصائر ومستودعاته المبردة,,,,,,Saudi Arabia,
,,مصنع مطابع لتوب,,,,,,Saudi Arabia,
,,مصنع خالد عبدالله باعطيه لانتاج المناديل الورقيه,,,,,,Saudi Arabia,
,,مصنع وادي بدنه للمنظفات والمطهرات,,,,,,Saudi Arabia,
,,مصنع خالد سليمان صالح باسهل لمنتجات البولي يوريثين,,,,,,Saudi Arabia,
,,مصنع خالد علي السليم لقطع غيار المصانع,,,,,,Saudi Arabia,
,,Saudi Telephone Booths Factory,,,,,,Saudi Arabia,
,,Sebaiei Industrial  Metal Products Co. Factory,,,,,,Saudi Arabia,
,,مصنع ابراهيم عوضه الشدوي لتشكيل وطلاء المعادن,,,,,,Saudi Arabia,
,,مصنع شركة العليان المالية للمواد الغذائية,,,,,,Saudi Arabia,
,,مصنع محمد عبدالله بن لادن للمعدات الصناعية,,,,,,Saudi Arabia,
,,Qob Al-Zarraj Factory for Animal Fodders,,,,,,Saudi Arabia,
,,مصنع فرحه صالح الغامدي للمنتجات الاسمنتية,,,,,,Saudi Arabia,
,,مصنع شركة الخدمات الفنية الشاملة لآليات الحفر,,,,,,Saudi Arabia,
,,Omar Saleh Al Maddodi Factory,,,,,,Saudi Arabia,
,,مصنع شركة السد الحديثة المتطورة  للمنتجات البلاستيكية,,,,,,Saudi Arabia,
,,مؤسسة كافا التجارية,,,,,,Saudi Arabia,
,,مصنع شركة سبكيم للمنتجات البلاستيكية,,,,,,Saudi Arabia,
,,مصنع بندر مطر البقمي للمياه المعبأة والعصائر,,,,,,Saudi Arabia,
,,مصنع سيراس للمياه المعبأة,,,,,,Saudi Arabia,
,,Ibrahim Hamoud Al-Sharif Factory for the Manufacture of Biscuits and Sweets,,,,,,Saudi Arabia,
,,المدينة المنورة,,,,,,Saudi Arabia,
,,شركة مصنع الجودة ل?عمال الخشبية,,,,,,Saudi Arabia,
,,مصنع اريج محمد الحويل للملصقات,,,,,,Saudi Arabia,
,,مصنع السنيد للألمنيوم والحديد,,,,,,Saudi Arabia,
,,مصنع محمود علوي الطويلب  للصناعات الاكترونية,,,,,,Saudi Arabia,
,,مصنع مقبوله ظويهر البلوي للمعادن,,,,,,Saudi Arabia,
,,المصنع السعودى للاجهزة المنزلية,,,,,,Saudi Arabia,
,,مصنع شركة معتز محمد سعيد السيوري و شركاه للدهانات,,,,,,Saudi Arabia,
,,مصنع درياق للأدويه,,,,,,Saudi Arabia,
,,Jehnan Factory Co. for Electric Transformers,,,,,,Saudi Arabia,
,,Commercial Industrial Building Materials Establishment Factory,,,,,,Saudi Arabia,
,,مصنع نخبة المملكة للعوازل والبلاستيك,,,,,,Saudi Arabia,
,,مصنع رواد أجا للشحوم والزيوت,,,,,,Saudi Arabia,
,,مصنع منيره حسن الشهرانىلتعبئه المواد الغذائيه,,,,,,Saudi Arabia,
,,مصنع شركة مازيا لأوعية الألمنيوم,,,,,,Saudi Arabia,
,,الشركة السعودية اليابانية لصناعة الأقمشة المحدودة,,,,,,Saudi Arabia,
,,Al-Amina Co. Factory for Metal Forgings,,,,,,Saudi Arabia,
,,شركة ابراهيم محمد المانع واخوانه,,,,,,Saudi Arabia,
,,مصنع محمد عثمان الغامدي للصناعات البلاستيكية,,,,,,Saudi Arabia,
,,مصنع ثنيه الخليج للحجر الطبيعي والرخام,,,,,,Saudi Arabia,
,,مصنع محمد علي الزهراني للحديد,,,,,,Saudi Arabia,
,,Sakhra Al-Khaleej Company for Metal Industries,,,,,,Saudi Arabia,
,,مصنع الألواح الأربعة للمنتجات البلاستيكية,,,,,,Saudi Arabia,
,,مصنع مي عبدالله نصير للمنتجات الغذائية,,,,,,Saudi Arabia,
,,مصنع احمد محمد حسن نحاس للبلاستيك,,,,,,Saudi Arabia,
,,مصنع الشركة السعودية للمنتجات المعدنية,,,,,,Saudi Arabia,
,,مصنع شركة الأعمدة المجلفنة,,,,,,Saudi Arabia,
,,Ammar Abdul Hussein Al-Husseini Factory for Bakery Products,,,,,,Saudi Arabia,
,,Mohrat Al-Ibdaa Factory for  Claddings of the Buildings Facades,,,,,,Saudi Arabia,
,,مصنع بن ثابت للبلاستيك,,,,,,Saudi Arabia,
,,شركة مصنع المصري السعودي المحدودة,,,,,,Saudi Arabia,
,,Ahmed Abdullah Mohammed Mullah Factory for Sweets and Pastries,,,,,,Saudi Arabia,
,,المدينة المنورة,,,,,,Saudi Arabia,
,,مطشر ربيع عوينان السبيعي العنزي,,,,,,Saudi Arabia,
,,شركة الحموي العالمية المحدودة,,,,,,Saudi Arabia,
,,Mohamed Bin Laden Co. Factory for Metal Industries,,,,,,Saudi Arabia,
,,Middle East Heat Exchangers Company (MEHECO),,,,,,Saudi Arabia,
,,888,,,,,,Saudi Arabia,
,,مصنع النسيم للبلاستيك,,,,,,Saudi Arabia,
,,مصنع الدرع الموفق للوازم الكهرباء,,,,,,Saudi Arabia,
,,مصنع ماهر بن محمود  محلاوي لدعايه والاعلان,,,,,,Saudi Arabia,
,,مصنع شركة الصحراء لانتاج اللوحات الارشادية,,,,,,Saudi Arabia,
,,مصنع كتكوت للشكولاته والعصائر,,,,,,Saudi Arabia,
,,مستوصف الاسرة - مؤسسة السعدون التجارية,,,,,,Saudi Arabia,
,,مصنع نايف شرف الشريف,,,,,,Saudi Arabia,
,,مصنع أدوات النظافة الحديثة,,,,,,Saudi Arabia,
,,مصنع  سليمان بن عبدالله القرشي للمياه المعبأه,,,,,,Saudi Arabia,
,,مصنع شركة صقر البحر الاحمر الدولية القابضة لانظمة التبريدو التكييف,,,,,,Saudi Arabia,
,,شركة المصنع السعودي لمستلزمات الشبكة الهاتفية والكهربائية,,,,,,Saudi Arabia,
,,مصنع مؤسسة الراجحي للحدادة والتوانك,,,,,,Saudi Arabia,
,,مصنع صفا طيبة لزجاج الأمان,,,,,,Saudi Arabia,
,,Abdullah Metaab Al-Mutairi Factory for Stones and Bricks,,,,,,Saudi Arabia,
,,Molhem Al-Jazira  Factory for Non-woven Fabrics,,,,,,Saudi Arabia,
,,A-Negara Al-Zahabia Co. Ltd. Factory for Wood Manufacturing,,,,,,Saudi Arabia,
,,شركة سراج جده لصناعة مواد البناء المحدوده,,,,,,Saudi Arabia,
,,Etihad Medical and Plastic Industries Company,,,,,,Saudi Arabia,
,,مصنع بندر سليمان العبيدالله للدهانات,,,,,,Saudi Arabia,
,,مصنع أمجاد المروج للأعمال الحديدية,,,,,,Saudi Arabia,
,,Ali Osama Mohamed Bin Laden Factory for Iron Industries,,,,,,Saudi Arabia,
,,مصنع رامي راسم راجخان للبولسترين,,,,,,Saudi Arabia,
,,Ayman Mohamed Mahmoud Al-Shanqiti Factory for Packing Water and Refreshments,,,,,,Saudi Arabia,
,,مصنع بلادي للبلاستيك,,,,,,Saudi Arabia,
,,مصنع أغذية الخليج,,,,,,Saudi Arabia,
,,Samir Saeed Al-Akhras for Plastics Products,,,,,,Saudi Arabia,
,,مصنع سامي جبارة الجهني للبلوك الاسمنتي,,,,,,Saudi Arabia,
,,Saudi Nuts and Foodstuffs Packing Factory,,,,,,Saudi Arabia,
,,Bahlas National Carpet Factory,,,,,,Saudi Arabia,
,,مصنع سلمان عبدالرحمن البعيجان للبلاستيك,,,,,,Saudi Arabia,
,,مصنع مصطفي سليمان الجاجة لصناعة المحارم الورقية,,,,,,Saudi Arabia,
,,مصنع سناء محمد الجبر للمنتجات الخشبية,,,,,,Saudi Arabia,
,,Al-Omran Nails Factory,,,,,,Saudi Arabia,
,,Mohamed Attar Factory for Pharmaceutical & Natural Products,,,,,,Saudi Arabia,
,,مصنع الضوء السحري للاصباغ المضيئة,,,,,,Saudi Arabia,
,,Naqaa El-Shallal Factory for Filling Healthy Water,,,,,,Saudi Arabia,
,,شركة مصنع جنات للأطعمة,,,,,,Saudi Arabia,
,,"GE Arab Co., Ltd. For Water Treatment Technologies",,,,,,Saudi Arabia,
,,خالد مقبل القرعاوي للكيماويات,,,,,,Saudi Arabia,
,,مصنع محمد حسن النعيمي للبلاستيك,,,,,,Saudi Arabia,
,,مصنع اسناد المنشاءات للنتجات المعدنية,,,,,,Saudi Arabia,
,,Al-Hassan Factory for Steel Buildings,,,,,,Saudi Arabia,
,,مصنع التكامل لمواسير الفايبر جلاس,,,,,,Saudi Arabia,
,,مصنع شركة ليدرز السعودية لصناعات الالومنيوم,,,,,,Saudi Arabia,
,,مصنع نور الهدي الفقية للمنتجات البلاستيكية,,,,,,Saudi Arabia,
,,مصنع شركة تصميم الرخام,,,,,,Saudi Arabia,
,,مصنع شموخ الرعيلة للكيماويات,,,,,,Saudi Arabia,
,,مصنع ابراهيم عوضه الشدوي لتصنيع سكريت الزجاج,,,,,,Saudi Arabia,
,,مصنع كيماويات معالجة المياه  ( فرع شركة جمجوم للتجارة ),,,,,,Saudi Arabia,
,,مصنع الرواد للمبيدات والمطهرات البيطرية,,,,,,Saudi Arabia,
,,مصنع منصور عوض الله السلمى للحلويات,,,,,,Saudi Arabia,
,,مصنع علي سعيد الشهراني للأكسجين,,,,,,Saudi Arabia,
,,مصنع مهدي علي اليامي للبلك الالي,,,,,,Saudi Arabia,
,,مصنع روائع المتخصص للجرانيت والرخام,,,,,,Saudi Arabia,
,,Al-Hubail pharmaceutical Factory Co.,,,,,,Saudi Arabia,
,,Waha Al Ain  Factory for Plastic Products,,,,,,Saudi Arabia,
,,National Metal Recycling Company Factory,,,,,,Saudi Arabia,
,,Abdel Rahman Nasser Al-Suhaibani Factory for Plastic Materials,,,,,,Saudi Arabia,
,,المصنع العالمي للألياف الصناعية,,,,,,Saudi Arabia,
,,Al-Wakeel Glass & Aluminium Factory,,,,,,Saudi Arabia,
,,مصنع سيران الشرق للمواد الغذائيه,,,,,,Saudi Arabia,
,,Walid Buqshan Co. Ltd. Factory for Artistic Industries,,,,,,Saudi Arabia,
,,مصنع الطبيعه للمياه,,,,,,Saudi Arabia,
,,Suleiman Bin Mohamed Al-Talib Factory for Metal Containers,,,,,,Saudi Arabia,
,,Saudi American Company for Fluorescent Chandeliers Structures,,,,,,Saudi Arabia,
,,جدة الأولى,,,,,,Saudi Arabia,
,,مصنع ينابيع المحبوبه لتعبئة المياه,,,,,,Saudi Arabia,
,,ااااااااااااااااااااا,,,,,,Saudi Arabia,
,,مصنع تاج الطاقة لواجهات المباني,,,,,,Saudi Arabia,
,,مصنع شركة التقدم العصري لصناعة وتدوير البلاستك,,,,,,Saudi Arabia,
,,مصنع شركة صحاري الرمال,,,,,,Saudi Arabia,
,,مستوصف الفارابي,,,,,,Saudi Arabia,
,,مؤسسة عالم ستار للمشاريع للمقاولات,,,,,,Saudi Arabia,
,,Al-Wakeel International Industries Factory Ltd.,,,,,,Saudi Arabia,
,,مصنع المناحل الوطنية للمنتجات الغذائية,,,,,,Saudi Arabia,
,,مصنع التعميرية للحجر والرخام الصناعى,,,,,,Saudi Arabia,
,,Saleh Mansour Al-Ahmadi Forage Factory,,,,,,Saudi Arabia,
,,Al-Khadari Co. Factory for Electric Generators,,,,,,Saudi Arabia,
,,Abdul Karim Samir Al-Shemari Detergents Factory,,,,,,Saudi Arabia,
,,Abdullah Abu Bakr Al-Amoudi Factory for Aluminium Products,,,,,,Saudi Arabia,
,,مصنع شركة مجداف السعودية للاتصالات وتقنية المعلومات,,,,,,Saudi Arabia,
,,مصنع الخطوط الاربعة الدوليه للاستاندات,,,,,,Saudi Arabia,
,,مصنع بدر حمد السويل لاعادة تدوير مخلفات البلاستيك,,,,,,Saudi Arabia,
,,Specialized Pharmaceutical Industry Company Factory,,,,,,Saudi Arabia,
,,مصنع اشياب المياه العذبة,,,,,,Saudi Arabia,
,,مصنع ماجد باخت  اللهيبي للحلويات والتمور,,,,,,Saudi Arabia,
,,Al-Mansouri Co. Factory for Machinery and Equipment,,,,,,Saudi Arabia,
,,مصنع  خالد سعيد القحطاني للمنتجات الورقية,,,,,,Saudi Arabia,
,,مصنع ذفاف الصناعية,,,,,,Saudi Arabia,
,,مصنع فيصل محمد الحربي للغازات الطبية والصناعية,,,,,,Saudi Arabia,
,,Noor El-Haya Factory for Medical Solutions,,,,,,Saudi Arabia,
,,مصنع شركة خزانات مياه الزامل,,,,,,Saudi Arabia,
,,مصنع سدير للطاقه والصناعات الكهربائيه,,,,,,Saudi Arabia,
,,Najd & Al-Qassim Company Factory for Food Industries,,,,,,Saudi Arabia,
,,Arabian Steel Manufacturing & Production Co. Ltd,,,,,,Saudi Arabia,
,,Al- Khaleejia Tomato Paste Concentrates,,,,,,Saudi Arabia,
,,Al-Basma Al-Zakia Factory for Paints,,,,,,Saudi Arabia,
,,مصنع الفتي لأنتاج أدوات الحفر والتنقيب,,,,,,Saudi Arabia,
,,Osama Saleh Abdul Wahab Pharmaceutical Factory,,,,,,Saudi Arabia,
,,مصنع غاية للزجاج والالمنيوم,,,,,,Saudi Arabia,
,,مصنع عقاقير جازان الطبية للأدوية,,,,,,Saudi Arabia,
,,Soqour Al-Badia Factory for Plastic Products,,,,,,Saudi Arabia,
,,Raz Co. Factory for Aluminium Products,,,,,,Saudi Arabia,
,,مصنع زراعة السعودي,,,,,,Saudi Arabia,
,,مصنع الموردة للمواسير,,,,,,Saudi Arabia,
,,Fouad Abdullah Al-Mullah Factory for Plastic Products,,,,,,Saudi Arabia,
,,Jayedat Al-Hadid factory for Metal Products,,,,,,Saudi Arabia,
,,مصنع أساس الثقة للمنتجات المعدنية,,,,,,Saudi Arabia,
,,Zaid Zayed Ali Al-Shamiri factory for Metal Industries,,,,,,Saudi Arabia,
,,مصنع شركة أطواد المتحده القابضه لإعادة تدوير المطاط,,,,,,Saudi Arabia,
,,مصنع شركة ميجاف المحدودة لمعجون الطماطم,,,,,,Saudi Arabia,
,,مصنع مركز القوى الكهربائية,,,,,,Saudi Arabia,
,,"Hagr Factory for Fiber-glass, Industrial Marble and Granite Powder",,,,,,Saudi Arabia,
,,شركة مصنع منازل الالمنيوم المحدودة,,,,,,Saudi Arabia,
,,Al-Madinah  Factory for Handles,,,,,,Saudi Arabia,
,,Khalid Bin Mohamed Al Sinan Plastic Factory,,,,,,Saudi Arabia,
,,مصنع محمد عباس محمد علي للمظلات وتشكيل المعادن,,,,,,Saudi Arabia,
,,الشركة السعودية الايطالية الصناعية المحدودة ( محمود سعيد للثلاجات ),,,,,,Saudi Arabia,
,,مصنع ا ام القرى للأدوية البيطرية,,,,,,Saudi Arabia,
,,مصنع ازمان الذهبية للحجر والرخام,,,,,,Saudi Arabia,
,,شركة تقنية الألياف الزجاجية المحدودة,,,,,,Saudi Arabia,
,,مصنع شركة المسبك العالمي لسبك وتشكيل المعادن,,,,,,Saudi Arabia,
,,مصنع شركة تبوك ستيل,,,,,,Saudi Arabia,
,,مصنع عزام مصطفى مخدوم للمياة و العصائر,,,,,,Saudi Arabia,
,,مصنع شركة ابيك للمشغولات المعدنية,,,,,,Saudi Arabia,
,,Mohamed Hamoud Al-Barjas Factory for Refractories Industries,,,,,,Saudi Arabia,
,,مصنع محمد على الدبيس  للمنتجات الاسمنتيه,,,,,,Saudi Arabia,
,,مصنع خليل محمد العدراء للحجر والرخام,,,,,,Saudi Arabia,
,,مصنع مشعل صالح ال جليدان لصخور الزينه,,,,,,Saudi Arabia,
,,مصنع عبدالهادى على القحطانى للحديد,,,,,,Saudi Arabia,
,,مصنع ابراهيم حسن حريصي للاسفنج الصناعي,,,,,,Saudi Arabia,
,,مصانع كنوز الشرق الاوسط للمنسوجات,,,,,,Saudi Arabia,
,,مصنع احمد مشعان الشمري للصناعات الالكترونية,,,,,,Saudi Arabia,
,,شركة كوكا كولا السعودية لتعبئة المرطبات,,,,,,Saudi Arabia,
,,مصنع عطيه محمد المزروعي للكرتون ومواد التغليف,,,,,,Saudi Arabia,
,,Abdel Rahman Abdullah Abdul Karim Ababtin Company,,,,,,Saudi Arabia,
,,Modern Factory for General Lighting,,,,,,Saudi Arabia,
,,جدة الأولى,,,,,,Saudi Arabia,
,,عمر أحمد ناجي المصعبي,,,,,,Saudi Arabia,
,,مصنع كامل عدي المهاوي للمنتجات الغذائية,,,,,,Saudi Arabia,
,,مصنع بدر بن مفيد عبدالعال للاعلاف,,,,,,Saudi Arabia,
,,Ibrahim Abdulaziz Baidjani Plastic Factory,,,,,,Saudi Arabia,
,,تبوك,,,,,,Saudi Arabia,
,,مصنع سعد سليمان الشويعر لسميد الذرة وجريش القمح,,,,,,Saudi Arabia,
,,Saud Mohamed Saad Al-Mohammadi Factory for Electric Wires,,,,,,Saudi Arabia,
,,Saud Fahhad Al-Rowaili Garments Factory,,,,,,Saudi Arabia,
,,مصنع  شادي محمد ابوخضير للصناعات البلاستيكية,,,,,,Saudi Arabia,
,,Saud Jaber Al-Harbi Factory for Aluminum Packaging,,,,,,Saudi Arabia,
,,مصنع أسلوب الأبداع للوازم البناء,,,,,,Saudi Arabia,
,,مصنع شركة ازر للصناعات الكيميائية,,,,,,Saudi Arabia,
,,Hasan Abdul Karim Al-Suba'ie Factory for Aluminum Plates,,,,,,Saudi Arabia,
,,مصنع سديم للبلاستيك,,,,,,Saudi Arabia,
,,Zahret Al-Omr Factory for Marble and Tiles,,,,,,Saudi Arabia,
,,Abdul Aziz Abdul Rahman Al-Ayyaf Factory for Apparel and Fur,,,,,,Saudi Arabia,
,,مصنع غيثه مسعد عوده القاضي للطبليات البلاستيكية,,,,,,Saudi Arabia,
,,مصنع اسامة محمود عارف للبلاستيك,,,,,,Saudi Arabia,
,,Al-Iman Factory for Electricity and Industry,,,,,,Saudi Arabia,
,,Salem Abdulrahim Bawazir Factory for Pharmaceutical Industries,,,,,,Saudi Arabia,
,,Bahlas Synthetic Yarn Factory,,,,,,Saudi Arabia,
,,مصنع سلفانا للمنتجات الورقية,,,,,,Saudi Arabia,
,,Abdul Aziz Mohamed Al-A'leet Factory for Air-conditioning Ducts Extensions,,,,,,Saudi Arabia,
,,مصنع شركة الفيحاء الدولية لتدوير المعادن,,,,,,Saudi Arabia,
,,مصنع عبدالرحمن جميل الجميل للرخام الصناعي,,,,,,Saudi Arabia,
,,الشركة السعودية الحديثة لصناعة المعادن والكابلات والبلاستيك المحدودة,,,,,,Saudi Arabia,
,,مصنع صافية للبلاستيك,,,,,,Saudi Arabia,
,,Al-Sharqiya Pharmaceutical Industries Factory,,,,,,Saudi Arabia,
,,مصنع احمد عبدالعظيم البراهيم للآيسكريم,,,,,,Saudi Arabia,
,,شركة معالجة زيوت التشحيم (لوبرك),,,,,,Saudi Arabia,
,,مصنع خالد علي الشمري للمنتجات الخشبية,,,,,,Saudi Arabia,
,,مصنع شركة غلال البركة للصناعة المحدودة,,,,,,Saudi Arabia,
,,مصنع الأثاث الحجازي للتصنيع,,,,,,Saudi Arabia,
,,Abdullah Al-Ayoubi Water Factory,,,,,,Saudi Arabia,
,,مصنع جودة المطاط للصناعة,,,,,,Saudi Arabia,
,,مصنع فلاح صقر الشمري للشامبو,,,,,,Saudi Arabia,
,,"Mohamad Ali Al-Baajari Factory for Cosmetics, Perfumes and Detergents",,,,,,Saudi Arabia,
,,مصنع شركة سلطان حمدي المطيري وشركاة للاغذية,,,,,,Saudi Arabia,
,,مصنع رجل الخليج للجلود و الاحذية,,,,,,Saudi Arabia,
,,شركة مصنع السيد للأواني المنزلية,,,,,,Saudi Arabia,
,,شركة المصنع الوطني لتطوير منتجات الألمنيوم,,,,,,Saudi Arabia,
,,مصنع الجواد للصناعات الغذائية,,,,,,Saudi Arabia,
,,International Sails Company Factory for Construction Tensile Umbrellas,,,,,,Saudi Arabia,
,,مصنع محمد علي الوهيبي لطلاء الالمنيوم,,,,,,Saudi Arabia,
,,مصنع عبدالعزيز عبدالمحسن التويجري للصناعات المعدنيه,,,,,,Saudi Arabia,
,,مصنع نواف علي العنزي للمنتجات المعدنية,,,,,,Saudi Arabia,
,,Jaber Bin Hamad Al-Marri Factory for Chemical Products,,,,,,Saudi Arabia,
,,Mohamed Abdul Hamid Sobh Factory for Hotel Supplies,,,,,,Saudi Arabia,
,,"Dorat Al-Deqa Factory for Tiles, Stone and Marble",,,,,,Saudi Arabia,
,,مصنع برنس الخليج للزيوت,,,,,,Saudi Arabia,
,,Saudi Arab  Factory for Plastic Industries,,,,,,Saudi Arabia,
,,مصنع عبدالله صالح ال بعتج للبلاستيك,,,,,,Saudi Arabia,
,,مصنع الهامات الحديثة للمبادلات الحرارية والغلايات,,,,,,Saudi Arabia,
,,مصنع أصالة للملابس الجاهزة,,,,,,Saudi Arabia,
,,مصنع محمد ابراهيم الغامدي للمنتجات الاسمنتية,,,,,,Saudi Arabia,
,,الشركة الالكترونية الحديثة,,,,,,Saudi Arabia,
,,شركة سكان العالمية,,,,,,Saudi Arabia,
,,مصنع شركة اليافية للمطابخ و المنتجات الخشبية,,,,,,Saudi Arabia,
,,مصنع تانيا لمياة الشرب المعباة,,,,,,Saudi Arabia,
,,مصنع سلطان ضيف الله الجعيد للبلاستيك,,,,,,Saudi Arabia,
,,Al-Tarkia Al-Manziliya Co. Factory for Electronics,,,,,,Saudi Arabia,
,,Golden Chicken Farms Company Factory for Fodder,,,,,,Saudi Arabia,
,,Turki Khaled Al-Otaibi Factory for laboratories  and Medical Labs Furniture,,,,,,Saudi Arabia,
,,مصنع بيت التطور للمنتجات الحديدية,,,,,,Saudi Arabia,
,,Emaar Steel Co. Factory,,,,,,Saudi Arabia,
,,مصنع شركة الغذاء اليومي التجارية,,,,,,Saudi Arabia,
,,مصنع باسم عبد الرحمن القاسم للعطورات و مستحضرات التجميل,,,,,,Saudi Arabia,
,,Mohamed Hassan Al-Mobasher Factory for Electrical Products,,,,,,Saudi Arabia,
,,Abdullah Abdul Karim Al-Teheni Ice Factory,,,,,,Saudi Arabia,
,,مصنع الشركة الفنية الكيميائية لمنتجات الراتنجات,,,,,,Saudi Arabia,
,,مصنع رموز المدينة للرخام الصناعي,,,,,,Saudi Arabia,
,,مصنع شركة مستور بن سعد بن مرفاع وشركاه,,,,,,Saudi Arabia,
,,شركة معن حمد الجاسر وشركاة للخزائن الخشبية,,,,,,Saudi Arabia,
,,مصنع الشويمان للعوازل الأسفلتية,,,,,,Saudi Arabia,
,,مصنع بشير عياش العنزي للأعلاف,,,,,,Saudi Arabia,
,,مصنع درع الافق للمباني المطورة,,,,,,Saudi Arabia,
,,مؤسسة يوسف ابراهيم السبيعي,,,,,,Saudi Arabia,
,,مصنع بنيان الشيباني للمواد الغذائية,,,,,,Saudi Arabia,
,,مصنع  عبدالله عبدالرحمن العقالي للتمور,,,,,,Saudi Arabia,
,,National Factory for Central Air-Conditioning Grilles and Filters,,,,,,Saudi Arabia,
,,جدة الثانية,,,,,,Saudi Arabia,
,,Gulf Giant Factory for Electric Water Heaters,,,,,,Saudi Arabia,
,,مصنع مبخوت على دوش للانابيب البلاستيكية,,,,,,Saudi Arabia,
,,مصنع ابراهيم عبد الله الفرحان للطابوق والبلاط,,,,,,Saudi Arabia,
,,مصنع فيض الخير لمثلجات الأطفال,,,,,,Saudi Arabia,
,,مصنع نجم البلاستيك,,,,,,Saudi Arabia,
,,Sami Hamad Al-Zidani Furniture Factory,,,,,,Saudi Arabia,
,,مصنع شركة النواسي البيضاء لتعبئة و تغليف المواد الغذائية,,,,,,Saudi Arabia,
,,Suleiman Mohamed Amin Sindi Factory for Automatic Doors & PVC Windows,,,,,,Saudi Arabia,
,,Mohamed Shawky Hassan & Partner Factory for Plastic Industries,,,,,,Saudi Arabia,
,,مصنع رواد المدن للصناعات البلاستيكية,,,,,,Saudi Arabia,
,,مصنع عصام محمد فهمى السلامونى,,,,,,Saudi Arabia,
,,مصنع اسياد للطابوق والمنتجات الخرسانية,,,,,,Saudi Arabia,
,,Saudi Company Factory for Multiple Commercial-Industrial Materials,,,,,,Saudi Arabia,
,,Bashayer Al-Dawaa Factory for Medicines and Cosmetics,,,,,,Saudi Arabia,
,,مصنع الوكيل للالمنيوم والزجاج,,,,,,Saudi Arabia,
,,مصنع عمر يسلم المهري لصناعة المواد الغذائية,,,,,,Saudi Arabia,
,,Misrab Development Non Woven Bag Factory,,,,,,Saudi Arabia,
,,مصنع زيتون الجوف الزراعية للزيتون,,,,,,Saudi Arabia,
,,مصنع شركة سعيد عبدالرحمن العمودي و شركاه لمواد التغليف,,,,,,Saudi Arabia,
,,شركة مصنع بريق لطلاء المعادن المحدودة,,,,,,Saudi Arabia,
,,مصنع دارلين لتعبئة مياة الشرب,,,,,,Saudi Arabia,
,,مصنع عبدالله صالح البراك للمفارش,,,,,,Saudi Arabia,
,,مصنع الخليج لتلبيس اطارات الطائرات,,,,,,Saudi Arabia,
,,مصنع مسعود فلاح حسن زبيد  للبلك والخرسانه الجاهزه,,,,,,Saudi Arabia,
,,Al-Ansaf Perfumes Co. Factory,,,,,,Saudi Arabia,
,,Human Care Factory for Pharmaceutical Industries,,,,,,Saudi Arabia,
,,"Magal Global Pipelines Co., Ltd.",,,,,,Saudi Arabia,
,,Sahab Jebbah Factory for Plastic Products,,,,,,Saudi Arabia,
,,شركة مصنع أمواج الاتصالات للدوائر الالكترونية,,,,,,Saudi Arabia,
,,مصنع شركة شاهين المتحدة الطبية,,,,,,Saudi Arabia,
,,شركة مخبز فرن الجيران للخبز المحدودة,,,,,,Saudi Arabia,
,,مصنع القصواء للتمور,,,,,,Saudi Arabia,
,,Gulf Horizon Development  Company for Fiberglass,,,,,,Saudi Arabia,
,,مصنع سحيب للبوليسترين,,,,,,Saudi Arabia,
,,مصنع أنور علي قاسم للصناعات المعدنية,,,,,,Saudi Arabia,
,,Mashael Elbaraka Factory for Barrels & Filters,,,,,,Saudi Arabia,
,,المصنع العربي للاقمشة الغير منسوجة,,,,,,Saudi Arabia,
,,شركة راشد العبدالرحمن الراشد وأولاده للبيوت الجاهزة,,,,,,Saudi Arabia,
,,Al-Thalaga International Company For Food Industries,,,,,,Saudi Arabia,
,,مصنع شركة مرافق للاثاث المنزلي,,,,,,Saudi Arabia,
,,مصنع أيمن محمود المطيري لإختزال الحديد,,,,,,Saudi Arabia,
,,مصنع سامي علي حزام للكيماويات,,,,,,Saudi Arabia,
,,Al Babtain Metal Industries Factory,,,,,,Saudi Arabia,
,,مصنع عبدالرحمن معتق القحطاني للمشغولات المعدنية,,,,,,Saudi Arabia,
,,شركة الخميرة السعودية,,,,,,Saudi Arabia,
,,Fathi Eissawy Hassan Sweets Factory,,,,,,Saudi Arabia,
,,Branch of Redayat Industrial Services Company,,,,,,Saudi Arabia,
,,مصنع أبجد الوطني لإنتاج أغطية مقاعد السيارات,,,,,,Saudi Arabia,
,,مصنع الهجرس المعماري للحجر الصناعي,,,,,,Saudi Arabia,
,,مؤسسة أحمد فهد الدخيل لتجارة العود والعطورات الشرقية,,,,,,Saudi Arabia,
,,مصنع عمر الشهراني للمنظفات,,,,,,Saudi Arabia,
,,شركة التغليف السعودية الحديثة المحدودة,,,,,,Saudi Arabia,
,,مصنع شركة الغذاء الأول لحليب الأطفال,,,,,,Saudi Arabia,
,,شركة المرطبات والصناعة السعودية,,,,,,Saudi Arabia,
,,Al-Nisr Al-Aswad International Factory,,,,,,Saudi Arabia,
,,مصنع عبدالله علي البرادي,,,,,,Saudi Arabia,
,,مصنع الدمام للأثاث,,,,,,Saudi Arabia,
,,Nora Nosair Al-Dandan Factory for Plastic,,,,,,Saudi Arabia,
,,مصنع دار الصحابه للاثاث الخشبى,,,,,,Saudi Arabia,
,,Abbas Hassan Noor Factory for Plugs and Switches,,,,,,Saudi Arabia,
,,مصنع ياسر عبدالله حميدي باسودان للصناعات الحديدية,,,,,,Saudi Arabia,
,,Sayed Mohamed Habib Irfany Factory for the Manufacture of Control Panels,,,,,,Saudi Arabia,
,,Saudi Delta Company Factory For Power Projects Limited,,,,,,Saudi Arabia,
,,شركة مصنع البنام لمطابخ المنيوم المحدودة,,,,,,Saudi Arabia,
,,Global Scales Systems Factory,,,,,,Saudi Arabia,
,,شقراء,,,,,,Saudi Arabia,
,,Abu Bakr Baziab Paper Factory,,,,,,Saudi Arabia,
,,جدة الثالثة,,,,,,Saudi Arabia,
,,Saeed Saad Almehnaa Factory for Bottled Water,,,,,,Saudi Arabia,
,,Shaihanah Saudi Arabia Factory for Furniture and Upholstery,,,,,,Saudi Arabia,
,,مصنع الحاويات المجمدة للصناعة,,,,,,Saudi Arabia,
,,Ahmed Othman Al-Amoudy Factory for Plastic Products,,,,,,Saudi Arabia,
,,مصنع عبد الرحمن محمد علي رشيدي للوجبات الجاهزة,,,,,,Saudi Arabia,
,,مصنع الميكانيكا الحديثة للمعالجة الحرارية,,,,,,Saudi Arabia,
,,شركة مصنع الزامل للزجاج المحدودة,,,,,,Saudi Arabia,
,,Ghulam Hussein Kaka & Partners Factory for Biscuits Manufacturing and Food Packaging,,,,,,Saudi Arabia,
,,مصنع رمز بلادي لصناعة البلاستيك والمنتجات الورقية,,,,,,Saudi Arabia,
,,مصنع فواز هليل المشعلي للمنتجات الخرسانية,,,,,,Saudi Arabia,
,,مصنع رين تبوك لمياة الرديتر والبطاريات,,,,,,Saudi Arabia,
,,Al- Rummaneh Factory for Plastic and Paper Industries,,,,,,Saudi Arabia,
,,جدة الأولى,,,,,,Saudi Arabia,
,,مصنع سعيد هاشم الشيخ لانتاج الواح الالمنيوم,,,,,,Saudi Arabia,
,,Watan Factory for Specialized Industrial Gases,,,,,,Saudi Arabia,
,,مصنع أمجاد الريم للمجوهرات,,,,,,Saudi Arabia,
,,Fares Bin Mohamed Al-Merri Iron Factory,,,,,,Saudi Arabia,
,,شركة سرور العربية,,,,,,Saudi Arabia,
,,مصنع شركة رواد المجرة للرخام الصناعي,,,,,,Saudi Arabia,
,,مصنع ابراهيم عوضه الشدوي لصناعة الأثاث الطبي والمكتبي,,,,,,Saudi Arabia,
,,مصنع عايد محمد العوفي للمنتجات المعدنية,,,,,,Saudi Arabia,
,,مصنع الشركة المتحدة لصناعة الفضيات والبلكسي,,,,,,Saudi Arabia,
,,مصنع سام رسولي وشركاه,,,,,,Saudi Arabia,
,,مصنع شركة سديم نجد للصناعة,,,,,,Saudi Arabia,
,,مصنع كروم للصناعات المعدنية,,,,,,Saudi Arabia,
,,Khalid Abdulla Albijad Plastic Co. Factory,,,,,,Saudi Arabia,
,,مصنع طلال محمد السراج لانتاج البطاطس بانواعها,,,,,,Saudi Arabia,
,,مصنع لنا للثلج,,,,,,Saudi Arabia,
,,مصنع عبدالله بن رافعة لانابيب البلاستيك,,,,,,Saudi Arabia,
,,مصنع مريول نوري للزي الموحد,,,,,,Saudi Arabia,
,,مصنع علي محمد الحسين لتصنيع الالمنيوم,,,,,,Saudi Arabia,
,,Aluminum Manufacturers Co. Ltd.,,,,,,Saudi Arabia,
,,مصنع مركز الاتقان المعدني للصناعة,,,,,,Saudi Arabia,
,,مصنع شركة سنا للمطاط,,,,,,Saudi Arabia,
,,"Hanaa Ayad Al-Anzi Factory for Bakery and Confectionery, Ltd.",,,,,,Saudi Arabia,
,,Saudi Arabia Neon Factory for the Manufacturer of Billboards,,,,,,Saudi Arabia,
,,United Vision Factory for Optics,,,,,,Saudi Arabia,
,,Wefal International  Factory for Furniture,,,,,,Saudi Arabia,
,,Branch of the Saudi Arabia Factory  for Coils,,,,,,Saudi Arabia,
,,Ahmed Juma Al-Abros Factory for Antiques and  Gifts,,,,,,Saudi Arabia,
,,جدة الأولى,,,,,,Saudi Arabia,
,,مصنع محمد عبدالله الحارثي للمياه,,,,,,Saudi Arabia,
,,مصنع الشعلة للولاعات,,,,,,Saudi Arabia,
,,فرع شركة ماكس ستيل للصناعة المحدودة,,,,,,Saudi Arabia,
,,مصنع أمجاد الجزيرة للقوالب,,,,,,Saudi Arabia,
,,مصنع حديد جازان,,,,,,Saudi Arabia,
,,مصنع الكراسي والأنظمة المكتبية,,,,,,Saudi Arabia,
,,Al-Sofaraa Factory for Public Detergents and Printing Chemicals,,,,,,Saudi Arabia,
,,مصنع الجازع للكيماويات الانشائية والمعدنية,,,,,,Saudi Arabia,
,,Teco Middle East Electric and Machinery Co. Ltd.,,,,,,Saudi Arabia,
,,مصنع قوة الشمس لمنتجات الطاقة الشمسية,,,,,,Saudi Arabia,
,,Al-Jeathen Polyethylene and Fiberglass Factory,,,,,,Saudi Arabia,
,,Ghulam Mohamed Shahbaz Metal Industries Factory,,,,,,Saudi Arabia,
,,Al-Metawlly Metal Industries Factory,,,,,,Saudi Arabia,
,,"Syaq International Co., Ltd. Factory",,,,,,Saudi Arabia,
,,Salman Hassan Bin Saleh Factory for Metal Products,,,,,,Saudi Arabia,
,,Green Vision Factory for Industrial Evangelism,,,,,,Saudi Arabia,
,,Nawaf Ali El-Anzi factory for Metal Products,,,,,,Saudi Arabia,
,,Asalet Al-Takween for Inulating Glass and Al-Sekorit,,,,,,Saudi Arabia,
,,Nasser Abdullah Al-Khafrah Factory for Industrial Gases,,,,,,Saudi Arabia,
,,مصنع عبدالله محمد البليمي للصناعات الصيدلانيه,,,,,,Saudi Arabia,
,,مصنع شركة نسما الوطنیھ للاتصالات,,,,,,Saudi Arabia,
,,Al-Watan Cables Factory For Cables,,,,,,Saudi Arabia,
,,National Carton Factory,,,,,,Saudi Arabia,
,,United Saudi Italian Factory for Acrylic Manufacturing,,,,,,Saudi Arabia,
,,فرع شركة مصنع شعاع لتطوير الصناعات الكهربائية,,,,,,Saudi Arabia,
,,وكالة فال للسفر والسياحة,,,,,,Saudi Arabia,
,,مصنع دار يحي البشري للازياء,,,,,,Saudi Arabia,
,,مصنع الرؤية البلاتينية للعوازل الكهربائية,,,,,,Saudi Arabia,
,,مصنع شيخه محمد بغلف لصناعة وتشكيل المعادن,,,,,,Saudi Arabia,
,,مصنع ساتر للبلاستيك,,,,,,Saudi Arabia,
,,عبدالرحمن عبدالله ناصر المليحان,,,,,,Saudi Arabia,
,,مصنع جسارة الحديثة للملابس الجاهزة,,,,,,Saudi Arabia,
,,مصنع حمد على ال خريم للكابلات المعدنيه,,,,,,Saudi Arabia,
,,شركة شمس التنمية للصناعة,,,,,,Saudi Arabia,
,,Saudi Calcium Carbide  Factory,,,,,,Saudi Arabia,
,,مصنع رير لمنتجات لحوم الدواجن,,,,,,Saudi Arabia,
,,عبدالرحمن عمر السريجي للسخانات الكهربائية,,,,,,Saudi Arabia,
,,مصنع محمد صالح الشدي لانظمة الاطفاء ولوحات التحكم الكهربائية,,,,,,Saudi Arabia,
,,Mabrour Factory for Home Accessories and Antiques,,,,,,Saudi Arabia,
,,مصنع روائع التنكيل للمنتجات المعدنيه,,,,,,Saudi Arabia,
,,مصنع خليل محمد راجح للبلاستيك,,,,,,Saudi Arabia,
,,مصنع علي صالح اليامي للمنتجات الاسمنتية,,,,,,Saudi Arabia,
,,مصنع فضل عبدالله بن لادن للقواطع الحديديه للديكور,,,,,,Saudi Arabia,
,,مصنع الرديترات الوطني,,,,,,Saudi Arabia,
,,مصنع محمود محمد طنطاوي للتبريد,,,,,,Saudi Arabia,
,,Plastic Riyadh factory - Hukair,,,,,,Saudi Arabia,
,,مصنع المعجل للمنتجات الحديدية,,,,,,Saudi Arabia,
,,مصنع سعيد عبدالهادي الشهري للهياكل الحديدية,,,,,,Saudi Arabia,
,,مصنع حسن محمد الزنيد لتشكيل الحديد,,,,,,Saudi Arabia,
,,مصنع الهاشلية لإنتاج سكر التمور,,,,,,Saudi Arabia,
,,مصنع دار الناصرية للتمور والحلويات,,,,,,Saudi Arabia,
,,مصنع الحجاز للمعادن,,,,,,Saudi Arabia,
,,شركة التميمي لأصحابها علي ومحمد عبدالله التميمي,,,,,,Saudi Arabia,
,,مصنع خليل عبدالوهاب للصناعات المعدنية,,,,,,Saudi Arabia,
,,موسسة بوادي جدة للخدمات الطبية,,,,,,Saudi Arabia,
,,مصنع محمد فهد القحطاني للمشغولات الحديدية,,,,,,Saudi Arabia,
,,مصنع ابراهيم عبد الجابر الدبه لآغذية الدواجن والحيوانات,,,,,,Saudi Arabia,
,,شركة مصنع محمد خان فيروز وشريكه للمنتجات البلاستيكية,,,,,,Saudi Arabia,
,,مصنع الحراسات والحواجز للتعدين,,,,,,Saudi Arabia,
,,مصنع الصرح للبلاستيك,,,,,,Saudi Arabia,
,,مصنع لطفين لتصنيع وتعبيئة المواد الغذائية,,,,,,Saudi Arabia,
,,مصنع صقر جهينة للأواح الاسمنتية,,,,,,Saudi Arabia,
,,Dawy International Group Co.,,,,,,Saudi Arabia,
,,Mdern Tanning Industries Factory Co.,,,,,,Saudi Arabia,
,,الشركة السعودية الكويتية لمنتجات الالياف,,,,,,Saudi Arabia,
,,مصنع عبدالله بن عبدالمحسن التويجري لمنتجات البلاستيك,,,,,,Saudi Arabia,
,,"Barakat Group Co., Ltd.",,,,,,Saudi Arabia,
,,مصنع شركة مطاعم ابو زيد للحلويات والمعجنات,,,,,,Saudi Arabia,
,,Ghanem Al-Ghanem Factory for Cotton and Polyester,,,,,,Saudi Arabia,
,,Gulf Foodstuff Packing Factory,,,,,,Saudi Arabia,
,,المصنع السعودي لمنتجات طب الاسنان - سادين,,,,,,Saudi Arabia,
,,مصنع زهور الخليج للعصائر والايسكريم,,,,,,Saudi Arabia,
,,مصنع عبدالله شرف الشريف للمنتجات البلاستيكية,,,,,,Saudi Arabia,
,,مصنع غاده سعد فهد بن كليب للاغذية,,,,,,Saudi Arabia,
,,Meteab Saeed Al-Taiwelea Factory for Metal Products,,,,,,Saudi Arabia,
,,مصنع كنز الكنوز للمنتجات الغذائية,,,,,,Saudi Arabia,
,,Adnan Atwa Sons Co. for Trade and Industry,,,,,,Saudi Arabia,
,,جدة الأولى,,,,,,Saudi Arabia,
,,مصنع ريف الأحساء للتعبئة والتغليف,,,,,,Saudi Arabia,
,,Al-Boad Al-Eklimi Metal Industries Factory,,,,,,Saudi Arabia,
,,Sassat Company for Transport & Contracting,,,,,,Saudi Arabia,
,,مصنع شركة جدة للتقنية الحيوية لمعالجة وتدوير النفايات الطبية والصناعية,,,,,,Saudi Arabia,
,,شركة المطلق للخدمات و التصنيع المحدودة,,,,,,Saudi Arabia,
,,مصنع الحجر السعودي,,,,,,Saudi Arabia,
,,Luxor Power Co.  Ltd. Factory,,,,,,Saudi Arabia,
,,جدة الثالثة,,,,,,Saudi Arabia,
,,مصنع المستنير لانتاج الفحم الصناعي,,,,,,Saudi Arabia,
,,Saudi Jewelry Factory - Gawahergy,,,,,,Saudi Arabia,
,,مصنع تكنولوجيا الاشارات المرورية,,,,,,Saudi Arabia,
,,Marwan Ali Helmy Factory for Foodstuff,,,,,,Saudi Arabia,
,,مصنع المفروشات العالمي,,,,,,Saudi Arabia,
,,Manar Mounir Al-Aly Factory for Electrical Products,,,,,,Saudi Arabia,
,,مصنع دالا للمياه,,,,,,Saudi Arabia,
,,مصنع المؤسسة العربية لتشكيل الحديد والأنابيب,,,,,,Saudi Arabia,
,,مصنع عطورات ابن سينا الطببيعية,,,,,,Saudi Arabia,
,,مصنع جزيره الحلويات,,,,,,Saudi Arabia,
,,مصنع الأنابيب المتطورة للبلاستيك,,,,,,Saudi Arabia,
,,مصنع المعادن المتقدمة فرع شركة دار الخيول للمقاولات العامة,,,,,,Saudi Arabia,
,,Bawader Al-Naqa Factory for Foam Industry,,,,,,Saudi Arabia,
,,مصنع حسن سليمان لبان للمواد الغذائية,,,,,,Saudi Arabia,
,,مصنع شركة المشرق للصناعات الدوائية,,,,,,Saudi Arabia,
,,مصنع حوراء لمستحضرات التجميل,,,,,,Saudi Arabia,
,,مصنع المنيوم الجزيرة,,,,,,Saudi Arabia,
,,مصنع طارق جميل  جميل الرحمن لصناعة تجهيزات الدعاية والإعلان والعرض,,,,,,Saudi Arabia,
,,مصنع محمد عبدالله النعيم للمياه المعبأه,,,,,,Saudi Arabia,
,,مصنع هال للحديد,,,,,,Saudi Arabia,
,,مصنع بيت ريتال لأضواء الليد,,,,,,Saudi Arabia,
,,المصنع الوطني لمنتجات الجلد والدعاية والاعلان,,,,,,Saudi Arabia,
,,الشركة السعودية لبودرة التغطية المحدودة,,,,,,Saudi Arabia,
,,مصنع مساعد سعود الحربي للصناعات الغذائية,,,,,,Saudi Arabia,
,,مصنع الجزيرة لتصنيع الاواني المنـزلية,,,,,,Saudi Arabia,
,,Saudi Ice Cream Factory,,,,,,Saudi Arabia,
,,مصنع نظم الحماية الكاثودية,,,,,,Saudi Arabia,
,,شركة مصنع المنيوم غرناطة,,,,,,Saudi Arabia,
,,مصنع اليمامة للجوارب والالبسة الداخلية,,,,,,Saudi Arabia,
,,مصنع مؤسسة نجمة الحاسة السابعة لانتاج شرائح البولي اثيلين,,,,,,Saudi Arabia,
,,مصنع عبدالله محمد الثنيان للحديد,,,,,,Saudi Arabia,
,,Al-Jazira Wire Factory,,,,,,Saudi Arabia,
,,مصنع بروق الخليج للمنتجات الحديدية,,,,,,Saudi Arabia,
,,شركة بن سيناء لصناعة الكفوف الطبية المحدودة,,,,,,Saudi Arabia,
,,المصنع الوطني للدبابيس والمقابض الورقية,,,,,,Saudi Arabia,
,,مصنع محمد عبدالله السديري للصناعات الغذائية,,,,,,Saudi Arabia,
,,مصنع شركة نظم البناء المستقبلية,,,,,,Saudi Arabia,
,,مصنع البارق لإنتاج الأدوية,,,,,,Saudi Arabia,
,,Al Amer Advertising Co.,,,,,,Saudi Arabia,
,,المصنع السعودي للمثبتات الصناعية,,,,,,Saudi Arabia,
,,مصنع ياسين سكر للمنتجات العلفية,,,,,,Saudi Arabia,
,,مؤسسة سعيد آل ثنيان للمواد الغذائية,,,,,,Saudi Arabia,
,,مؤسسة منير فؤاد الشبيبي التجارية,,,,,,Saudi Arabia,
,,مصنع عبد القادر الجهني للبلاستيك,,,,,,Saudi Arabia,
,,مصنع شركة تاغي وشركاه لتصنيع مواد البناء,,,,,,Saudi Arabia,
,,شركة الغازي للتجارة والاستيراد,,,,,,Saudi Arabia,
,,مصنع الرياض للعطور والكولونيا والشامبو,,,,,,Saudi Arabia,
,,Jarash Pharmaceutical Industries Company (Joint Limited Liability),,,,,,Saudi Arabia,
,,Bader Mubarak Al Jaaitn Factory forAutomatic Doors and Systems,,,,,,Saudi Arabia,
,,Abdel Nasser Ibrahim Al-Ghamdi Factory for Air-conditioning Ducts,,,,,,Saudi Arabia,
,,مؤسسة الخزيم للأثاث المعدني,,,,,,Saudi Arabia,
,,مصنع سعود عبدالله محسن الغصاب للرخام الصناعي,,,,,,Saudi Arabia,
,,مصنع بارع للأثاث الخشبي,,,,,,Saudi Arabia,
,,ثلاجة المباركية(شركة المباركية للفنادق),,,,,,Saudi Arabia,
,,الشركة السعودية للأربطة الطبية,,,,,,Saudi Arabia,
,,مصنع بن زقر للكبريت,,,,,,Saudi Arabia,
,,Al-Howrah National Establishment for Foodstuffs,,,,,,Saudi Arabia,
,,شركة الجميع القابضة,,,,,,Saudi Arabia,
,,مصنع نور وهدايه لأنتاج الأغلفة الورقية والبلاستيكية لأشرطة الفيديو والكاسيت واسط,,,,,,Saudi Arabia,
,,مصنع هاشم محمد الهاشم,,,,,,Saudi Arabia,
,,مصنع العليان للارفف والاثاث المعدني,,,,,,Saudi Arabia,
,,شركة مصنع رافان للمياه الصحية,,,,,,Saudi Arabia,
,,Al-Mukawl Al-Motamaris Factory for  Movement Oils Production,,,,,,Saudi Arabia,
,,مصنع بشاير للمياه الصحية,,,,,,Saudi Arabia,
,,Aslam Ansari Ansaris Factory for the Production of Quilts and Pillows,,,,,,Saudi Arabia,
,,الخرج,,,,,,Saudi Arabia,
,,Saudi Ice Cream Factory Co. Ltd.,,,,,,Saudi Arabia,
,,المدينة المنورة,,,,,,Saudi Arabia,
,,Al-Jazira Furniture Factory,,,,,,Saudi Arabia,
,,Banana Wood Industries Factory,,,,,,Saudi Arabia,
,,شركة مصنع ناصر عمر باسهل وشريكة للأحذية المحدودة,,,,,,Saudi Arabia,
,,Ahmed Hassan Al-Saleh Factory for Abayas and Bishts,,,,,,Saudi Arabia,
,,مصنع كتيكت للمنتجات الغذائية,,,,,,Saudi Arabia,
,,شركة سليم أحمد ميمني وأولاده لصناعة التغليف,,,,,,Saudi Arabia,
,,مصنع الطبيعة للألبان ومشتقاته,,,,,,Saudi Arabia,
,,مستشفى الدكتور عبدالرحمن طه بخش,,,,,,Saudi Arabia,
,,شركة الزامل للمباني الحديدية,,,,,,Saudi Arabia,
,,شركة ابناء عبدالرحمن العبدالعزيز الشعلان للتجارة – شلاسكو,,,,,,Saudi Arabia,
,,مخابز خبيزاتي الاتوماتيكي /لصاحبه نبيل عبدالرحمن الشعيبي,,,,,,Saudi Arabia,
,,شركة الكيم للصناعات الكيماوية المحدودة,,,,,,Saudi Arabia,
,,مصنع الانصهارالتقني لانظمة العرض وتجهيز المعارض,,,,,,Saudi Arabia,
,,مصنع زهو الريف للمنظفات والمطهرات ومستحضرات التجميل,,,,,,Saudi Arabia,
,,مصنع سعيد احمد المنهوب الزهراني للعطور والمنظفات,,,,,,Saudi Arabia,
,,مصنع دار رهام للمنتجات الورقية,,,,,,Saudi Arabia,
,,Cardboard Packaging Factory,,,,,,Saudi Arabia,
,,شركة مصنع فينوس للانارة,,,,,,Saudi Arabia,
,,مصنع التاج الذهبى للمنتجات البلاستيكية,,,,,,Saudi Arabia,
,,Sultan Saleh Abu Hilal Factory for Iron doors and windows and accessories,,,,,,Saudi Arabia,
,,شركة ناقل,,,,,,Saudi Arabia,
,,مصنع سفاري للصناعات البترولية,,,,,,Saudi Arabia,
,,Mohamed Maamoun Rashwan Factory for Food Supplies,,,,,,Saudi Arabia,
,,Salim Sulaiman Al-Sayed Hana Factory for Shoes,,,,,,Saudi Arabia,
,,مصنع آمال عبد الله العطاس للبلاستيك,,,,,,Saudi Arabia,
,,مصنع العزاز لاوراق الكمبيوتر,,,,,,Saudi Arabia,
,,مصنع اليرموك  للأثاث المعدني,,,,,,Saudi Arabia,
,,مصنع دارين لمنكهات الاغذية,,,,,,Saudi Arabia,
,,Watan Factory for Medical Products,,,,,,Saudi Arabia,
,,مصنع ولاء الخليج للمنتجات البتروليه,,,,,,Saudi Arabia,
,,مصنع ألما الشرق للمنتجات الورقية,,,,,,Saudi Arabia,
,,مصنع عذبة للصناعات الغذائية والعبوات,,,,,,Saudi Arabia,
,,Turki Abdullah Al Qahtani Factory for Wooden Poles,,,,,,Saudi Arabia,
,,مصنع مياه صحوة,,,,,,Saudi Arabia,
,,Harvey Company for Rusk & Pastries,,,,,,Saudi Arabia,
,,مصنع طابه للعصائر والألبان والآيس كريم,,,,,,Saudi Arabia,
,,مصنع إسناد الأعمال للمنتجات البلاستيكية,,,,,,Saudi Arabia,
,,مصنع خالد محمد الهيفاني لزيوت المحركات,,,,,,Saudi Arabia,
,,Attia Mohamad Al-Mazroui Factory for Metal Products,,,,,,Saudi Arabia,
,,مصنع تداين للمنتجات المعدنية,,,,,,Saudi Arabia,
,,مصنع انتاج الشمال للحديد والالمنيوم,,,,,,Saudi Arabia,
,,Sebaiei Industrial  Metal Products Co. Factory,,,,,,Saudi Arabia,
,,مصنع مالك مسرور حيات للصناعات المعدنيه,,,,,,Saudi Arabia,
,,شركة مصنع ابوبكر محمد جيلاني وشريكته للمنتجات البلاستيكية,,,,,,Saudi Arabia,
,,Al-Khabar Advanced Co. for Support Services,,,,,,Saudi Arabia,
,,مصنع نبراس جده,,,,,,Saudi Arabia,
,,Jenan Water Trading Est.,,,,,,Saudi Arabia,
,,مصنع بستان الربيع للمنجات البلاستيكيه,,,,,,Saudi Arabia,
,,مصنع ذروة المجد لتشكيل المعادن لصاحبه / ماجد بن عبدالله الفرحان,,,,,,Saudi Arabia,
,,مصنع عيد علي أل سالم لمياه الشرب والثلج,,,,,,Saudi Arabia,
,,مصنع الوصيم للمحاليل والمطهرات الطبيه,,,,,,Saudi Arabia,
,,Abdullah Nasser Al-Khafrah Factory for Protected Greenhouses,,,,,,Saudi Arabia,
,,مصنع شركة عبدالعزيز الشيحة وشركاه للمنتج,,,,,,Saudi Arabia,
,,مصنع رائد رضا خشيم للصناعات الهندسية,,,,,,Saudi Arabia,
,,مصنع محمد رشيد باعبود للبلاستيك,,,,,,Saudi Arabia,
,,مصنع النحوي للأثاث الخشبي,,,,,,Saudi Arabia,
,,المصنع السعودي للصناعات الخشبية,,,,,,Saudi Arabia,
,,مصنع الشرق الأوسط لصناعة مثاقب الحفر,,,,,,Saudi Arabia,
,,مصنع الاقتصاد الكلي لتصنيع الاجهزة المكتبية,,,,,,Saudi Arabia,
,,مصنع المهلب بابكر لإعادة تدوير وتشكيل الحديد,,,,,,Saudi Arabia,
,,National Foundry Factory for Agricultural Pumps Spare Parts,,,,,,Saudi Arabia,
,,مصنع ريما لصناعة الرافعات,,,,,,Saudi Arabia,
,,Zamil Air Conditioners and Home Appliances Co.,,,,,,Saudi Arabia,
,,الدمام الأولى,,,,,,Saudi Arabia,
,,مصنع محمد الخالد أيوب للإنارة,,,,,,Saudi Arabia,
,,مصنع عميقة لاعمدة الالياف الزجاجية,,,,,,Saudi Arabia,
,,Al-Decor Al-Jamil Aluminium Factory,,,,,,Saudi Arabia,
,,مصنع عبدالحافظ محمد بن شيهون للمنتجات الخشبية والمعدنية,,,,,,Saudi Arabia,
,,مصنع شركة تيار الخليج الدولية للكربون النشط,,,,,,Saudi Arabia,
,,مصنع شركة الغربية الحديثة للتغليف المحدودة,,,,,,Saudi Arabia,
,,Bassem Abdulrahman Al-Qasem Trading Group,,,,,,Saudi Arabia,
,,مصنع لانيه للأحذية,,,,,,Saudi Arabia,
,,مصنع صياب للبلاستيك,,,,,,Saudi Arabia,
,,Aqeel Abdul Latif Al-Aqeel Garments Factory,,,,,,Saudi Arabia,
,,مصنع ساس الخليج للصناعات الكيميائية,,,,,,Saudi Arabia,
,,مصنع برلنت للدهانات,,,,,,Saudi Arabia,
,,شركة خدمات هندسة الحديد,,,,,,Saudi Arabia,
,,مصنع محمد عبد الوحيد امير بخش لاعادة وتدوير الحديد,,,,,,Saudi Arabia,
,,Production and Manufacture of Chemical Fertilizers and their Derivatives Company Factory,,,,,,Saudi Arabia,
,,مصنع مرزوق فيحان العتيبي لانتاج الزيوت المعاد تكريرها,,,,,,Saudi Arabia,
,,شركة المصنع الاهلي للالمنيوم نافكو,,,,,,Saudi Arabia,
,,مصنع شركة الغذاء الفاخر للمنتجات الغذائية,,,,,,Saudi Arabia,
,,مصنع الحاجي للرخام الصناعي والفيبرجلاس,,,,,,Saudi Arabia,
,,مصنع صالح عبدالله التويم للمنتجات الطبية,,,,,,Saudi Arabia,
,,Sorour Obaid Al-Hamazani Factory for Paper Products,,,,,,Saudi Arabia,
,,مصنع هياكل العاليمة للمعادن و الاليات,,,,,,Saudi Arabia,
,,Namaren International Company for Modern Fashion,,,,,,Saudi Arabia,
,,مصنع انماء للبيوت الجاهزة,,,,,,Saudi Arabia,
,,شركة الفيحاء السعودية للتنمية والاستثمار,,,,,,Saudi Arabia,
,,Naqaa El-Shallal Factory for Filling Water & Refreshments,,,,,,Saudi Arabia,
,,Al-Kharj Water Factory,,,,,,Saudi Arabia,
,,مصنع ابراهيم عبدالرحمن المحيسن للأدوات الطبية,,,,,,Saudi Arabia,
,,الشركة السعودية للصناعات الدوائية,,,,,,Saudi Arabia,
,,مصنع كابلات الجودة,,,,,,Saudi Arabia,
,,المصنع العربي لدباغة الجلود,,,,,,Saudi Arabia,
,,مصنع الديوان لرقائق الإفطار والمعجنات الجاهزة,,,,,,Saudi Arabia,
,,Al-Waqyan Factory for Kitchens and Aesthetic Shapes,,,,,,Saudi Arabia,
,,Al-Tawakul Global Co. Ltd. For Metal Industries,,,,,,Saudi Arabia,
,,Ali Mohamed Al-Masoudi & Partner Factory for Ready-made Garments,,,,,,Saudi Arabia,
,,الشركة الدولية لأعمال النفايات البترولية,,,,,,Saudi Arabia,
,,الشركة السعودية المتحدة للصناعات الميكانيكية والكهربائية والالكترونية,,,,,,Saudi Arabia,
,,مصنع خالد عبدالله الراجحي للمنتجات الغذائية,,,,,,Saudi Arabia,
,,مصنع جدة للفلاتر,,,,,,Saudi Arabia,
,,Semnan Factory for Electrical Industries,,,,,,Saudi Arabia,
,,Qemmat Hail Cement Products Factory,,,,,,Saudi Arabia,
,,مصنع مبارك فضل الهمامي للدهانات والمعاجين,,,,,,Saudi Arabia,
,,شركة الصناعات المتحدة,,,,,,Saudi Arabia,
,,Al-Hoot Gulf Factory for Prefabricated Houses,,,,,,Saudi Arabia,
,,مصنع مطلق الشبعان للزيوت والتشحيم,,,,,,Saudi Arabia,
,,شركة صناعات الطباعة المتطورة,,,,,,Saudi Arabia,
,,مصنع عبدالاه عبدالله العتيق للوحات الاعلانيه و الارشاديه,,,,,,Saudi Arabia,
,,مصنع منصور علي الزغيبي لانتاج الاسمدة العضوية,,,,,,Saudi Arabia,
,,Ibrahim Yusuf Sheikh  Factory for Healthy Water,,,,,,Saudi Arabia,
,,مصنع تكنولوجية الرخام,,,,,,Saudi Arabia,
,,مصنع علي عجيم اليامي لزجاج السيكوريت,,,,,,Saudi Arabia,
,,مصنع فوزي خالد الصالح للدواء,,,,,,Saudi Arabia,
,,Sami Hamad Al-Zidani Sweets Factory,,,,,,Saudi Arabia,
,,Al-Hayawiya Establishment for Food Industries,,,,,,Saudi Arabia,
,,Bioreagent Medical Factory,,,,,,Saudi Arabia,
,,مصنع النساجون العرب,,,,,,Saudi Arabia,
,,مؤسسة ابراهيم المطوع السبيعي للصيانة والمقاولات,,,,,,Saudi Arabia,
,,0,,,,,,Saudi Arabia,
,,مصنع شركة سعود علوي السقاف لإنتاج الغازات الطبية و الصناعية,,,,,,Saudi Arabia,
,,مصنع طامي قلوان النجراني لصناعة الاخشاب,,,,,,Saudi Arabia,
,,Dar Al-Maadan  Industry Company,,,,,,Saudi Arabia,
,,مصنع كوكب النجاح للبسكويت والحلويات والسكاكر - فرع الدمام,,,,,,Saudi Arabia,
,,مصنع الضحيان لجلفنة وطلاء المعادن,,,,,,Saudi Arabia,
,,Mosaned Factory for Energy & Plastic Products,,,,,,Saudi Arabia,
,,راشد عبدالله السويكت الهاجري,,,,,,Saudi Arabia,
,,Batterjee Factory for Cosmetics and Baby Care,,,,,,Saudi Arabia,
,,فرع الشركه السعوديه للصناعات الدوائيه والمستلزمات الطبيه,,,,,,Saudi Arabia,
,,شركة وسام السعودية للصناعات الحديدية,,,,,,Saudi Arabia,
,,مصنع المتحدون الذهبي لتدوير المخلفات البلاستيكيه,,,,,,Saudi Arabia,
,,شركة اتحاد كنان للصناعة,,,,,,Saudi Arabia,
,,مصنع علي قاسم الفيفي للحديد والالمنيوم,,,,,,Saudi Arabia,
,,مصنع كوكب النجاح للبسكويت و الحلويات و السكاكر,,,,,,Saudi Arabia,
,,Afaq Al-Asasat Factory for High Pressure Tanks,,,,,,Saudi Arabia,
,,Seven Stars Factory for Plastic Galvanizing and Packaging,,,,,,Saudi Arabia,
,,مصنع سرابيا لحمض الستريك,,,,,,Saudi Arabia,
,,مصنع اليحيا للبلاستيك,,,,,,Saudi Arabia,
,,مصنع مرعي سالم الصيعري للثلج,,,,,,Saudi Arabia,
,,مصنع شري للمعادن,,,,,,Saudi Arabia,
,,سعد سلمى الحربي للمنتجات البلاستيكية,,,,,,Saudi Arabia,
,,مصنع طيبة للأجهزة الكهربائية,,,,,,Saudi Arabia,
,,الشركة السعودية للفيبرجلاس,,,,,,Saudi Arabia,
,,Suleiman Bin Mohamed Al-Talib Factory for Metal Containers,,,,,,Saudi Arabia,
,,مصنع هدى ناصر آل خميس,,,,,,Saudi Arabia,
,,موسسة لقلات لصناعة الاغذية,,,,,,Saudi Arabia,
,,مصنع رامكو للدهانات والمعاجين,,,,,,Saudi Arabia,
,,Samah Mohamed Rashoud Al Khareef,,,,,,Saudi Arabia,
,,مصنع سامي ابراهيم المحيميد,,,,,,Saudi Arabia,
,,مصنع الأسود الثلاثية للحماية الكاثودية,,,,,,Saudi Arabia,
,,تركي سعود نايف بن سقيان,,,,,,Saudi Arabia,
,,مصنع سعيد علي الغامدي للكرتون,,,,,,Saudi Arabia,
,,مصنع مملكة السيف للمنظفات,,,,,,Saudi Arabia,
,,شركه مصنع كريستال للرخام الصناعى,,,,,,Saudi Arabia,
,,مصنع على محمد البكرى للمشغولات المعدنية والخشبية,,,,,,Saudi Arabia,
,,Rehab Abdul Qadir Plastic Factory,,,,,,Saudi Arabia,
,,مؤسسة محمد السيد للصناعات البلاستيكية,,,,,,Saudi Arabia,
,,مصنع فرع شركه همت مصطفى عبدالله وشريكها,,,,,,Saudi Arabia,
,,Al-Markaba Detergents Factory,,,,,,Saudi Arabia,
,,الدمام الثالثة,,,,,,Saudi Arabia,
,,مصنع صحاري طيبة للتمور,,,,,,Saudi Arabia,
,,مصنع فهد نزال العنزي لتصنيع الهياكل الحديدية والبيوت الجاهزة,,,,,,Saudi Arabia,
,,Shuail Sahmi Al-Hajri Iron Factory,,,,,,Saudi Arabia,
,,مصنع فارس علي آل منجم لتعبئة المنظفات والمواد البترولية,,,,,,Saudi Arabia,
,,Al Takarob Modern Factory for Metal Products,,,,,,Saudi Arabia,
,,مصنع شركة سهيل بن عبدالمحسن الشعيبي وأولاده القابضة لرؤوس ابار النفط الغاز,,,,,,Saudi Arabia,
,,Abdullah Ali Al-Sanea Plastic Factory,,,,,,Saudi Arabia,
,,المصنع العربي لمنتجات البي في سي والألمنيوم,,,,,,Saudi Arabia,
,,Mohamed Alneama Abdo Kanna Factory for Dates and Derivatives,,,,,,Saudi Arabia,
,,مصنع شركة اتحاد كنان للمنتجات الاستهلاكية,,,,,,Saudi Arabia,
,,Naqawa Factory Company Limited for Gold & Jewleries,,,,,,Saudi Arabia,
,,Shahd Al-Jazeera Factory for Food Materials,,,,,,Saudi Arabia,
,,مصنع الهلال الحديث لأنظمة الحماية الكاثودية,,,,,,Saudi Arabia,
,,مشارف العاصمة للاتصالات وتقنية المعلومات,,,,,,Saudi Arabia,
,,Shadan International Factory for Leather Bags,,,,,,Saudi Arabia,
,,مصنع عاصم عبد المجيد شيهون للأسفنج,,,,,,Saudi Arabia,
,,مصنع شركة استار الشرق الاوسط,,,,,,Saudi Arabia,
,,شركة محمود أبو خزنة و شركاه السعودية,,,,,,Saudi Arabia,
,,"Mohamed Hamoud Al-Barjas Factory for Electrical Measurement, Pressure, and Testing  Devices",,,,,,Saudi Arabia,
,,Power Solutions Co. Factory,,,,,,Saudi Arabia,
,,Mohamed Saleh Al-Rashed Filters Factory,,,,,,Saudi Arabia,
,,Shabaka Al-Matabekh Factory,,,,,,Saudi Arabia,
,,Reayat Al-Aila  Water Company Factory,,,,,,Saudi Arabia,
,,مصنع شركة الخليج هولج للتوانك واللوابد,,,,,,Saudi Arabia,
,,Mahmoud Abdulrahman Al-Saadi Factory for the production of Cars Furnishing Fabrics,,,,,,Saudi Arabia,
,,Hosna Mohamed Al-Harbi Factory for Tissue Papers,,,,,,Saudi Arabia,
,,Perfection Technology Co. Factory for Industrial Services,,,,,,Saudi Arabia,
,,Walid al-Zaidi Misfer Factory for Wooden Furniture,,,,,,Saudi Arabia,
,,Saudi-Jordanian Company for Engineering Industries,,,,,,Saudi Arabia,
,,"Hussein Omar Al-Attas Factory Co., Ltd. for Metal Products",,,,,,Saudi Arabia,
,,مصنع شركة عبداللطيف جميل للتمور,,,,,,Saudi Arabia,
,,مصنع عيسى للحديد,,,,,,Saudi Arabia,
,,مصنع طارق نقادي للمنسوجات و مشتقاتها,,,,,,Saudi Arabia,
,,مصنع الراسيات لزيوت التشحيم,,,,,,Saudi Arabia,
,,مصنع شركة بوان للصناعات المعدنية,,,,,,Saudi Arabia,
,,مصنع زام لصناعة الالمنيوم,,,,,,Saudi Arabia,
,,مصنع البقمي لكربونات الكالسيوم,,,,,,Saudi Arabia,
,,مصنع التقنية الحديثة للأحبار,,,,,,Saudi Arabia,
,,مصنع عبدالعزيز محمد العيسى لطلاء المعادن وتشكيله,,,,,,Saudi Arabia,
,,Mahasen Factory for Re-refined Motor Oils,,,,,,Saudi Arabia,
,,Gulf Steel Factory,,,,,,Saudi Arabia,
,,Omar Shaman Al-Anzi Factory for Medical Machines,,,,,,Saudi Arabia,
,,Makhabezcom Advanced Company Limited,,,,,,Saudi Arabia,
,,Industrial and Mechanical Services Co. Ltd.,,,,,,Saudi Arabia,
,,مصنع تيسير الرميح للمنصات الخشبية,,,,,,Saudi Arabia,
,,مصنع إيثار للحديد,,,,,,Saudi Arabia,
,,مصنع طلال الخليج لأمواس الحلاقة,,,,,,Saudi Arabia,
,,مصنع الهبة الحديث للحجر والرخام,,,,,,Saudi Arabia,
,,Riyadh Water Cooler Factory(Al-Kawther),,,,,,Saudi Arabia,
,,Al-Doroub Global Steel Industries Factory,,,,,,Saudi Arabia,
,,Flexible Packaging Co. Ltd.,,,,,,Saudi Arabia,
,,جدة الأولى,,,,,,Saudi Arabia,
,,Supreme Food Manufacturing Co. Ltd.,,,,,,Saudi Arabia,
,,Al-Wafraa Factory for Industrial and Chemical Solvents,,,,,,Saudi Arabia,
,,مصنع وليد خالد الهاجري للصناعات الحديدية,,,,,,Saudi Arabia,
,,مصنع محمد بن عبدالله العجمي للمقطورات الحديدية,,,,,,Saudi Arabia,
,,Moaz Abdullah Alkhneni Factory for Iron Rolling,,,,,,Saudi Arabia,
,,مصنع فارس آل منجم لصناعة المواد الغذائية,,,,,,Saudi Arabia,
,,مصنع اتحاد الاعمال لموانع التسرب,,,,,,Saudi Arabia,
,,مصنع فداء الجزيره للصناعات الدوائيه,,,,,,Saudi Arabia,
,,مصنع منازل للانشاء فرع شركة دار الخيول للمنتجات المعدنية,,,,,,Saudi Arabia,
,,Pastry Kingdom Factory for Foodstuffs,,,,,,Saudi Arabia,
,,مصنع الكيماويات والملونات الصناعية,,,,,,Saudi Arabia,
,,مصنع الطاقة المتجددة للفحم الخشبي,,,,,,Saudi Arabia,
,,مصنع محمد قريان القحطاني للحديد,,,,,,Saudi Arabia,
,,مصنع نواف عبدالكريم السبهان لمنتجات البلاستيك,,,,,,Saudi Arabia,
,,مصنع أبو ثامر للأثاث,,,,,,Saudi Arabia,
,,مصنع النجم الشمالي لإنتاج الأنابيب والخزانات الحديدية,,,,,,Saudi Arabia,
,,مصنع محمد عبدالله البريكي لإطارات السيارات,,,,,,Saudi Arabia,
,,Osour Al-Taqaneya Company,,,,,,Saudi Arabia,
,,Al-Mosheer International Fabrics factory,,,,,,Saudi Arabia,
,,مصنع البناؤن الخليجيون للمنتجات الحديدية والالمنيوم,,,,,,Saudi Arabia,
,,مصنع ضاحيه الخرج للمشغولات المعدنيه,,,,,,Saudi Arabia,
,,Coffee Port Café,,,,,,Saudi Arabia,
,,مصنع شركة ناصر محيل السهلي ولؤي عطالله السهلي للتمور,,,,,,Saudi Arabia,
,,مصنع دانى الخليج للأغذية,,,,,,Saudi Arabia,
,,National Factory for Air-Conditioning Vents and Refineries,,,,,,Saudi Arabia,
,,مصنع وليد عبدربة عمر بامطرف للوحات الاعلانية,,,,,,Saudi Arabia,
,,Makkah National Factory Co. for Aluminium Kitchens Ltd,,,,,,Saudi Arabia,
,,مصنع افانين الحديثة للبلاستيك,,,,,,Saudi Arabia,
,,شركة هنيكل العربية السعودية للمنظفات المحدودة,,,,,,Saudi Arabia,
,,مصنع رصاصية للعطور,,,,,,Saudi Arabia,
,,مصنع محمد الحسين ابراهيم ال ابراهيم المعشي لا عادة تدوير البلاستك,,,,,,Saudi Arabia,
,,مصنع الفائقة المتخصصة لمركبات البولي ايثيلين,,,,,,Saudi Arabia,
,,مصنع ناجو لتشكيل المعادن,,,,,,Saudi Arabia,
,,مصنع القدرة المتعددة للمحركات الكهربائية,,,,,,Saudi Arabia,
,,مصنع شركة المفتاح الدولي للصناعات التقنية,,,,,,Saudi Arabia,
,,مصنع داجن الغذائي,,,,,,Saudi Arabia,
,,مصنع شركة ستراء الأمل,,,,,,Saudi Arabia,
,,مصنع عبد العزيز كيماوي للصابون,,,,,,Saudi Arabia,
,,مصنع محمد ابراهيم عجاج لانتاج زوايا وقطاعات حديدية,,,,,,Saudi Arabia,
,,Abdul Aziz Ayyad Al-Nakhli Factory for Plastic Products,,,,,,Saudi Arabia,
,,مصنع دهانات سابكوت,,,,,,Saudi Arabia,
,,شركة اتحاد اتصالات,,,,,,Saudi Arabia,
,,Al-Sah Paints Factory,,,,,,Saudi Arabia,
,,شركة أباحسين كوب العربية السعودية المحدودة,,,,,,Saudi Arabia,
,,مصنع مخابز رغف,,,,,,Saudi Arabia,
,,مصنع المركبات الغذائية السعودي للصناعة,,,,,,Saudi Arabia,
,,مصنع معتزة العربية للصناعة,,,,,,Saudi Arabia,
,,Solaiman Ali Al-Qafari,,,,,,Saudi Arabia,
,,مصنع الوف الحديث للالمنيوم والصناعات المعدنية,,,,,,Saudi Arabia,
,,مصنع احلام الخليج للمواد الاصقه,,,,,,Saudi Arabia,
,,مصنع عبدالله منيف المنيف للبلاستيك,,,,,,Saudi Arabia,
,,مصنع شركة حلول اللدائن المحدودة,,,,,,Saudi Arabia,
,,Automatic Control Systems Factory,,,,,,Saudi Arabia,
,,مصنع النافورة للرخام الصناعي,,,,,,Saudi Arabia,
,,مصنع مخابز حول المدينة للحلويات و المعجنات,,,,,,Saudi Arabia,
,,مصنع وردة البنان للأسقف المعدنية,,,,,,Saudi Arabia,
,,مصنع مون للخرسانة الجاهزة,,,,,,Saudi Arabia,
,,مصنع المؤسسة السعودية لتسويق البلاستيك,,,,,,Saudi Arabia,
,,الشركة  المتحدة لصناعة الأنابيب,,,,,,Saudi Arabia,
,,Line Private Factory for Blocks and Tiles,,,,,,Saudi Arabia,
,,مصنع طران للبلاستيك,,,,,,Saudi Arabia,
,,مصنع أروع البناء للأثاث الخشبي,,,,,,Saudi Arabia,
,,مصنع مسبك الدمام المركزي,,,,,,Saudi Arabia,
,,Abdullah Turki Saleh Al-Harbi Trading Est.,,,,,,Saudi Arabia,
,,مصنع عبدالعزيز معيض مريع للعوازل المائية والحرارية من البوليسترين,,,,,,Saudi Arabia,
,,مصنع نايف مقبل العنزي للاثاث المعدني و الخشبي و المكتبي و ملحقاتها,,,,,,Saudi Arabia,
,,مصنع مجموعة وافر العالمية للألبان و الأجبان,,,,,,Saudi Arabia,
,,Al-Qufazy Factory for Dates and Derivatives,,,,,,Saudi Arabia,
,,Comprehensive Textile Products Factory,,,,,,Saudi Arabia,
,,مصنع النهج الصالح للصناعات الغذائية,,,,,,Saudi Arabia,
,,مصنع مجدي احمد رئيس لانتاج المعدات,,,,,,Saudi Arabia,
,,Sundus Riyadh Trading and Industrial Services Est.,,,,,,Saudi Arabia,
,,مصنع غفران للبلاستيك,,,,,,Saudi Arabia,
,,مصنع شركة عبر الخرسانة,,,,,,Saudi Arabia,
,,مصنع القصيم للتوانك,,,,,,Saudi Arabia,
,,Raa Karim Medical Factory,,,,,,Saudi Arabia,
,,Al-Mawkeb Special Factory for Poles and Galvanizing,,,,,,Saudi Arabia,
,,مصنع الماس التنفيذية للدهانات,,,,,,Saudi Arabia,
,,مصنع الوان اللقاء لصناعة الملابس الجاهزة لصاحبه اشرف زكي بارومه,,,,,,Saudi Arabia,
,,Global Disinfectants Factory,,,,,,Saudi Arabia,
,,مصنع سيدار للأعمال الحديدية,,,,,,Saudi Arabia,
,,Rukn Al-Sarir Company Factory,,,,,,Saudi Arabia,
,,مصنع حسين علي الخرس لانتاج حبيبات المطاط,,,,,,Saudi Arabia,
,,Badr Sulaiman Al Nahdi Trading Establishment,,,,,,Saudi Arabia,
,,Mohamed Bin Laden Co. Factory for Iron Bending,,,,,,Saudi Arabia,
,,فرع شركة تقنية الفوم المحدودة فرع شركة مجموعة السريع للاستثمار الصناعي,,,,,,Saudi Arabia,
,,المصنع العربي لقضبان السكك الحديدية,,,,,,Saudi Arabia,
,,مصنع غدير الرياض لصناعات المعدنية,,,,,,Saudi Arabia,
,,مصنع ميناء الشمال للبلاستيك,,,,,,Saudi Arabia,
,,Osama Mohamed El Shemy Factory for the Manufacture of Metal  and Home Appliances,,,,,,Saudi Arabia,
,,Saleh Fahd Al-Abdelwahed Factory for Solar Power Products,,,,,,Saudi Arabia,
,,مصنع حميد حامد المحمدي للبلاستيك,,,,,,Saudi Arabia,
,,مصنع روض القصيم للعصيرات,,,,,,Saudi Arabia,
,,مؤسسة أفلاك المملكة للتجارة والاستيراد لصاحبها عبدالعزيز حمد العويد,,,,,,Saudi Arabia,
,,مصنع زارع للمنتجات البلاستيكية,,,,,,Saudi Arabia,
,,مصنع عبدالرحمن على الخضير لصناعة بطائن اليوليستر,,,,,,Saudi Arabia,
,,مصنع محمد باعبود لادوات النظافة,,,,,,Saudi Arabia,
,,مصنع بيت احلى حلى,,,,,,Saudi Arabia,
,,Dr. Samir Abdel Wahab Bahrawi & Co. Medical Services Company Ltd.,,,,,,Saudi Arabia,
,,مصنع الاحساء لدرفلة الحديد,,,,,,Saudi Arabia,
,,مصنع الحاسب الآلي العالمي,,,,,,Saudi Arabia,
,,مصنع الرياض للقوالب المطاط,,,,,,Saudi Arabia,
,,Al-Hokair Factory for Amusement Rides,,,,,,Saudi Arabia,
,,Ahmed Saeed Afifi & Partner Factory for Melamine Panels (Formica),,,,,,Saudi Arabia,
,,البنك السعودي الفرنسي,,,,,,Saudi Arabia,
,,مصنع شركة الجازع لانابيب البولي ايثلين,,,,,,Saudi Arabia,
,,Shaimaa Mohamed Al-kadn for Forrage,,,,,,Saudi Arabia,
,,Green Energy Factory for Industrial Wood,,,,,,Saudi Arabia,
,,مصنع العالمية لإعادة تكرير الزيوت,,,,,,Saudi Arabia,
,,مؤسسة رواد نهج الرشد للمنتجات الخرسانية,,,,,,Saudi Arabia,
,,الأول للأنجيلة الصناعية,,,,,,Saudi Arabia,
,,مصنع وسائل الحجر للرخام الصناعي,,,,,,Saudi Arabia,
,,Cartony Paper Factory,,,,,,Saudi Arabia,
,,مصنع شركة الاخوة للخرسانة الجاهزة,,,,,,Saudi Arabia,
,,شركة مصنع الزوايا المتحدة المحدودة,,,,,,Saudi Arabia,
,,Reda Factory for the Manufacture of Firefighting Equipment,,,,,,Saudi Arabia,
,,شركة الرائد العربي للصناعة والتجارة المح,,,,,,Saudi Arabia,
,,مصنع كنوز الحديد لتشكيل الحديد,,,,,,Saudi Arabia,
,,مصنع انظمة الطاقة للمنتجات الكهربائية,,,,,,Saudi Arabia,
,,مصنع الأميرة ريم بنت فيصل بن سعود آل سعود للإسفنج,,,,,,Saudi Arabia,
,,مصنع سخا المدينه للمياه الصحيه,,,,,,Saudi Arabia,
,,Rashed El-Abedlrahman Al-Rashed & Sons Co. for the Manufacture of Iron Products,,,,,,Saudi Arabia,
,,مصنع شركة ابناء عبدالعزيز محمود سرتي لزيوت التشحيم,,,,,,Saudi Arabia,
,,Ibrahim Saleh Najim Factory for Chemical Detergents,,,,,,Saudi Arabia,
,,مصنع فلك الاستقامه للخراطيم والانابيب,,,,,,Saudi Arabia,
,,مصنع ظافر علي اليامي لكيماويات معالجة المياه,,,,,,Saudi Arabia,
,,مصنع شركة محمد سالم السويدي للصمامات,,,,,,Saudi Arabia,
,,مصنع بيت الحصانة للوسائل الآمنة ومكافحة الغش والتزوير (هولوجرام),,,,,,Saudi Arabia,
,,مصنع شركة مناض للراتنجات,,,,,,Saudi Arabia,
,,مصنع بدر ناصر الطخيم للقطاعات الحديدية,,,,,,Saudi Arabia,
,,مصنع مشنان فراج مرشد الدوسري لمكائن التزييت و التشحيم و الحقن الكيميائي,,,,,,Saudi Arabia,
,,مصنع أجياد للصناعات التعدينية,,,,,,Saudi Arabia,
,,Tami Kolwan Al-Najrani Factory for Floor Poles,,,,,,Saudi Arabia,
,,مصنع ايلاف الخير للبطاطس النصف مقلية,,,,,,Saudi Arabia,
,,مصنع محمد بن عبدالله الحوطي للعلب والليات البلاستيكية,,,,,,Saudi Arabia,
,,Hamza Khushaim and Mohamed Jamal Factories,,,,,,Saudi Arabia,
,,مصنع شركة المناجر السعودية للمنتجات الخشبية,,,,,,Saudi Arabia,
,,مصنع نور دارين للخبز والحلويات,,,,,,Saudi Arabia,
,,مصنع محمد وسعود لصناعة العبوات المعدنية,,,,,,Saudi Arabia,
,,مصنع شركة سرايا التقسيط للمنتجات البلاستيكية,,,,,,Saudi Arabia,
,,Mohamed Abdel Hamid Abu Nada Factory for Manufacturing  Stone & Marble Machines,,,,,,Saudi Arabia,
,,شركة مصنع شعاع للرخام وديكورات البورسلين,,,,,,Saudi Arabia,
,,مصنع ايلاف السعاده للمنتجات الغذائيه,,,,,,Saudi Arabia,
,,شركه حنين الحديثه لانتاج وتعبئه العصائر والمياه المحدودة,,,,,,Saudi Arabia,
,,مصنع عبدالله عيسي الراشد للانابيب والخراطيم,,,,,,Saudi Arabia,
,,مصنع سامي احمد الفلاته لإنتاج البيتوتومين والزيوت العاد تكريرها,,,,,,Saudi Arabia,
,,Astra Polymer Compounding Co.,,,,,,Saudi Arabia,
,,Sami Mohamed Jamil Gamgoum Paints Factory,,,,,,Saudi Arabia,
,,مصنع شركه ايا العالميه للبلاستيك,,,,,,Saudi Arabia,
,,Mosaed Mohamed Al-Rowaitaa Factory for Plastic,,,,,,Saudi Arabia,
,,مصنع الصناعات الكهربائية السعودية,,,,,,Saudi Arabia,
,,مصنع الزامل للحديد,,,,,,Saudi Arabia,
,,مصنع هويرات للأعلاف الحيوانية,,,,,,Saudi Arabia,
,,"Gulf Factory for Salt Products, Dietary Supplements, Feed and Disinfectants",,,,,,Saudi Arabia,
,,مصنع عبدالمحسن محمدالمسفر لتصنيع صمامات البترول والغاز,,,,,,Saudi Arabia,
,,Amer Awwad Al-Raddadi Factory for Plastic Pipes,,,,,,Saudi Arabia,
,,هاني يوسف مراد للالمنيوم,,,,,,Saudi Arabia,
,,مصنع شيه الجزيره لسحب و صهر الالمنيوم,,,,,,Saudi Arabia,
,,مؤسسه / اسيل الذهبية للتجارة,,,,,,Saudi Arabia,
,,Arabian Manufacturing Industries Establishment,,,,,,Saudi Arabia,
,,مصنع محمد عبدالله البريكي لدهانات السيارات,,,,,,Saudi Arabia,
,,شركة ديار راكان السعودية المحدودة,,,,,,Saudi Arabia,
,,مصنع عبدالله عيسي الراشد لمواد البناء,,,,,,Saudi Arabia,
,,Riyadh Co. for Iron Rolling,,,,,,Saudi Arabia,
,,مصنع الجزيرة للبلاستيك,,,,,,Saudi Arabia,
,,ALAA AESSEAL Co.Ltd,,,,,,Saudi Arabia,
,,المصنع التقني لإنتاج الدبابيس والمسامير,,,,,,Saudi Arabia,
,,مصنع موسى أحمد محمد صديق لجلفنة وطلاء المعادن,,,,,,Saudi Arabia,
,,Al-Shorouq Factory for Gypsum Ceilings and Metal Slides,,,,,,Saudi Arabia,
,,مصنع المطرودي لالعاب الاطفال الحديدية,,,,,,Saudi Arabia,
,,شركة رخام الجزيرة,,,,,,Saudi Arabia,
,,مصنع الرائد للمنتجات الكهربائية,,,,,,Saudi Arabia,
,,مصنع انتاج العبوات الفارغة,,,,,,Saudi Arabia,
,,مصنع الجلفنة و التلبيس الصناعي,,,,,,Saudi Arabia,
,,مصنع شركة محمد سالم السويدي للمنتجات الم,,,,,,Saudi Arabia,
,,Al-Shamrani Trading & Industry Co. Factory,,,,,,Saudi Arabia,
,,Solar Energy Systems  Co. Factory for Solar Systems,,,,,,Saudi Arabia,
,,Ibrahim Abdul Rahman Al-Mana Factory Aluminum and Glass Products,,,,,,Saudi Arabia,
,,الرياض الثانية,,,,,,Saudi Arabia,
,,دار خميس للطباعة والنشر,,,,,,Saudi Arabia,
,,الدمام الثانية,,,,,,Saudi Arabia,
,,Gadran Co. Ltd. Factory,,,,,,Saudi Arabia,
,,مصنع زخرفة المعادن,,,,,,Saudi Arabia,
,,شركة خدمات تي آر للزيت العربية المحدودة,,,,,,Saudi Arabia,
,,مصنع محمد إبراهيم الخليفة للذهب والمجوهرات,,,,,,Saudi Arabia,
,,مصنع شركة المكاتب المحدودة للقواطع والأثاث المنجد,,,,,,Saudi Arabia,
,,مصنع جود الكهرباء,,,,,,Saudi Arabia,
,,Gulf Lamp Factory for Utility Poles,,,,,,Saudi Arabia,
,,شركة انماء للصناعات الخشبية,,,,,,Saudi Arabia,
,,مصنع موسى أحمد محمد صديق للمنظفات,,,,,,Saudi Arabia,
,,مصنع عبيد على السلمى للمشغولات الحديدية و الالومنيوم,,,,,,Saudi Arabia,
,,مصنع شركة رمال البيداء للطوب العازل والطوب الرملي,,,,,,Saudi Arabia,
,,شركة مصنع الأمان لأجهزة الانذار والتحذير,,,,,,Saudi Arabia,
,,شركة مصنع عزيز للمواسير الأوربية,,,,,,Saudi Arabia,
,,مصنع معاذ عبدالله القريشي للصناعات الحديدية,,,,,,Saudi Arabia,
,,شركة هيون الأمواج السعودية,,,,,,Saudi Arabia,
,,مصنع دار العاذرية للطباعة والنشر والاعلان,,,,,,Saudi Arabia,
,,مصنع عبدالعزيز الضيبان للتوانك والمقطوارات,,,,,,Saudi Arabia,
,,مصنع ربيع تبوك لتشكيل المعادن,,,,,,Saudi Arabia,
,,مصنع أكاسيا للمياه والعصائر والمرطبات,,,,,,Saudi Arabia,
,,مصنع شركة إنتاج وتصنيع الأسمدة الكيماوية ومشتقاتها,,,,,,Saudi Arabia,
,,مجال البناء للمنتجات الاسمنتية,,,,,,Saudi Arabia,
,,مصنع ارتال للاعمال الخشبية والديكور,,,,,,Saudi Arabia,
,,مصنع عبدالاله محمد الثابت للافران,,,,,,Saudi Arabia,
,,مصنع سلطان سلمان حثلين للصناعات,,,,,,Saudi Arabia,
,,Al-Fanar Electrical Systems  Factory,,,,,,Saudi Arabia,
,,Khaldoun Metal Furniture Factory,,,,,,Saudi Arabia,
,,مصنع الصفاة لتصنيع اللحوم,,,,,,Saudi Arabia,
,,امداد الخدمات الصناعية,,,,,,Saudi Arabia,
,,مؤسسة الهدمول التجارية,,,,,,Saudi Arabia,
,,مصنع الشركة السعودية الأولى لصناعة المنشآت الحديدية,,,,,,Saudi Arabia,
,,مصنع بلاطاتي للصناعة,,,,,,Saudi Arabia,
,,مصنع فيصل سليمان الزامل لخزف اللحام,,,,,,Saudi Arabia,
,,مصنع عبدالله علي الماضي لصمامات المياه,,,,,,Saudi Arabia,
,,عبد الرحمن علي الجربوع,,,,,,Saudi Arabia,
,,Sadiq Al-Osra Industrial Factory,,,,,,Saudi Arabia,
,,Sliver Arrows Establishment,,,,,,Saudi Arabia,
,,مصنع جبس الشرقية,,,,,,Saudi Arabia,
,,مصنع العالية لإنتاج كربونات الكالسيوم,,,,,,Saudi Arabia,
,,الشركة الراعية للخدمات العقارية,,,,,,Saudi Arabia,
,,شركة تقنية الأخشاب المحدودة,,,,,,Saudi Arabia,
,,Osman Saleh Al-Ghamdi Water Factory,,,,,,Saudi Arabia,
,,"Factory of Barrick Systems Middle East Co., Ltd. Branch",,,,,,Saudi Arabia,
,,مصنع دار شهد لمستحضرات التجميل,,,,,,Saudi Arabia,
,,مصنع الشركة الصناعية التطويرية للشباك و لأسلاك,,,,,,Saudi Arabia,
,,شركة أوليو العربية,,,,,,Saudi Arabia,
,,مصنع عبدالرحمن محمد الطخيس للاسمدة,,,,,,Saudi Arabia,
,,مصنع رمز للصناعات المعدنية,,,,,,Saudi Arabia,
,,شركة مستور بن سعد بن مرفاع للاجزاء الخرسانية الجاهزة والمنتجات الاسمنتية,,,,,,Saudi Arabia,
,,مصنع ابتكارات العالمية لمنتجات الأخشاب والبي في سي,,,,,,Saudi Arabia,
,,مصنع الراجحي للصناعات الحديدية,,,,,,Saudi Arabia,
,,Astra Industrial Factory for Fertilizers and Pesticides,,,,,,Saudi Arabia,
,,الدمام الثانية,,,,,,Saudi Arabia,
,,مصنع  احمد حمد السعيد للمنتجات الغدائيه,,,,,,Saudi Arabia,
,,مصنع ادلب العربية للمستحضرات الطبية والعناية بالجسم,,,,,,Saudi Arabia,
,,مصنع كمال يوسف جميل لقضبان الحديد,,,,,,Saudi Arabia,
,,مصنع محسن هلال المشهراوي لتشكيل الزجاج,,,,,,Saudi Arabia,
,,Refa Saleh Al-Qahtani Blocks Factory,,,,,,Saudi Arabia,
,,مصنع هادي هليل العنزي لتكرير الزيوت,,,,,,Saudi Arabia,
,,مصنع ألوان اللوتس للدهانات المحدودة,,,,,,Saudi Arabia,
,,شركة العالم الفنية للمشغولات الحديدية,,,,,,Saudi Arabia,
,,مصنع السعودية للمنظفات الكيماوية,,,,,,Saudi Arabia,
,,"Branch of the General Electric International, Inc.",,,,,,Saudi Arabia,
,,مؤسسة الشرق الأوسط للخدمات الفنية الصناعية,,,,,,Saudi Arabia,
,,مصنع فاضل حسن الحارثي للمشغولات الخشبية,,,,,,Saudi Arabia,
,,مصنع شركة الخليج للتأثيث,,,,,,Saudi Arabia,
,,شركة مطاعم إطلاله روابي الشام,,,,,,Saudi Arabia,
,,فرع شركة رمضون اتش كيه انترناشونال جروب ليمتد,,,,,,Saudi Arabia,
,,شركة جكام للكيماويات المتخصصة,,,,,,Saudi Arabia,
,,مصنع بادريق للديكور والمذهبات الزجاجية,,,,,,Saudi Arabia,
,,مصنع بسام محمد بودي للأغذية,,,,,,Saudi Arabia,
,,مصنع صلاح حسن ابا حسين للأنابيب البلاستيكية,,,,,,Saudi Arabia,
,,شركة مصنع مالك التقنية للصناعات,,,,,,Saudi Arabia,
,,مصنع الكون الراقي للبلاستيك,,,,,,Saudi Arabia,
,,مصنع مجموعة البسام الصناعية للحديد,,,,,,Saudi Arabia,
,,مصنع زيد المليحي لأقلام الرصاص,,,,,,Saudi Arabia,
,,مصنع فيصل احمد الشعبان للحجر,,,,,,Saudi Arabia,
,,Energy & Electricity Sevices Company - Porco,,,,,,Saudi Arabia,
,,مصنع شركة وحدات الوطن لإنتاج الحوائط الحرسانية,,,,,,Saudi Arabia,
,,مصنع اطوار الرياض للبلاستك,,,,,,Saudi Arabia,
,,مؤسسة محمد محيا الرشيدي لنقل البضائع,,,,,,Saudi Arabia,
,,شركة مصنع الاستانلس ستيل الفنية,,,,,,Saudi Arabia,
,,مصنع عبدالرحمن سعد الخضير لمواد البناء,,,,,,Saudi Arabia,
,,مصنع العارض لأكياس البلاستيك,,,,,,Saudi Arabia,
,,مصنع الاواني المنزلية من الميلامين,,,,,,Saudi Arabia,
,,شركة اف ام سي تكنولوجيز السعودية المحدود,,,,,,Saudi Arabia,
,,مصنع الأنوار لصناعة قواعد اللمبات,,,,,,Saudi Arabia,
,,مصنع زيوف للمنتجات الخشبية,,,,,,Saudi Arabia,
,,مصنع على باموكره للبلاستيك,,,,,,Saudi Arabia,
,,مصنع جابر غانم الحسيني لانتاج مجاري الهواء,,,,,,Saudi Arabia,
,,الشركة العربية البرازيلية للصناعات الكهربائية,,,,,,Saudi Arabia,
,,Fast Metal and Wooden Furniture Factory,,,,,,Saudi Arabia,
,,Khaled Ali Al-Turki & Sons Co.,,,,,,Saudi Arabia,
,,مصنع فنون الألمنيوم,,,,,,Saudi Arabia,
,,الشركة الوطنية للصناعات الكهربائية,,,,,,Saudi Arabia,
,,مشنع ستا للأثاث الخشبي,,,,,,Saudi Arabia,
,,مصنع عبدالله عبدالعزيز اليمني للمساحيق واللقاحات البيطرية,,,,,,Saudi Arabia,
,,مصنع كوب لكيماويات معالجة المياه,,,,,,Saudi Arabia,
,,مصنع شركه نساف للحديد,,,,,,Saudi Arabia,
,,Al Sharq Green House Factory,,,,,,Saudi Arabia,
,,معمل منصورعبد الرحمن الهويش لانتاج المواد الاستهلاكية الخفيفة,,,,,,Saudi Arabia,
,,مؤسسة ابن خلدون للبصريات,,,,,,Saudi Arabia,
,,عبدالرحمن صنيتان الحربي للبلاستيك,,,,,,Saudi Arabia,
,,Al Aman Company for Plastic Materials,,,,,,Saudi Arabia,
,,مصنع العهد لزيوت المحركات المكررة,,,,,,Saudi Arabia,
,,Furniture Systems Factory,,,,,,Saudi Arabia,
,,مصنع محمد ابراهيم المهيزع للمنتجات الاسمنتية,,,,,,Saudi Arabia,
,,مصنع النسر للمكيفات الصحراوية والعربات,,,,,,Saudi Arabia,
,,مصنع سعد صالح العوض للأثاث الخشبي,,,,,,Saudi Arabia,
,,مصنع لوحات التوزيع الكهربائية,,,,,,Saudi Arabia,
,,فرع مصنع الشركة السعودية للصناعات الكهربائية المحدودة,,,,,,Saudi Arabia,
,,National Medical Care Company,,,,,,Saudi Arabia,
,,Higher Institute Of Applied Printing Training,,,,,,Saudi Arabia,
,,مصنع شركة بيت نورة للمطاط,,,,,,Saudi Arabia,
,,مصنع الهجرسية للمستلزمات الطبية,,,,,,Saudi Arabia,
,,مصنع فيصل عبدالعزيز الياس لتعبئة وتغليف التمور,,,,,,Saudi Arabia,
,,Saudi MHA Company for Powe Systems,,,,,,Saudi Arabia,
,,مصنع شركة صقر الجزيرة لاعادة تدوير البلاستيك,,,,,,Saudi Arabia,
,,مصنع هاجر الدولية للزيوت الصناعية,,,,,,Saudi Arabia,
,,شركة مصنع محمد كريم الصالحي وشريكه,,,,,,Saudi Arabia,
,,المصنع الحديث للبوليستايرين,,,,,,Saudi Arabia,
,,مصنع شركة فاريل العربية,,,,,,Saudi Arabia,
,,مصنع شركة الصغير لسحب الاسلاك,,,,,,Saudi Arabia,
,,مصنع خالد محمد موسى للبلاستيك,,,,,,Saudi Arabia,
,,المصنع السعودي لإنتاج الصلب,,,,,,Saudi Arabia,
,,شركه مصنع معدني لتدوير المعادن,,,,,,Saudi Arabia,
,,مصنع انداد لأجهزة الهاتف,,,,,,Saudi Arabia,
,,الشركة السعودية للخدمات الصناعية ( سيسكو ),,,,,,Saudi Arabia,
,,مصنع المنى للمنتجات البلاستيكية,,,,,,Saudi Arabia,
,,مصنع مازن محمد السعيد للعبوات الحديدية,,,,,,Saudi Arabia,
,,شركة الصناعات السعودية لأغشية وأجهزة التحلية,,,,,,Saudi Arabia,
,,مصنع شركة محمد سالم السويدي لصناعات المع,,,,,,Saudi Arabia,
,,مصنع العطير لمنتجات البلاستيك,,,,,,Saudi Arabia,
,,مصنع زيوركس للبطاريات,,,,,,Saudi Arabia,
,,شركة أطيب المحدودة - مانويل كافيه,,,,,,Saudi Arabia,
,,شركة الطالع الدولية للنقل المحدودة - هانكو,,,,,,Saudi Arabia,
,,Al-Arabian Furniture Manufacturing Company,,,,,,Saudi Arabia,
,,مصنع فيصل عثمان آل ثامر للصناعات الغذائية,,,,,,Saudi Arabia,
,,Wahat Al-Injaz Factory for Air-conditioning Vents,,,,,,Saudi Arabia,
,,شركة سابك للتسويق المحدودة,,,,,,Saudi Arabia,
,,الشركة الدولية لتشغيل انظمة الاتصالات,,,,,,Saudi Arabia,
,,المصنع السعودي للبراميل المستعملة,,,,,,Saudi Arabia,
,,"Adwaa Al-Fanar Factory for Furniture, Doors and Decorations",,,,,,Saudi Arabia,
,,مصنع  الخناني للمنتجات الآلبان والعصيرات,,,,,,Saudi Arabia,
,,مصنع العريفي للبلاستيك,,,,,,Saudi Arabia,
,,الشركة السعودية الألمانية لصناعة اللدائن,,,,,,Saudi Arabia,
,,مصنع عبدالكريم عبدالرحمن علي الزهراني للحديد والألمونيوم,,,,,,Saudi Arabia,
,,مصنع المربعي للبلاستيك,,,,,,Saudi Arabia,
,,مصنع سعد سعود الحارثي للتريلات والمقطورات,,,,,,Saudi Arabia,
,,شركة الصناعات الكيماوية للبناء المحدودة,,,,,,Saudi Arabia,
,,مصنع التقنية السعودي لإنتاج قطع الدكتايل والمحابس,,,,,,Saudi Arabia,
,,مصنع احمد عبد ربه للهياكل المعدنية,,,,,,Saudi Arabia,
,,مصنع سعود منصور السبيعي لتقنية المياه,,,,,,Saudi Arabia,
,,مصنع الجزيرة للعبوات الزجاجية,,,,,,Saudi Arabia,
,,مصنع محمد ابراهيم محمد الحوت للدهانات الصناعية و الانشائية,,,,,,Saudi Arabia,
,,Al-Zaheer Sulfate Factory -,,,,,,Saudi Arabia,
,,فرع شركة الأعمال للإنشاءات الصناعية,,,,,,Saudi Arabia,
,,مصنع الشمال للاثاث,,,,,,Saudi Arabia,
,,شركة قوالب المحدودة,,,,,,Saudi Arabia,
,,شركة مصنع المدينة المتخصصةلزيوت المحركات والمواد البترولية,,,,,,Saudi Arabia,
,,مصنع احمد محمد بانعيم لصناعة الشكمانات,,,,,,Saudi Arabia,
,,المصنع العربي لأشرطة التفلون,,,,,,Saudi Arabia,
,,Al-Babtain Factory Galvanized Poles and Masts,,,,,,Saudi Arabia,
,,الرياض الثانية,,,,,,Saudi Arabia,
,,شركة مصنع ك . سبان السعودية للمباني المعدنية المحدودة,,,,,,Saudi Arabia,
,,مصنع رازن للاثاث الخشبي,,,,,,Saudi Arabia,
,,مصنع رنا فهد الحماد لمياه الشرب,,,,,,Saudi Arabia,
,,مصنع عبدالله سعيد العواشز للأدوية والمحاليل الطبية,,,,,,Saudi Arabia,
,,مصنع محمد على الشهراني لتدوير الزيوت,,,,,,Saudi Arabia,
,,مصنع الجوف للتنك,,,,,,Saudi Arabia,
,,Abr Al-Khaleej Co. Factory for Industrial Systems,,,,,,Saudi Arabia,
,,مصنع حد الوسط للحجر والرخام والجرانيت,,,,,,Saudi Arabia,
,,مصنع حلوبة لمنتجات الالبان,,,,,,Saudi Arabia,
,,مصنع انماء للمنصات الخشبية,,,,,,Saudi Arabia,
,,Fahd Abdulaziz Al-Waalan Factory for Vehicles Filters and Equipment,,,,,,Saudi Arabia,
,,Saudi Dutch Company for Industrial Wood,,,,,,Saudi Arabia,
,,مصنع فضل عبدالعزيز العشي للغراء,,,,,,Saudi Arabia,
,,مصنع شلفاء الخليج لتدوير الإطارات,,,,,,Saudi Arabia,
,,المصنع السعودي للخيوط الجراحيه,,,,,,Saudi Arabia,
,,مصنع عبدالله ابراهيم الضبيعي للبلاستيك,,,,,,Saudi Arabia,
,,شركة سفاري للصناعات المحدودة,,,,,,Saudi Arabia,
,,مصنع وليد الناصر للبلاستيك,,,,,,Saudi Arabia,
,,EXNESS Mohafaza Saudi Co. Ltd.,,,,,,Saudi Arabia,
,,Drilling Materials Trading Est.,,,,,,Saudi Arabia,
,,مصنع الشعلة لمعدات الاطفاء العالمية,,,,,,Saudi Arabia,
,,مصنع الفرقان لحديد التسليح,,,,,,Saudi Arabia,
,,الغرفة التجارية الصناعية بمكة المكرمة,,,,,,Saudi Arabia,
,,Abdullah Abdul Mohsen Al Khodari Sons Co. Factory for Ready-Mix Concrete,,,,,,Saudi Arabia,
,,شركة حقل العالمية للانابيب,,,,,,Saudi Arabia,
,,مصنع عالم الهياكل للهياكل السيارات,,,,,,Saudi Arabia,
,,مصنع حمود سيف ناصر محمد للمنتجات الجلدية,,,,,,Saudi Arabia,
,,Sheraa Jeddah Plastic Industries Factory,,,,,,Saudi Arabia,
,,مصنع جزل الوطنية للبيوت الجاهزة وتشكيل المعادن,,,,,,Saudi Arabia,
,,مصنع الجزيرة النقية للبلاستيك,,,,,,Saudi Arabia,
,,مصنع المتر المربع للسيراميك للصناعة,,,,,,Saudi Arabia,
,,مصنع محمد مسلم سليمان الشويمان للكفوف الطبيه,,,,,,Saudi Arabia,
,,شركة السعودية الاول للطاقة المتجددة,,,,,,Saudi Arabia,
,,Biochemical Factory,,,,,,Saudi Arabia,
,,شركة جنى الحجاز للصناعات البلاستيكية الم,,,,,,Saudi Arabia,
,,Al Majd Al-Atheel Plastic Factory,,,,,,Saudi Arabia,
,,مصنع صالح مبارك بانشوان لاقراص الليزر والاشرطة,,,,,,Saudi Arabia,
,,شركة سنام المتطورة للمنتجات الانشائية,,,,,,Saudi Arabia,
,,مصنع عبدالحميد مصيطف العنزي للفيبرجلاس,,,,,,Saudi Arabia,
,,Alfalak for Candies and Biscuits Factory,,,,,,Saudi Arabia,
,,مصنع خلف عبدالرزاق خلف العنزي لتكرير الزيوت,,,,,,Saudi Arabia,
,,مصنع طارق عبدالله الغامدي للزجاج والألمنيوم,,,,,,Saudi Arabia,
,,شركة سيجما السعودية للدهانات المحدودة,,,,,,Saudi Arabia,
,,فرع مؤسسة حامد أحمد ملا اسكندر بيك,,,,,,Saudi Arabia,
,,مصنع تقنيات الطاقة الكهربائية والاتصالات,,,,,,Saudi Arabia,
,,مصنع شركة دثاث الغذائية,,,,,,Saudi Arabia,
,,مصنع فواز غازي الشمري للثلج,,,,,,Saudi Arabia,
,,مصنع دائرة التنمية للصناعات الدوائية,,,,,,Saudi Arabia,
,,شركة مصنع عصام مجاهد وشركاه لتشكيل الحديد,,,,,,Saudi Arabia,
,,مصنع نورة يحى الاحمرى للبلاستيك,,,,,,Saudi Arabia,
,,مصنع النور الهادي لاعمدة الانارة,,,,,,Saudi Arabia,
,,مصنع محمد احمد الصرومي للمسامير و الاعمال المعدنية,,,,,,Saudi Arabia,
,,مصنع العمران للمطابخ,,,,,,Saudi Arabia,
,,Saudi German Company for Nonwoven Products,,,,,,Saudi Arabia,
,,مصنع خالد الأحمدي  لمجاري الهواء,,,,,,Saudi Arabia,
,,مصنع تقنيات الزجاج والألمونيوم المتقدمه,,,,,,Saudi Arabia,
,,مصنع رمزي محمد عيسى الصفدي لقطع غيار المصانع,,,,,,Saudi Arabia,
,,شركة الخدمات الراقية للصيانة والتشغيل المحدودة,,,,,,Saudi Arabia,
,,مصنع شركة اكاسيا الغربية للحديد,,,,,,Saudi Arabia,
,,مصنع إزهري محمد إدريس لطلاء المعادن,,,,,,Saudi Arabia,
,,مصنع فلورينا للاحذية والمصنوعات الجلدية,,,,,,Saudi Arabia,
,,شركة جدة لصناعة علب المرطبات المحدودة,,,,,,Saudi Arabia,
,,مصنع  محمد سليم الحربي لانتاج احزمه التربيط المعدنيه,,,,,,Saudi Arabia,
,,مصنع العاب سلمى لالعاب الاطفال البلاستيكية,,,,,,Saudi Arabia,
,,مصنع جمال سعود العياف للحجر و الرخام,,,,,,Saudi Arabia,
,,مصنع شركة الجزيرة الفريدة للتمور,,,,,,Saudi Arabia,
,,شركة مصنع المدينة الصناعية للمنتجات البلاستيكية المحدودة,,,,,,Saudi Arabia,
,,مصنع الطاقة الوطنية للمشتقات الاسفلتية,,,,,,Saudi Arabia,
,,مصنع نبع الصبا للمياه,,,,,,Saudi Arabia,
,,فرع ادارة خدمات البيئة العالمية المحدودة,,,,,,Saudi Arabia,
,,مصنع خالد العريفي للبلاستيك,,,,,,Saudi Arabia,
,,مصنع شركة المصري والخلف للأغطية والوسائد,,,,,,Saudi Arabia,
,,مصنع الغرابي لتشكيل وزخرفة الحديد,,,,,,Saudi Arabia,
,,مصنع محمد عوض السهلي لتعبئة التمور ومشتقاتها,,,,,,Saudi Arabia,
,,مصنع شركة اتحاد الإخوة للأجزاء الخرسانية المسبقة الصب,,,,,,Saudi Arabia,
,,شركة سكندر خان باجوه وشريكتة للصناعات الهندسية والكهربائية,,,,,,Saudi Arabia,
,,مصنع شركة الحجاز للوجبات الجاهزة,,,,,,Saudi Arabia,
,,مصنع بركة سليمان الشراري لمنتجات البلاست,,,,,,Saudi Arabia,
,,فرع شركة صيانة المعدات المركزية لصناعة الرافعات وتشكيل المعدات,,,,,,Saudi Arabia,
,,شركة الإخلاص لأعمال تمديدات التكييف المركزي,,,,,,Saudi Arabia,
,,مؤسسة محمد ناصر الهاجري للنقليات,,,,,,Saudi Arabia,
,,Al-Sadara Al-Sharqiya Plastic Co. Factory,,,,,,Saudi Arabia,
,,مصنع مقرن عبدالكريم البابطين للاعلاف,,,,,,Saudi Arabia,
,,مصنع ارواض للمعدات,,,,,,Saudi Arabia,
,,مصنع عبداللة سليمان البرقان لأنتاج الحديد,,,,,,Saudi Arabia,
,,مصنع سعود عبد العزيز الجروان للانابيب,,,,,,Saudi Arabia,
,,مصنع سعد صالح العوض للزخارف الخرسانية,,,,,,Saudi Arabia,
,,مصنع وهيب للزوايا والارفف المعدنية,,,,,,Saudi Arabia,
,,مصنع غادة خليل لبد لصناعة مستلزمات الدعاية والديكور,,,,,,Saudi Arabia,
,,مصنع احمد عبدالله البار لمستحضرات التجميل,,,,,,Saudi Arabia,
,,Ebdaa Al-Gouda Factory Company for Metal and Wood Works,,,,,,Saudi Arabia,
,,مصنع النقش المميز,,,,,,Saudi Arabia,
,,Dar Al-Akl Co. for e-Printing,,,,,,Saudi Arabia,
,,مصنع البدران للألمنيوم,,,,,,Saudi Arabia,
,,مصنع ظل المستقبل للأثاث,,,,,,Saudi Arabia,
,,مصنع شركة صفاء السعودية للأدوية,,,,,,Saudi Arabia,
,,مصنع خالد منصور الجعيد للديكورات والمشغولات الخشبية,,,,,,Saudi Arabia,
,,شركة العناقيد الشرقية للتحف والهدايات,,,,,,Saudi Arabia,
,,مصنع هاشم اسماعيل الخواجي للأبواب الاتوماتيكية,,,,,,Saudi Arabia,
,,مصنع فهد سمير الشمري لانتاج الرخام والجر,,,,,,Saudi Arabia,
,,Malek Abdullah Zainudine Food Products Factory,,,,,,Saudi Arabia,
,,مصنع ناصر بن أحمد الخريصي,,,,,,Saudi Arabia,
,,مصنع محمد عبدالله جليدان للمواد الغذائية,,,,,,Saudi Arabia,
,,مصنع فهد صالح الريس للبسكويت والويفر,,,,,,Saudi Arabia,
,,مصنع عويد مطر العنزي لراديتر السيارات وا,,,,,,Saudi Arabia,
,,مصنع محمد حسن خليل للبلاستيك,,,,,,Saudi Arabia,
,,مصنع نعيم محمد العجو للزجاج والمرايا,,,,,,Saudi Arabia,
,,مصنع عبدالحميد ابراهيم بامية للمعدات الطبية,,,,,,Saudi Arabia,
,,Al-Azour Water Factory,,,,,,Saudi Arabia,
,,مصنع عاصم محمد الراجحي للحديد,,,,,,Saudi Arabia,
,,مصنع العلوم والتقنية للمنظفات,,,,,,Saudi Arabia,
,,مصنع أثاث دمياط,,,,,,Saudi Arabia,
,,مصنع متعب محمد المزيني للاعلاف,,,,,,Saudi Arabia,
,,مصنع احمد سالم نهيم باوزير للمنتجات البلاستيكية,,,,,,Saudi Arabia,
,,مصنع الماهر الحديث للبلاستيك,,,,,,Saudi Arabia,
,,Baaghil Factory for National Granite and Marble,,,,,,Saudi Arabia,
,,مصنع شركة أدهم للصناعات الغذائية,,,,,,Saudi Arabia,
,,شركة البراق لتدوير المعادن المحدودة,,,,,,Saudi Arabia,
,,مصنع شركة ريكم العربية السعودية,,,,,,Saudi Arabia,
,,مصنع الواحات للصناعات المعدنية,,,,,,Saudi Arabia,
,,Sahm Plastic Factory,,,,,,Saudi Arabia,
,,مصنع ناصر مهدي القحطاني لاستانلس ستيل,,,,,,Saudi Arabia,
,,مصنع عبدالرحمن علي عقيلي للبلاستيك والفلين,,,,,,Saudi Arabia,
,,مصنع شركة محمد سالم السويدي لجلفنة المعا,,,,,,Saudi Arabia,
,,Saudi Factory for Electrical Appliance Co. Ltd.,,,,,,Saudi Arabia,
,,غيث الشمال للبلاستيك,,,,,,Saudi Arabia,
,,مصنع الجوف للبوليسترين وأنظمة الري,,,,,,Saudi Arabia,
,,مصنع فرع شركة عودكم للعود والعطور,,,,,,Saudi Arabia,
,,مصنع أعمال سابغة للمشغولات المعدنية,,,,,,Saudi Arabia,
,,مصنع سليمان بن محمد الطالب للعبوات المعدنية,,,,,,Saudi Arabia,
,,Abdul- Rahman Al-Shaalan Abdel Aziz Sons Trading Co. - Shalasco,,,,,,Saudi Arabia,
,,Amar Albelad Iron Factory,,,,,,Saudi Arabia,
,,مصنع الطاقة المشعة للمبات ال اي دي,,,,,,Saudi Arabia,
,,مصنع بدر ناعم عبدالله البخيت للمنتجات ال,,,,,,Saudi Arabia,
,,Hajar Al-Asas Factory for Cement Products,,,,,,Saudi Arabia,
,,فرع شركة منتجات دلمون المحدوده,,,,,,Saudi Arabia,
,,Al-Fakhra Factory For Readymade Garments,,,,,,Saudi Arabia,
,,FMC Technologies Saudi Arabia Ltd,,,,,,Saudi Arabia,
,,مصنع صالح راشد الطيار للمياه,,,,,,Saudi Arabia,
,,مصنع الشارة الذهبية للمسامير والأسلاك الشائكة,,,,,,Saudi Arabia,
,,مصنع عبدالله بطي العجمي للاسلاك والكابلات الكهربائية,,,,,,Saudi Arabia,
,,مصنع أحمد خالد الحطامي لتعبئة المواد الغذائية,,,,,,Saudi Arabia,
,,مصنع النجوم للبسكويت والحلويات,,,,,,Saudi Arabia,
,,الشركة السعودية الكورية الصناعية,,,,,,Saudi Arabia,
,,مصنع هلا للتغليف,,,,,,Saudi Arabia,
,,مصنع الاساس الرابع للبلاستيك,,,,,,Saudi Arabia,
,,مصنع محمد شهاب الدين للبلاستيك,,,,,,Saudi Arabia,
,,مصنع قوس قزح لملصقات التغليف,,,,,,Saudi Arabia,
,,مصنع روائع العلب,,,,,,Saudi Arabia,
,,مصنع سليمان عبدالله الحميد للأثاث,,,,,,Saudi Arabia,
,,فرع مصنع أعمدة الرياض للكرتون,,,,,,Saudi Arabia,
,,مصنع زهير حسن ميرة للمباني الخرسانية المسبقة الصنع,,,,,,Saudi Arabia,
,,Pioneer Equipment Trading Company,,,,,,Saudi Arabia,
,,Sanabel Elsalam Food Industries Co. Factory,,,,,,Saudi Arabia,
,,شركة ريسبا فارماسوتيكالز السعودية,,,,,,Saudi Arabia,
,,Al-Manasi Factory for Ready-mix  Bricks and Concrete,,,,,,Saudi Arabia,
,,مصنع سامي خليفة التميمي للمنتجات الخشبية,,,,,,Saudi Arabia,
,,الشركة السعودية لصناعة الاسفنج المحدودة,,,,,,Saudi Arabia,
,,مصنع نايف زيد المليحي للثلج,,,,,,Saudi Arabia,
,,مصنع الفلتية للبلوك ومشتقاته,,,,,,Saudi Arabia,
,,مصنع ماجد قاسم البغدادي للصناعات البلاست,,,,,,Saudi Arabia,
,,مصنع متعب عبدالله الفداع لتكرير زيوت السيارات,,,,,,Saudi Arabia,
,,مصنع عبدالرحمن فقير محمد للتعبئة والتغليف,,,,,,Saudi Arabia,
,,شركة صناعة الالمنيوم المحدودة - الوماكو,,,,,,Saudi Arabia,
,,مصنع بيت المصباح للانارة,,,,,,Saudi Arabia,
,,مجموعة كوادر الوطن,,,,,,Saudi Arabia,
,,مصنع شركة منيره سلامه المزروع وشريكها لدهان وتشكيل المعادن,,,,,,Saudi Arabia,
,,مصنع الصيعري للفلاتر,,,,,,Saudi Arabia,
,,مصنع  عادل  عبدالله  غلوم  لانتاج  الاسمدة,,,,,,Saudi Arabia,
,,مصنع البرج العالمي لمواد البناء والتشطيب,,,,,,Saudi Arabia,
,,مصنع معامل وكالة السيف للاعلان,,,,,,Saudi Arabia,
,,مصنع تركي عبدالمحسن الملق للأثاث الخشبي,,,,,,Saudi Arabia,
,,مصنع مركز حائل للغازات الصناعية,,,,,,Saudi Arabia,
,,Thomas & Betts Saudi Arabia Company,,,,,,Saudi Arabia,
,,مصنع محمد طارق سقطي لمنتجات البلاستيك,,,,,,Saudi Arabia,
,,مصنع شركه حبابي الدوسري للبلك والخرسانه,,,,,,Saudi Arabia,
,,مصنع أحمد حسين محمد المحضار لصناعة وتعبئة وتغليف المواد الغذائية,,,,,,Saudi Arabia,
,,مصنع حسين صالح الحارثي للبلوك,,,,,,Saudi Arabia,
,,الشركة الصناعية العالمية ( فرع انتاج العطور),,,,,,Saudi Arabia,
,,مصنع ماخ للرخام والجرانيت,,,,,,Saudi Arabia,
,,Al-Jazi Hazzaa Al Darwish Crafts Factory,,,,,,Saudi Arabia,
,,Al-Ofoq Factory for Decorative Steel and Furniture,,,,,,Saudi Arabia,
,,مصنع رناد أحمد المصري للحلاوة الطحينية,,,,,,Saudi Arabia,
,,مصنع صباح بن عاصي العنزي للطاقه الكهربائية,,,,,,Saudi Arabia,
,,شركه مصنع كريستال للرخام الصناعى,,,,,,Saudi Arabia,
,,مصنع شركة الصخور السعودية للحديد والصلب,,,,,,Saudi Arabia,
,,مصنع محمد منصور الصقور لاعادة تدوير البلاستيك,,,,,,Saudi Arabia,
,,مصنع الخير للدائن البلاستيكية,,,,,,Saudi Arabia,
,,مصنع حمد سليمان ابراهيم ابونيان للعوازل الاسفلتية,,,,,,Saudi Arabia,
,,Advertising Paintings and Prints Factory - Dar Al Bayan,,,,,,Saudi Arabia,
,,مصنع محمود رحمة الله قاري للمشغولات الحديدية والمعدنية,,,,,,Saudi Arabia,
,,مصنع قطاف الكهربائية,,,,,,Saudi Arabia,
,,مصنع الشائلة لإنتاج وتعبئة المواد الغذائية,,,,,,Saudi Arabia,
,,مصنع صاف للمنتجات البلاستيكية,,,,,,Saudi Arabia,
,,مصنع شركة السريد للاناره,,,,,,Saudi Arabia,
,,مصنع شركة محمد العلي السويلم للخرسانة الجاهزة,,,,,,Saudi Arabia,
,,مصنع عبد الوهاب محمد القاعود للسواتر الخشبية والبلاستيكية,,,,,,Saudi Arabia,
,,مصنع مفروشات الستارة الانيقة,,,,,,Saudi Arabia,
,,مصنع سعد عبد المحسن الرصيص للاسفنج والمفروشات,,,,,,Saudi Arabia,
,,National Factory For Powder Soap,,,,,,Saudi Arabia,
,,مصنع قاعدة التقنية السعودية لتدوير الزيوت,,,,,,Saudi Arabia,
,,مصنع تاج الطاقة لإعادة تكرير زيوت المحركات,,,,,,Saudi Arabia,
,,شركة عبدالهادي عبدالله القحطاني لاكياس البولي بروبيلين,,,,,,Saudi Arabia,
,,مصنع خالد فيصل العتيبي لتدوير البطاريات,,,,,,Saudi Arabia,
,,مصنع شركة بجاش حمد الهاجري وشركاه لصناعة الكيماويات,,,,,,Saudi Arabia,
,,مصنع الرياض لتصنيع الأواني المنزلية,,,,,,Saudi Arabia,
,,مصنع أكنان الشرقية لمنتجات الدعاية والإعلان,,,,,,Saudi Arabia,
,,مصنع محمد عمر باشنفر للصناعات المعدنية,,,,,,Saudi Arabia,
,,مصنع رائد نمر عمرو للقوالب والصناعات المعدنية,,,,,,Saudi Arabia,
,,مصنع بيئة العمران للمنتجات الأسمنتية,,,,,,Saudi Arabia,
,,مصنع عائض محمد الشهراني للحجر الصناعي,,,,,,Saudi Arabia,
,,مصنع خالد كامل زريقة للصناعات المعدنية,,,,,,Saudi Arabia,
,,مصنع المحترف للدعاية والإعلان,,,,,,Saudi Arabia,
,,مصنع شرف محمود الشريف للإلكترونيات,,,,,,Saudi Arabia,
,,مصنع شركة الجنادرية للبلاستيك,,,,,,Saudi Arabia,
,,Mohamed Saad Almoghaidi Detergent Factory,,,,,,Saudi Arabia,
,,فرع شركة اربروز السعودية لتحويل الورق والتوزيع,,,,,,Saudi Arabia,
,,مصنع الورق المطور لصناعة الورق التحويلية,,,,,,Saudi Arabia,
,,شركة الخدمات البحرية العالمية,,,,,,Saudi Arabia,
,,مصنع حسين محسن الحظا للمواد الغذائية,,,,,,Saudi Arabia,
,,مصنع التوحيد لصناعة البلاستيك,,,,,,Saudi Arabia,
,,مصنع عالم الاستيل,,,,,,Saudi Arabia,
,,مصنع حصه خليدان الرويلى للمنتجات الغذائيه,,,,,,Saudi Arabia,
,,مصنع رنا لإنتاج الحلويات,,,,,,Saudi Arabia,
,,مصنع النفاث التقني لتصنيع معدات ومعبئات تزويد الطائرات بالوقود,,,,,,Saudi Arabia,
,,مصنع أرض الجنتين لتعبئة مياه الشرب المعبأه,,,,,,Saudi Arabia,
,,Salem Salmein Bin Mahfouz Factory for Food Products,,,,,,Saudi Arabia,
,,مصنع بلقاسم احمد الفقيه للبلاستيك,,,,,,Saudi Arabia,
,,Baghanem Water Pumps Factory,,,,,,Saudi Arabia,
,,مصنع عبدالله عبدالعزيز التويجري للأسمدة الكيماوية,,,,,,Saudi Arabia,
,,مصنع شركة تولين العربية للتجارة والتصنيع المحدودة,,,,,,Saudi Arabia,
,,مصنع عبر مسار الخليج الدولية لتسويق المواد البترولية,,,,,,Saudi Arabia,
,,مصنع يوسف أحمد الشربيني للمرايا والزجاج,,,,,,Saudi Arabia,
,,مصنع حسن حمد ال شريم للبلوك والخرسانه الجاهزه,,,,,,Saudi Arabia,
,,International Steam Laundries Equipment Factory,,,,,,Saudi Arabia,
,,مصنع خبراء التميز لإعادة تدوير البلاستك,,,,,,Saudi Arabia,
,,مصنع حبيب الدوليه للصناعات البلاستيكيه,,,,,,Saudi Arabia,
,,شركة المصنع السعودي للرافعات وأعمال الحديد المحدودة,,,,,,Saudi Arabia,
,,Najd & Al-Qassim Company Factory for Food Industries,,,,,,Saudi Arabia,
,,شركة مصنع معادن سدير,,,,,,Saudi Arabia,
,,Al-Tayseer Aluminium Kitchens Factory,,,,,,Saudi Arabia,
,,شركة نفط الخليج للانظمة والخدمات,,,,,,Saudi Arabia,
,,مصنع حيدر صالح الخلف لإنتاج البرادات والثلاجات والمكيفات الصحراوية,,,,,,Saudi Arabia,
,,شركة دارين للحديد والمعادن,,,,,,Saudi Arabia,
,,مصنع الصناعات الهيدروليكية,,,,,,Saudi Arabia,
,,مصنع كيكي سويتي للحلويات والمعجنات,,,,,,Saudi Arabia,
,,مصنع شركة الخطيب للإنظمة والقواطع والأسقف المعدنية,,,,,,Saudi Arabia,
,,مركز أمل جده لتأهيل المعوقين,,,,,,Saudi Arabia,
,,مصنع محمد عبدالله الشعيبي لقطع غيار الشاحنات,,,,,,Saudi Arabia,
,,مصنع أبواب الموارد للصناعات الغذائية,,,,,,Saudi Arabia,
,,Saleh and Abdul Aziz Abou Hussein Co. for Manufacturing Packaging Containers,,,,,,Saudi Arabia,
,,مصنع عروس المدائن للملابس الجاهزة,,,,,,Saudi Arabia,
,,شركة الابجل السعودية للمصاعد,,,,,,Saudi Arabia,
,,مصنع أحمد فاروق شقير للحلويات,,,,,,Saudi Arabia,
,,مصنع شرف محمود الشريف  للدهانات,,,,,,Saudi Arabia,
,,مصنع زهرة الإكليل للعطور و مستحضرات التجميل,,,,,,Saudi Arabia,
,,مصنع محمد عمر بادحمان لإعاد تدوير البلاستيك,,,,,,Saudi Arabia,
,,مصنع كول للمنتجات الكيماوية,,,,,,Saudi Arabia,
,,شركة لوسي السعودية,,,,,,Saudi Arabia,
,,مصنع ابراهيم احمد علي لتعبئة الزيوت المعدنية,,,,,,Saudi Arabia,
,,مصنع الأمة العالمية للمستلزمات الطبية,,,,,,Saudi Arabia,
,,مصنع بدر الصحراء للمنتجات المعدنية,,,,,,Saudi Arabia,
,,مصنع عباس علي الغامدي للبلوك والانترلوك,,,,,,Saudi Arabia,
,,مصنع ابو بكر حسن بالبيد الألمنيوم والبلاستيك,,,,,,Saudi Arabia,
,,مصنع طارق بشير احمد لسبك المعادن,,,,,,Saudi Arabia,
,,مصنع شركة اسهامات الدولية,,,,,,Saudi Arabia,
,,المصنع الوطني  للسميد,,,,,,Saudi Arabia,
,,مصنع الاختيار الامثل للعوازل الاسفلتية,,,,,,Saudi Arabia,
,,مصنع عبدالله مصطفى عبدالجواد لاعادة تدوير البلاستيك,,,,,,Saudi Arabia,
,,Petrol Al-Alam Factory for Detergents,,,,,,Saudi Arabia,
,,مصنع الجابرين للصناعات الحديدية والألمنيوم,,,,,,Saudi Arabia,
,,مصنع الهويش للتبريد,,,,,,Saudi Arabia,
,,شركة مصنع  عاطف عيسى وشريكه,,,,,,Saudi Arabia,
,,مصنع الفوز المميز لتعبئة وتغليف المواد الغذائية,,,,,,Saudi Arabia,
,,Watheer Factory for Linen,,,,,,Saudi Arabia,
,,مصنع الدوارة للمستحضرات الصيدلانية والعشبية ومواد التجميل,,,,,,Saudi Arabia,
,,مصنع عمران الجزيرة للألمنيوم,,,,,,Saudi Arabia,
,,مصنع الطيبات للآيسكريم,,,,,,Saudi Arabia,
,,مصنع جوري الرياض للمنظفات والبلاستيك,,,,,,Saudi Arabia,
,,مصنع سيري للمعدات والآليات,,,,,,Saudi Arabia,
,,مصنع شركه المقطورة لاعادة تدوير الزيوت,,,,,,Saudi Arabia,
,,مصنع الثميري للأدوات المنزلية الزجاجية,,,,,,Saudi Arabia,
,,ثابت وبدر الرفاعى للصناعات المتخصصة,,,,,,Saudi Arabia,
,,مصنع جازان للغازات الصناعية,,,,,,Saudi Arabia,
,,مصنع محمد شعبان ال ناهيه للمنسوجات,,,,,,Saudi Arabia,
,,مصنع الشروق الصافي للبلاستك,,,,,,Saudi Arabia,
,,مصنع شركة علي عبدالله العيسى وشركاؤه للمكملات الغذائية,,,,,,Saudi Arabia,
,,المصنع السعودي للمنتجات الاسفلتية,,,,,,Saudi Arabia,
,,مصنع بادريق للألعاب البلاستيكية والأدوات المنزلية,,,,,,Saudi Arabia,
,,مصنع الإخوة للمرطبات,,,,,,Saudi Arabia,
,,مصنع باسم جلفان للأعمال والمنتجات المعدنية,,,,,,Saudi Arabia,
,,مصنع هديه عوده العطوي للمنتجات الغذائيه,,,,,,Saudi Arabia,
,,مصنع عبدالله محمد القحطاني للمنتجات الغذائية,,,,,,Saudi Arabia,
,,مصنع شركة المكابلي لإنتاج وتعبئة الأغذية الخفيفة,,,,,,Saudi Arabia,
,,مصنع يحى حسين الهمام لتعبئة التمور,,,,,,Saudi Arabia,
,,مصنع الرسالة للأشرطة الصوتية,,,,,,Saudi Arabia,
,,Omar Al-Ajjaji Trading Est.,,,,,,Saudi Arabia,
,,Najd Plastic Factory for Industry,,,,,,Saudi Arabia,
,,مصنع ميس للمبيدات,,,,,,Saudi Arabia,
,,مصنع طارق محمد الزاهد للألمنيوم,,,,,,Saudi Arabia,
,,مصنع زاويه الريف لثلاجات العرض والبرادات,,,,,,Saudi Arabia,
,,مصنع التعاون للأثاث الطبي والمختبرات,,,,,,Saudi Arabia,
,,مصنع محمد ابراهيم الخريجى للادوية,,,,,,Saudi Arabia,
,,Al Wefaq Kids Ice-Creams Factory,,,,,,Saudi Arabia,
,,مصنع نجيب للورق المكتبي,,,,,,Saudi Arabia,
,,مصنع عبدالعزيز برجس الناصر للصناعات المعدنية,,,,,,Saudi Arabia,
,,مصنع عادل عبدالله الشامي للمنتجات البلاستيكية,,,,,,Saudi Arabia,
,,مصنع الجوف للمنتجات الغذائية,,,,,,Saudi Arabia,
,,مصنع الديوان لرقائق الإفطار والمعجنات الجاهزة,,,,,,Saudi Arabia,
,,مصنع الدرفلة الحديثه للمعادن,,,,,,Saudi Arabia,
,,Al-Rashed Pico Co. Ltd.,,,,,,Saudi Arabia,
,,شركة محمل الخليج للخدمات المساندة,,,,,,Saudi Arabia,
,,مصنع اسيانا لتصنيع وتعبئة المواد الغذائية,,,,,,Saudi Arabia,
,,مصنع مجالس الشرق للمنتجات الحديدية,,,,,,Saudi Arabia,
,,مصنع انس عباس زايد للغازات,,,,,,Saudi Arabia,
,,مصنع اطلس للحوم والخضروات المجمدة,,,,,,Saudi Arabia,
,,مصنع زبيدة تركي الزهراني لتغليف وتعبئة المواد الغذائية,,,,,,Saudi Arabia,
,,Al-Tasheelat Commercial Co.,,,,,,Saudi Arabia,
,,Amtar Al-Sharq Co. Factory for Developing Fiberglass Products,,,,,,Saudi Arabia,
,,مصنع يزن ويزيد لعجينة الصلصه ومركزات العصائر,,,,,,Saudi Arabia,
,,مصنع العاب الاحلام لالعاب الاطفال,,,,,,Saudi Arabia,
,,مصنع شباب العتيبي للأدوية,,,,,,Saudi Arabia,
,,مصنع  نما لاعادة تصنيع البلاستيك,,,,,,Saudi Arabia,
,,مصنع جدة للملفات,,,,,,Saudi Arabia,
,,Containers Technology Factory for Glass,,,,,,Saudi Arabia,
,,مصنع المشير العالمية لمنتجات البلاستيك,,,,,,Saudi Arabia,
,,مصنع باسل محمد قزاز للثلج,,,,,,Saudi Arabia,
,,مصنع يحيى عبدالخالق الجاروشة للأثاث الخشبي الراقي,,,,,,Saudi Arabia,
,,المصنع العربي لانتاج الجوارب,,,,,,Saudi Arabia,
,,Saudi Automotive Services and Equipment Company (SASCO),,,,,,Saudi Arabia,
,,الدمام الأولى,,,,,,Saudi Arabia,
,,Wessam Al-Takamul Factory for Metal Products,,,,,,Saudi Arabia,
,,مصنع دار تبوك لمستلزمات الطباعه,,,,,,Saudi Arabia,
,,مصنع عبدالله احمد الغروي للالعاب الهوائية,,,,,,Saudi Arabia,
,,مصنع دثار المدينة,,,,,,Saudi Arabia,
,,مصنع كنعان نزال الشمري لشرائح البطاطس ومنتفخات الذرة,,,,,,Saudi Arabia,
,,مصنع شركة الثروات العربية,,,,,,Saudi Arabia,
,,شركة مستوصفات التعاون الطبية المحدودة,,,,,,Saudi Arabia,
,,Baet Al-Tanasouk Factory for Textiles,,,,,,Saudi Arabia,
,,مصنع وسام محي الدين طه للبلاستيك,,,,,,Saudi Arabia,
,,مصنع الشركة العربية لمشاريع الأنابيب,,,,,,Saudi Arabia,
,,مصنع خالد حامد برديسي للحلويات والشيكولاته والمعجنات,,,,,,Saudi Arabia,
,,مصنع دخيل الله سعيد الجهني للفيبر جلاس,,,,,,Saudi Arabia,
,,Arabian Metal Products Organization Factory (AMPO),,,,,,Saudi Arabia,
,,مصنع سلطانة لتدوير الزيوت,,,,,,Saudi Arabia,
,,مصنع شركة خبراء التقنية الدولية للالكترونيات,,,,,,Saudi Arabia,
,,مصنع عمر ابراهيم التويجري للصناعات المعدنية,,,,,,Saudi Arabia,
,,مصنع احمد محمد عزام للمواد الكيمائية,,,,,,Saudi Arabia,
,,مصنع الفيحاء للرخام,,,,,,Saudi Arabia,
,,مصنع فنون الموضه للملابس,,,,,,Saudi Arabia,
,,مصنع قمة لاكواز الأيس كريم,,,,,,Saudi Arabia,
,,شركة أرميتال للصناعات المعدنية المحدودة,,,,,,Saudi Arabia,
,,مصنع ابراهيم عبدالرحمن القرعاوى للصهاريج وصناديق القلابات,,,,,,Saudi Arabia,
,,شركة مصنع عالم النوابض,,,,,,Saudi Arabia,
,,مصنع شركة التحكم البيئي العالمية لأنظمة كبح التلوث,,,,,,Saudi Arabia,
,,المصنع العربى للبطاريات السائلة,,,,,,Saudi Arabia,
,,مصنع شركة الينابيع للبلاستيك المحدودة,,,,,,Saudi Arabia,
,,مصنع شركة الجازع الصناعية المحدودة للصناعات الكيماوية والمعدنية,,,,,,Saudi Arabia,
,,مصنع قمة الاحبار,,,,,,Saudi Arabia,
,,مصنع المطاط العالمي لمنتجات المطاط,,,,,,Saudi Arabia,
,,مصنع محمد علي سعد الدين للحلويات والمعجنات,,,,,,Saudi Arabia,
,,مصنع شركة الصانع للاعلاف,,,,,,Saudi Arabia,
,,مصنع نبيل مروان المغربي للصناعات المعدنية,,,,,,Saudi Arabia,
,,مصنع خالد محمد الحساني لإنتاج الفوم,,,,,,Saudi Arabia,
,,مصنع الجزيرة لانتاج الدبابيس والمسامير,,,,,,Saudi Arabia,
,,مصنع خط المطابخ السعودية للألمنيوم,,,,,,Saudi Arabia,
,,مصنع الهام أحمد المنصري للمناديل,,,,,,Saudi Arabia,
,,مصنع خالد عبدالعزيز الموسى للأثاث الخشبي,,,,,,Saudi Arabia,
,,الشركة السعودية الألمانية لصناعة اللدائن,,,,,,Saudi Arabia,
,,مصنع شركة سمير ابراهيم رشيد وشريكه لصناعة الأقمشة,,,,,,Saudi Arabia,
,,مصنع فنون لمنجات المطاط,,,,,,Saudi Arabia,
,,مصنع رحمة الزهراني لتشكيل الحديد,,,,,,Saudi Arabia,
,,مصنع عبدالرحمن علي العلي للمنظفات,,,,,,Saudi Arabia,
,,شركة هربرتس السعودي لبودرة التغطية المحدودة,,,,,,Saudi Arabia,
,,مصنع عبدالله عبدالمحسن التويجري لصناعة الثلاجات,,,,,,Saudi Arabia,
,,مصنع جوارب الاناقة,,,,,,Saudi Arabia,
,,مصنع جدة لاكياس التعبئة الشبكية,,,,,,Saudi Arabia,
,,مصنع هلال الجزيرة للحلويات,,,,,,Saudi Arabia,
,,مصنع دلمزة للمأكوت الخفيفة - مرامي,,,,,,Saudi Arabia,
,,مصنع عمر بانافع للعود والعطور,,,,,,Saudi Arabia,
,,مصنع عبدالمحسن ناصر الناصر للمنتجات البلاستيكية,,,,,,Saudi Arabia,
,,مصنع خدمات البطارية,,,,,,Saudi Arabia,
,,مصنع فارس محمد الطريري للأعمال الحديدية,,,,,,Saudi Arabia,
,,مصنع شركة آل مرطان للألمنيوم والزجاج,,,,,,Saudi Arabia,
,,مصنع فجر الحياة لتعبئة وتغليف المواد الغذائية,,,,,,Saudi Arabia,
,,مصنع عالم السمسم,,,,,,Saudi Arabia,
,,مصنع يزدي للرتنجات والمذيبات,,,,,,Saudi Arabia,
,,مصنع على سالم القرينى لطلاء المعادن وجلفنتها,,,,,,Saudi Arabia,
,,مصنع شام لأعمال الحديد والخردة,,,,,,Saudi Arabia,
,,مؤسسة خليل سيد أورجهان,,,,,,Saudi Arabia,
,,مصنع فاروق عبدالرحمن عابد ابو عوف للمعجنات والفطائر,,,,,,Saudi Arabia,
,,مصنع رمال البيضة لتدوير الإطارات,,,,,,Saudi Arabia,
,,مصنع واجهات للبولسترين,,,,,,Saudi Arabia,
,,مصنع شودري محمد يوسف ابراهيم لصناعة جي ار سي,,,,,,Saudi Arabia,
,,مصنع الحصون العربية لمنتجات البلاستيك,,,,,,Saudi Arabia,
,,Tewank Al-Madina Steel Work Factory,,,,,,Saudi Arabia,
,,مصنع البرونزية المتطورة للصناعات البلاستيكية,,,,,,Saudi Arabia,
,,مصنع شركة مجموعة الغروب القابضة لتصفيح السيارات,,,,,,Saudi Arabia,
,,شركة سابكو تكساكو للمنتجات العازلة,,,,,,Saudi Arabia,
,,Health Giants Cosmetics Co. Factory,,,,,,Saudi Arabia,
,,مصنع وليد علي المربعي لكيماويات مواد البناء,,,,,,Saudi Arabia,
,,مصنع سلطان سلمان حثلين لصناعات الألمنيوم,,,,,,Saudi Arabia,
,,الشركة السعودية لصناعة البياضات,,,,,,Saudi Arabia,
,,مصنع افال للالمنيوم والزجاج,,,,,,Saudi Arabia,
,,مصنع تقنيات البلك التراثي,,,,,,Saudi Arabia,
,,مصنع سعيد مبارك الدوسري لسحب الاسلاك,,,,,,Saudi Arabia,
,,مصنع أسلاك اللحام السعودية,,,,,,Saudi Arabia,
,,مصنع ناصر بن سليمان باسهل للأعلاف,,,,,,Saudi Arabia,
,,مصنع فهيم حمود العتيبي لإنتاج سوائل السيارات,,,,,,Saudi Arabia,
,,Saudi Import Company - Abdul Latif Banja & Co. Holding Company,,,,,,Saudi Arabia,
,,مصنع إبراهيم فهد الظفيري للمعقمات الطبية,,,,,,Saudi Arabia,
,,مصنع أطلس للاثاث المعدني,,,,,,Saudi Arabia,
,,مصنع شركة محمد سالم السويدي للمبدلات الح,,,,,,Saudi Arabia,
,,مصنع سلطان سلمان حثلين لتقنية المعلومات,,,,,,Saudi Arabia,
,,مصنع رمح الخليج للزيوت,,,,,,Saudi Arabia,
,,مصنع عمر المربعي لتشكيل الالمنيوم والزجاج,,,,,,Saudi Arabia,
,,مصنع الشرق لمجاري هواء التكييف,,,,,,Saudi Arabia,
,,شركة الأسواق العربية وزيوت شل المحدودة,,,,,,Saudi Arabia,
,,مصنع ضوء التقنية للدائن البلاستيكية,,,,,,Saudi Arabia,
,,جدة الأولى,,,,,,Saudi Arabia,
,,مكتب بوابة الامداد للخدمات التجارية,,,,,,Saudi Arabia,
,,Abdullah Fouad Factory for Oil and Gas Equipment,,,,,,Saudi Arabia,
,,مصنع حامل المسك للعطور ومستحضرات التجميل,,,,,,Saudi Arabia,
,,Saudi Pump Factory,,,,,,Saudi Arabia,
,,الرياض الثانية,,,,,,Saudi Arabia,
,,مصنع الغربية للكرتون,,,,,,Saudi Arabia,
,,مصنع الراجحي لأنابيب الري وحصائر القش,,,,,,Saudi Arabia,
,,مصنع احمد جمعه الأبرص للتحف والهدايا,,,,,,Saudi Arabia,
,,مصنع الطائر الأبيض للصناعات البلاستيكية,,,,,,Saudi Arabia,
,,Riydah Factory for the Production of Polypropylene bags,,,,,,Saudi Arabia,
,,الرياض الثانية,,,,,,Saudi Arabia,
,,مصنع طابه للتمور,,,,,,Saudi Arabia,
,,شركة بيركفيلد فلتر السعودية المحدودة,,,,,,Saudi Arabia,
,,الشركة السعودية للصناعات الغذائية,,,,,,Saudi Arabia,
,,مصنع اسدام العالمية للمنتجات المعدنية,,,,,,Saudi Arabia,
,,شركة الأول للاتصالات والصناعة,,,,,,Saudi Arabia,
,,مصنع حسين صدقه أبونار للطحينه والحلاوه الطحينيه,,,,,,Saudi Arabia,
,,مصنع الثمرة للقوارير الزجاجية,,,,,,Saudi Arabia,
,,مصنع أحمد عواد الجوفي لمنتجات البلاستيك,,,,,,Saudi Arabia,
,,مصنع شركة الخياط للحديد والصلب,,,,,,Saudi Arabia,
,,مصنع علي عبدالوهاب الفايز للكيماويات,,,,,,Saudi Arabia,
,,مصنع الاجادة للبلك والخرسانة الجاهزة,,,,,,Saudi Arabia,
,,مصنع بديع العوران للعبوات الكرتونية,,,,,,Saudi Arabia,
,,مصنع سدر الخليج لعطور,,,,,,Saudi Arabia,
,,مصنع محمد عزوز الجزائري للتعبئة والتغليف,,,,,,Saudi Arabia,
,,Saqifet Al-Maqar Company,,,,,,Saudi Arabia,
,,مصنع بيرق الشرق المنتجات الالمنيوم والحديد,,,,,,Saudi Arabia,
,,شركة مؤسسة الفضل بن لادن جي & بي,,,,,,Saudi Arabia,
,,مصنع جمعية الحبوب والعلاف التعاونية لصناعة الأعلاف الحيوانية,,,,,,Saudi Arabia,
,,شركة الصناعات السريعة للعبوات الغذائية,,,,,,Saudi Arabia,
,,مصنع فارس عماش الحربي لمواد التغليف والكرتون,,,,,,Saudi Arabia,
,,فرع الشركة السعودية الأساسية للصناعات المتطورة المحدودة,,,,,,Saudi Arabia,
,,مصنع الكعكي للأثاث الخشبي,,,,,,Saudi Arabia,
,,Medical Disposables Factory,,,,,,Saudi Arabia,
,,Sar Plastic Factory,,,,,,Saudi Arabia,
,,مصنع الفيحاء العالمية للأثاث والمستلزمات الطبية,,,,,,Saudi Arabia,
,,مصنع ياسر خميس سويدان للبلاستيك,,,,,,Saudi Arabia,
,,مصنع علي جبريل كحيل للأثاث الخشبي,,,,,,Saudi Arabia,
,,Mansour Mishaan Al-Ofan Factory for Food Products,,,,,,Saudi Arabia,
,,مصنع عواد عقلا الجوفي لانتاج حديد التسلي,,,,,,Saudi Arabia,
,,مصنع علي راشدالشهراني لزيوت التشحيم,,,,,,Saudi Arabia,
,,Mohammed Abdullah Ramadan Aluminium Factory Co.,,,,,,Saudi Arabia,
,,مصنع شركة مدماك العالمية للزيوت والشحوم الصناعية,,,,,,Saudi Arabia,
,,مصنع صافكو للبلاستيك,,,,,,Saudi Arabia,
,,مصنع شركة البنات الأربعة لاسطوانات الليزر وأشرطة التسجيل,,,,,,Saudi Arabia,
,,مصنع الشركة المفضلة الصحية التجارية,,,,,,Saudi Arabia,
,,مصنع جود البحار للثلج,,,,,,Saudi Arabia,
,,مصنع أحمد عمر الحضرمي للصناعات الغذائية,,,,,,Saudi Arabia,
,,مصنع أمانى محمد الخزان للعطورات ومستحضرات التجميل,,,,,,Saudi Arabia,
,,مؤسسة تكنولوجيا الصناعات,,,,,,Saudi Arabia,
,,مصنع اسامة عمر مرعى الحضرمى لمنتجات الالبان,,,,,,Saudi Arabia,
,,شركة مصنع المدينة للحلاوة الطحينية,,,,,,Saudi Arabia,
,,مصنع سلطانة الخليج للبلوك والخرسانة الجاهزة,,,,,,Saudi Arabia,
,,مصنع أحمد رشدى للصناعات المعدنيه,,,,,,Saudi Arabia,
,,مصنع العائلة السعودية للالبان - الدفواء,,,,,,Saudi Arabia,
,,Al-Jouda Al-Motakadema Factory for Aluminium,,,,,,Saudi Arabia,
,,شركة ميجا العربية للصناعة و الخدمات المحدودة,,,,,,Saudi Arabia,
,,شركة الشرق الأوسط لمكيفات الهواء المحدودة,,,,,,Saudi Arabia,
,,مصنع فوزي عبد الله النهدي لمستحضرات العناية بالجسم,,,,,,Saudi Arabia,
,,مصنع الخيري للاغذية,,,,,,Saudi Arabia,
,,"Branch of   Legrand Saudi Industries Co., Ltd. Factory",,,,,,Saudi Arabia,
,,Dallah Pharma Factory,,,,,,Saudi Arabia,
,,مصنع سيف راكان الديحاني للبلوك,,,,,,Saudi Arabia,
,,مصنع الصروح الطبيه,,,,,,Saudi Arabia,
,,شركة سالم علي الحبشي وشريكه لصناعة الجرانيت,,,,,,Saudi Arabia,
,,Ard Al-Gadi Factory for Foodstuffs,,,,,,Saudi Arabia,
,,مصنع عبدالله النهابي للمنتجات المعدنية,,,,,,Saudi Arabia,
,,مصنع عبدالله سلامه العطوي للأثاث الخشبي,,,,,,Saudi Arabia,
,,مصنع دهانات الخليج,,,,,,Saudi Arabia,
,,مصنع خيرات المروه للصناعات الغذائية,,,,,,Saudi Arabia,
,,شركة العليان كمبرلي كلارك العربية,,,,,,Saudi Arabia,
,,مصنع عوازل ومصافي النفط,,,,,,Saudi Arabia,
,,مصنع صلاح الدين الحازمي للتمور,,,,,,Saudi Arabia,
,,مصنع مزيل للمنظفات,,,,,,Saudi Arabia,
,,مصنع سالم محمد العوبثاني لألياف البوليستر,,,,,,Saudi Arabia,
,,المصنع الوطني لطفايات الحريق ومستلزماتها,,,,,,Saudi Arabia,
,,مصنع محمد أحمد الرويلي لمنتجات الأعلاف,,,,,,Saudi Arabia,
,,مصنع خالد محمد سعيد الشيخ لتعبئه و تغليف المواد الغذائيه,,,,,,Saudi Arabia,
,,فرع شركة الرواد للصناعات الطبية,,,,,,Saudi Arabia,
,,مصنع لنا السعودية للأثاث الخشبي والديكورات,,,,,,Saudi Arabia,
,,Mohamed Al-Aly Al-Khodair & Sons Co. Factory for Road Signs,,,,,,Saudi Arabia,
,,مصنع عبدالله احمد الغروي للالعاب الترفيهية,,,,,,Saudi Arabia,
,,الشركة الوطنية للوازم الاطفال,,,,,,Saudi Arabia,
,,Asak for Plastic Products,,,,,,Saudi Arabia,
,,مصنع سعد عبدالرحمن القرني لتدوير الاطارات والمطاط,,,,,,Saudi Arabia,
,,مصنع لافيندر لمنتجات ومستحضرات التجميل,,,,,,Saudi Arabia,
,,مصنع صالح عبدالله المديفر لمواد البناء,,,,,,Saudi Arabia,
,,مصنع شركة الخدمات السبع للمنتجات الغذائية,,,,,,Saudi Arabia,
,,مصنع ثلج سدير للثلج,,,,,,Saudi Arabia,
,,شركة مصنع الحجاز للبلاستيك,,,,,,Saudi Arabia,
,,مصنع منارة الأبراج للمشغولات الحديدية,,,,,,Saudi Arabia,
,,شركة بندر الخليج,,,,,,Saudi Arabia,
,,Riyadh Metal Industries Factory,,,,,,Saudi Arabia,
,,Services World Factory for Iron Formation,,,,,,Saudi Arabia,
,,شركة الخليج لصناعات التغليف المحدودة,,,,,,Saudi Arabia,
,,مؤسسة جميل أحمد آل ثنيان للمقاولات العامة,,,,,,Saudi Arabia,
,,Oolderla Industrial Co. Ltd.,,,,,,Saudi Arabia,
,,شركة ماكول الدولية المحدودة,,,,,,Saudi Arabia,
,,مصنع الأمة العالمية للحديد,,,,,,Saudi Arabia,
,,جدة الأولى,,,,,,Saudi Arabia,
,,مصنع زيتون الجوف الزراعية للزيتون,,,,,,Saudi Arabia,
,,مصنع الزامل للبلاستيك,,,,,,Saudi Arabia,
,,Aseeb Factory for Paints and Pastes,,,,,,Saudi Arabia,
,,Excellent Food Factory,,,,,,Saudi Arabia,
,,Al-Anaya Al-Wahida Factory for Plastic Products,,,,,,Saudi Arabia,
,,مصنع الحرف الذهبي للأعمال الفنية والمعدن,,,,,,Saudi Arabia,
,,Foam Trading Co. for Producing Industrial Timber,,,,,,Saudi Arabia,
,,"Johaina Factory Co. for Spring Mattresses, Sponge and Latex Industry",,,,,,Saudi Arabia,
,,مصنع البواردي لانظمة الخرسانة,,,,,,Saudi Arabia,
,,مصنع روبسون السعودي لمحركات الديزل,,,,,,Saudi Arabia,
,,Zamil Air Conditioners and Home Appliances Factory,,,,,,Saudi Arabia,
,,مصنع خالد عبدالرحمن السعيد للسبائك الحدي,,,,,,Saudi Arabia,
,,مصنع طاقة البلاستيك,,,,,,Saudi Arabia,
,,Ehteraf Factory for Auxiliary Chemicals,,,,,,Saudi Arabia,
,,مؤسسة محمد بن صالح بانعيم للتجارة,,,,,,Saudi Arabia,
,,شركة الشرق الاوسط للطاقة المحدودة,,,,,,Saudi Arabia,
,,مصنع موريس الشرقية للرافعات,,,,,,Saudi Arabia,
,,الشركة العربية لتلبيس الاطارات,,,,,,Saudi Arabia,
,,Al Sharq Cement Products Factory,,,,,,Saudi Arabia,
,,مصنع البترجي لفرامل السيارات واسطوانات الدبرياج,,,,,,Saudi Arabia,
,,Fal Development Factory for Blocks and Ready-mix Concrete,,,,,,Saudi Arabia,
,,Saad Ahmed Al-Ghamdi Factory for Foodstuff Packing,,,,,,Saudi Arabia,
,,Mohamed Nasser Al-faridy Factory for Plastic Bottles,,,,,,Saudi Arabia,
,,مصنع بترو دلتا لانتاج الزيوت المعاد تكريرها,,,,,,Saudi Arabia,
,,مصنع حسين صالح العمودي وشركاه للمنتجات,,,,,,Saudi Arabia,
,,Petra Pillars Factory for Cement Products,,,,,,Saudi Arabia,
,,مصنع هشام يوسف المدني للمنظفات والاجهزة الكهربائية,,,,,,Saudi Arabia,
,,مصنع بندر غزاى سهيل القرشي للمنتجات الحديدية,,,,,,Saudi Arabia,
,,مصنع رعاية الحيوان للادوية البيطرية,,,,,,Saudi Arabia,
,,مصنع سوارات للمفارش,,,,,,Saudi Arabia,
,,مصنع صخور نجد للرخام والحجر والجرانيت الطبيعي,,,,,,Saudi Arabia,
,,مصنع الحامدين لصناعة الالمنيوم,,,,,,Saudi Arabia,
,,شركة الكابلات السعودية,,,,,,Saudi Arabia,
,,مصنع المصاعد الكهربائية,,,,,,Saudi Arabia,
,,Block Taba Factory for Bricks and Cement Products,,,,,,Saudi Arabia,
,,Al-Nokhba Developed Factory for Plastic Industries,,,,,,Saudi Arabia,
,,مصنع انوار الانصار لتعبئة وتغليف التمور ومشتقاتها,,,,,,Saudi Arabia,
,,Mounira Ali Said Al-Merbaie Factory for Plastic Industries,,,,,,Saudi Arabia,
,,مصنع عبدالعزيز حمد البكيرى للثلج,,,,,,Saudi Arabia,
,,مصنع فاكهة الشتاء للدفايات ومصائد الحشرات,,,,,,Saudi Arabia,
,,مصنع جوهرة المفارش للمفروشات,,,,,,Saudi Arabia,
,,مصنع نمارق الأخوين للمياه,,,,,,Saudi Arabia,
,,Middle East Plastic Cards Factory Co. Ltd.,,,,,,Saudi Arabia,
,,مصنع الجاروشه لانتاج السيور الناقلة,,,,,,Saudi Arabia,
,,مصنع باسهل لمستحضرات التجميل والمنظفات,,,,,,Saudi Arabia,
,,شركة راتنجات السعودية المحدوده,,,,,,Saudi Arabia,
,,مصنع المنيوم المجدوعي,,,,,,Saudi Arabia,
,,مصنع أحمد عبدالخالق سعيد للمواد البلاستيكية,,,,,,Saudi Arabia,
,,وكالة فرسان للسفر والسياحة,,,,,,Saudi Arabia,
,,مؤسسة هداياكم للتجارة,,,,,,Saudi Arabia,
,,Asal Tiba Factory,,,,,,Saudi Arabia,
,,Abdul Karim Abdullah Al-Odwani Syringes Factory,,,,,,Saudi Arabia,
,,المصنع العربي للحلويات والشكولاتة,,,,,,Saudi Arabia,
,,مؤسسة الكنفاني الأصلي للكنافة,,,,,,Saudi Arabia,
,,مصنع صالح على العقلا للأسمدة,,,,,,Saudi Arabia,
,,Al-Jazeeri Factory for Cleaning Cloths,,,,,,Saudi Arabia,
,,الأحساء الأولى,,,,,,Saudi Arabia,
,,مصنع فوزية عطية الله العمري للمواد الغذائية,,,,,,Saudi Arabia,
,,مصنع الجبلين للمنتجات الاسمنتية,,,,,,Saudi Arabia,
,,Gulf Health and Beauty Care Products Factory,,,,,,Saudi Arabia,
,,Saudi Industrial Refreshments  Factory,,,,,,Saudi Arabia,
,,Diaa Eldin Abdul Qader Mohamed Hasrat Factory for Metal Doors,,,,,,Saudi Arabia,
,,مصنع الفوزان للرديترات,,,,,,Saudi Arabia,
,,مصنع عبد الناصر ابراهيم الغامدي للصناعات المعدنية,,,,,,Saudi Arabia,
,,مصنع عبدالعزيز صالح الصييفي للفلين,,,,,,Saudi Arabia,
,,مصنع زهرة الرائد للبلاستيك,,,,,,Saudi Arabia,
,,مصنع محمد حامد محمد لصناعة الطوافات,,,,,,Saudi Arabia,
,,مصنع الخليجيون للمطابخ,,,,,,Saudi Arabia,
,,مصنع المنايح للمياه المعباة,,,,,,Saudi Arabia,
,,Al Alamein Foam Factory,,,,,,Saudi Arabia,
,,المصنع السعودي للخلطات الجافة,,,,,,Saudi Arabia,
,,شركة دان المتحده للري والرش المحدودة,,,,,,Saudi Arabia,
,,مصنع بشائر المستقبل لزيوت التشحيم,,,,,,Saudi Arabia,
,,مصنع فرج حسن أبو البر لصناعة العبوات,,,,,,Saudi Arabia,
,,Building Materials Company for Metal Industries,,,,,,Saudi Arabia,
,,(حساب تجريبي),,,,,,Saudi Arabia,
,,مصنع عبدالله محمود احمد للمنتجات الحديديه,,,,,,Saudi Arabia,
,,شركة سالينا المحدودة,,,,,,Saudi Arabia,
,,مصنع دار البارد لوسائط التبريد,,,,,,Saudi Arabia,
,,مؤسسة مريع علي مريع ابودبيل للبلاط والرخام,,,,,,Saudi Arabia,
,,Al-Hassania Sponge Factory,,,,,,Saudi Arabia,
,,مصنع المصلح للأكسجين,,,,,,Saudi Arabia,
,,شركة الفيحاء للتنمية والاستثمار العقاري,,,,,,Saudi Arabia,
,,مصنع الأختيار الأمثل للعوازل الأسفلتية,,,,,,Saudi Arabia,
,,مصنع أحمد حمدان الشهري لانتاج معجون العسل,,,,,,Saudi Arabia,
,,شركه مصنع عبد الله ناصر العودان واولاده الصناعيه للبلاستك والقوالب,,,,,,Saudi Arabia,
,,مصنع قوارب الخليج للفيبرجلاس,,,,,,Saudi Arabia,
,,مصنع غوز للغازات الصناعييه,,,,,,Saudi Arabia,
,,وكالة عباقر للخدمات البريدية,,,,,,Saudi Arabia,
,,مصنع ريبال للمنتجات الطبية,,,,,,Saudi Arabia,
,,مصنع الرمال الساخنة للمنتجات الزجاجية والكريستال,,,,,,Saudi Arabia,
,,شركة الطفل السعيد,,,,,,Saudi Arabia,
,,شركة مصنع الاسفنج الوطني المحدودة,,,,,,Saudi Arabia,
,,مصنع خلف ساير ربيع للمنتجات الغذائية,,,,,,Saudi Arabia,
,,Zahban Company for Marble,,,,,,Saudi Arabia,
,,Waha Bathan Al-Khadra Factory for Foodstuffs,,,,,,Saudi Arabia,
,,مصنع محمد سعيد الرصيص للمفارش والمخدات,,,,,,Saudi Arabia,
,,Mohamed bin Moaidh Al-Meslet Factory for Refrigerators and Freezers,,,,,,Saudi Arabia,
,,مصنع عبدالله علي ال قماش للاثاث الخشبي,,,,,,Saudi Arabia,
,,الغرفة التجارية الصناعية بالرياض,,,,,,Saudi Arabia,
,,مصنع تكنولوجيا البركه للوحات التوزيع و التحكم الكهربائيه,,,,,,Saudi Arabia,
,,مصنع فيصل محمد آل شيبان لإنتاج زيوت المحركات,,,,,,Saudi Arabia,
,,مصنع شركة معمار الحجاز لمواد البناء,,,,,,Saudi Arabia,
,,مصنع رمز المستقبل للخرسانة الجاهزة,,,,,,Saudi Arabia,
,,مؤسسة عبدالله احمد عبدالاله الدويش للتجارة,,,,,,Saudi Arabia,
,,شركة أفلاك للصناعات الإلكترونية,,,,,,Saudi Arabia,
,,مصنع اراكان التعليم للوسائل التعليمية والمدرسية,,,,,,Saudi Arabia,
,,مصنع الملحم للبلاستيك,,,,,,Saudi Arabia,
,,مصنع شركة باقر عبدالله سلمان القطان وأولاده,,,,,,Saudi Arabia,
,,مصنع محمد بن معيض ال مسلط للثلاجات والبرادات,,,,,,Saudi Arabia,
,,مصنع بيت الشمائل للمستحضرات والمستلزمات الطبية,,,,,,Saudi Arabia,
,,مصنع صالح إبراهيم الدخيل للأثاث  والأبواب الخشبية,,,,,,Saudi Arabia,
,,مصنع حسن عثمان الغامدى للمنتجات الاسمنتية,,,,,,Saudi Arabia,
,,Asaad Said Company Factory for Prefabricated Concrete Parts,,,,,,Saudi Arabia,
,,مصنع شركة ثروات لصفائح الالمنيوم المدهونة لتلبيس واجهات المباني,,,,,,Saudi Arabia,
,,مصنع نذير محمد الجشي للزجاج,,,,,,Saudi Arabia,
,,شركة سهل الفتح لتصنيع الاغطية,,,,,,Saudi Arabia,
,,المصنع العالمي للكواشف والمحاليل المخبرية,,,,,,Saudi Arabia,
,,مصنع عبدالرحمن صالح الدخيل لأبواب الكراجات,,,,,,Saudi Arabia,
,,مؤسسة مطعم الهدى لتقديم الوجبات ( أكشاك ),,,,,,Saudi Arabia,
,,مصنع شركة عمران محمد العمران وشركاه المحدودة للمنتجات الغذائية,,,,,,Saudi Arabia,
,,شركة زياد الحيلة وعبدالله المطرفي الصناعية,,,,,,Saudi Arabia,
,,Suleiman Ali El-Arini Factory for Metal Industries,,,,,,Saudi Arabia,
,,"Jotun Saudia Paints Factory Co., Ltd.",,,,,,Saudi Arabia,
,,مصنع الشائع لإنتاج البلوك,,,,,,Saudi Arabia,
,,مصنع محمد حميد الحربي لتصنيع التمور,,,,,,Saudi Arabia,
,,مصنع المستحضرات الدوائية والحيوية,,,,,,Saudi Arabia,
,,المركز الوطني للسلامة الصناعية,,,,,,Saudi Arabia,
,,شركة معن بن حمد الجاسر وشركاه للخزائن الخشبية,,,,,,Saudi Arabia,
,,شركة بيانات الأولى لخدمات الشبكات,,,,,,Saudi Arabia,
,,Lubricants Mixing Factory,,,,,,Saudi Arabia,
,,مصنع محمد احمد العباس للمجوهرات والبخور والعطور البلاستيكية روائع العلب,,,,,,Saudi Arabia,
,,Nazih Attia Al Mazroui Factory for Metal Furniture,,,,,,Saudi Arabia,
,,Al-Baraka Factory for the Production of Quilts and Pillows,,,,,,Saudi Arabia,
,,جدة الثانية,,,,,,Saudi Arabia,
,,مصنع الراجحي للألمنيوم,,,,,,Saudi Arabia,
,,مصنع برجس محمد الناصر للبلاستيك,,,,,,Saudi Arabia,
,,مصنع المنيوم الرياض,,,,,,Saudi Arabia,
,,مصنع اسس المستحضرات الطبية,,,,,,Saudi Arabia,
,,مؤسسة فهد مطلق الخييلي للمقاولات العامة,,,,,,Saudi Arabia,
,,Al-Madakhin Global Factory,,,,,,Saudi Arabia,
,,مصنع واص للمواد الانشائية,,,,,,Saudi Arabia,
,,مصنع الماسة للدهنات,,,,,,Saudi Arabia,
,,مصنع علي راشد الشهراني لزيوت التشحيم,,,,,,Saudi Arabia,
,,مصنع شركه محمد سعد محمد الغريري الدوسري واخوانه للمنتجات المواد الصيدلانيه,,,,,,Saudi Arabia,
,,فضل علي صالح,,,,,,Saudi Arabia,
,,مصنع محمد صالح الخريف لتجهيز وتجميد الخضار والفواكه,,,,,,Saudi Arabia,
,,مصنع جدف لمسبوكات الدكتايل,,,,,,Saudi Arabia,
,,مصنع رتاج الدار للغازات الصناعيه,,,,,,Saudi Arabia,
,,المصنع العربي للبتونايت,,,,,,Saudi Arabia,
,,مصنع نايف ناصر العصيمي لانتاج حديد التسليح,,,,,,Saudi Arabia,
,,مصنع فيصل مرشد الشعلان للبلاستيك,,,,,,Saudi Arabia,
,,مصنع سهم النظم لبطاريات الحاسب الآلي المحمول,,,,,,Saudi Arabia,
,,مصنع نجمة المعادن,,,,,,Saudi Arabia,
,,مصنع شركة عبدالخالق درويش وشركاه لتعبة وتغليف المواد الغذائية,,,,,,Saudi Arabia,
,,شركة عبدالله محمد بن سعيدان وأولاده العق,,,,,,Saudi Arabia,
,,الشركة الوطنية لصناعة البسكويت والحلويات,,,,,,Saudi Arabia,
,,مؤسسة الفطيرة المميزة,,,,,,Saudi Arabia,
,,مصنع دار السلال لتعبئة المواد الغذائية,,,,,,Saudi Arabia,
,,المصنع  السعودي الغذائي الحديث,,,,,,Saudi Arabia,
,,مكتب روابط السعودية للأعمال التجارية,,,,,,Saudi Arabia,
,,شركة المنتجات الورقية,,,,,,Saudi Arabia,
,,مصنع الحسيكي لماء الرديتر,,,,,,Saudi Arabia,
,,مصنع المدرى لانتاج غاز النيتروجين,,,,,,Saudi Arabia,
,,مصنع شركة مرساف لتعبئة المواد الغذائية وانتاج الحلويات,,,,,,Saudi Arabia,
,,مشروع سوق مركزي - الحنايا,,,,,,Saudi Arabia,
,,الشركة السعودية لصناعة قطع غيار المضخات,,,,,,Saudi Arabia,
,,مصنع ماس للدهانات,,,,,,Saudi Arabia,
,,مصنع البشير للمنتجات الطبية,,,,,,Saudi Arabia,
,,شركة المجال سيد الخدمات,,,,,,Saudi Arabia,
,,مصنع دفا للسخانات الفورية والعوامات الكهربائية,,,,,,Saudi Arabia,
,,شركة الأعمال الفولاذية(فولاذ),,,,,,Saudi Arabia,
,,مصنع السعوديون الاوائل للغازات الصناعية,,,,,,Saudi Arabia,
,,Dania Saudi  Industrial Company Limited,,,,,,Saudi Arabia,
,,شركة مصنع الأنهار للمياه المحدودة,,,,,,Saudi Arabia,
,,المؤسسة الأقليمية لمشتقات البترول,,,,,,Saudi Arabia,
,,مصنع الاستراتيجية الأولى للتكييف والتبريد,,,,,,Saudi Arabia,
,,مصنع تداكو للصناعات الكيماوية,,,,,,Saudi Arabia,
,,مؤسسة عبدالله عبدالرحمن التركي التجارية,,,,,,Saudi Arabia,
,,مصنع القمة لتلبيس الاطارات,,,,,,Saudi Arabia,
,,مصنع مكيفات وبرادات الجزيرة,,,,,,Saudi Arabia,
,,مصنع على معتوق البلادي لصناعات المعدنية,,,,,,Saudi Arabia,
,,مصنع تاج طيبة للبلاستيك,,,,,,Saudi Arabia,
,,مصنع محمد عبدارحمن العمري لأحبار الطباعة,,,,,,Saudi Arabia,
,,مصنع أمريكانا لمنتجات البطاطس,,,,,,Saudi Arabia,
,,الشركة المتحدة للصناعات الكهربائية المحدودة - العجيمي,,,,,,Saudi Arabia,
,,مصنع النسق للأعمال الهندسية,,,,,,Saudi Arabia,
,,مصنع ابراهيم عبدالرحمن الغنام لاعادة تدوير الزيوت,,,,,,Saudi Arabia,
,,مؤسسة سندس الرياض (المطعم),,,,,,Saudi Arabia,
,,مصنع شركة أسكاب للصناعات الهندسية,,,,,,Saudi Arabia,
,,مصنع شركة البحرين لصناعة المطاط,,,,,,Saudi Arabia,
,,مصنع بنداق للمشغولات الخشبية,,,,,,Saudi Arabia,
,,شركة المصنع الحديث للمنتجات الحديدية,,,,,,Saudi Arabia,
,,مصنع خالد منصور احمد بديري للحجر الصناعي,,,,,,Saudi Arabia,
,,مصنع رواوه للتقنيه,,,,,,Saudi Arabia,
,,مصنع الدهلوى للابواب والشبابيك العازله,,,,,,Saudi Arabia,
,,مصنع فضة حامد المرعشي للبلاستيك,,,,,,Saudi Arabia,
,,مصنع سعود عبدالحميد القرشي لتكرير الملح,,,,,,Saudi Arabia,
,,شركة نوفو فالت العربيه السعوديه المحدوده,,,,,,Saudi Arabia,
,,مصنع شركة واجهات لأنظمة البناء,,,,,,Saudi Arabia,
,,شركة صروح العالمية للاستثمار والتطوير العقاري,,,,,,Saudi Arabia,
,,مصنع القوالب وطلاء المعادن بالكروم والنيكل,,,,,,Saudi Arabia,
,,Packing & Packaging Solutions Factory,,,,,,Saudi Arabia,
,,مصنع أغذية الاطفال الوطني,,,,,,Saudi Arabia,
,,مصنع الاحساء للشبك الخرساني (شبك),,,,,,Saudi Arabia,
,,شركة تصنيع المفروشات والبوليستر,,,,,,Saudi Arabia,
,,مصنع إنشاء الجزيرة للمكيفات والمصاعد,,,,,,Saudi Arabia,
,,مصنع احمد على اللحيدان للمنتجات الحديدية,,,,,,Saudi Arabia,
,,مستشفى عبيد التخصصي,,,,,,Saudi Arabia,
,,شركة سيجما المتطورة للحلول الفنية المحدودة,,,,,,Saudi Arabia,
,,المصنع الخليجي الوطني للمحولات والمفاتيح الكهربائية,,,,,,Saudi Arabia,
,,مصنع سعيد عبدالله الشهراني للبلاستيك,,,,,,Saudi Arabia,
,,مصنع ريفة للقوالب والمعدات الصناعية,,,,,,Saudi Arabia,
,,مصنع اركان البادية للبراميل,,,,,,Saudi Arabia,
,,مصنع ابراهيم العليقي للاسمدة الزراعية العضوية مخصبات,,,,,,Saudi Arabia,
,,شركة الجزيره للأجهزة المنزلية المحدودة,,,,,,Saudi Arabia,
,,معمل ملتقى الحلول للمذيبات الكيميائية,,,,,,Saudi Arabia,
,,شركة مصنع القصيم للأقمشة المحدودة,,,,,,Saudi Arabia,
,,مؤسسة الإشراق العربي,,,,,,Saudi Arabia,
,,مصنع عبدالرحن الخضير للمنتجات المعدنية ولالمنيوم,,,,,,Saudi Arabia,
,,مصنع شركة هاشم احسان رمضان للحلويات والشوكلاته,,,,,,Saudi Arabia,
,,مصنع مملكة الأدوية البيطرية,,,,,,Saudi Arabia,
,,مصنع شركة درر البحر الأحمر للرخام الصناعي,,,,,,Saudi Arabia,
,,مصنع عبدالله جعفر الشهري للمنتجات الاسمنتية,,,,,,Saudi Arabia,
,,مصنع وادي النحل للمنتجات الغذائية,,,,,,Saudi Arabia,
,,مصنع السجال سيد الخدمات للبلوك والخرسانة الجاهزة,,,,,,Saudi Arabia,
,,شركة أوراق الجزيرة,,,,,,Saudi Arabia,
,,شركة أسعد ومحمد رضوان الدواليبي لسكب وتشكيل المعادن,,,,,,Saudi Arabia,
,,مصنع محمد سعيد ال قوت للدهانات,,,,,,Saudi Arabia,
,,مصنع نقاء الشلال لتعبئة المياه والمرطبات,,,,,,Saudi Arabia,
,,مصنع ابراهيم ظفير الشهراني للاعلاف,,,,,,Saudi Arabia,
,,مصنع ملاك الريم لانتاج المواد العازلة,,,,,,Saudi Arabia,
,,مؤسسة عبدالله بن عبدالعزيز الراجحي للنقل,,,,,,Saudi Arabia,
,,مصنع دروب الأمجاد للأثاث الخشبي والمعدني,,,,,,Saudi Arabia,
,,مصنع الخفرة للرخام والبلاط  والمواد العازلة,,,,,,Saudi Arabia,
,,مصنع الضواحي للرخام والجرانيت,,,,,,Saudi Arabia,
